dpkts,doctets,srcaddr,dstaddr,input,output,srcport,dstport,prot,tos,tcp_flags,Label
0.0,0.0032458750338111974,0.8432249004005901,0.054809303952430555,0.0,0.0,0.632828382188996,0.006904355812122802,1.0000000000000002,0.0,0.6153846153846154,0
0.06451612903225806,0.03137679199350825,0.8432249004005901,0.054809303952430555,0.0,0.0,0.6329595383303823,0.006904355812122802,1.0000000000000002,0.0,0.6153846153846154,0
0.0,0.0032458750338111974,0.8432249004005901,0.7923319437752597,0.0,0.0,0.7380483966161715,0.006904355812122802,1.0000000000000002,0.0,0.6153846153846154,0
0.0,0.0032458750338111974,0.8432249004005901,0.7923212099901884,0.0,0.0,0.9488163158239884,0.006904355812122802,1.0000000000000002,0.0,0.6153846153846154,0
0.03225806451612903,0.017311333513659724,0.8432249004005901,0.7923319437752597,0.0,0.0,0.7378516624040921,0.006904355812122802,1.0000000000000002,0.0,0.6153846153846154,0
0.0,0.020557208547470923,0.8432249004005901,0.7923319434987369,0.0,0.0,0.7287363105777428,0.006904355812122802,1.0000000000000002,0.0,0.9230769230769231,0
0.0,0.0032458750338111974,0.8432249004005901,0.05480929786892921,0.00018402367771319823,0.00018402367771319823,0.5454456029903599,0.006904355812122802,1.0000000000000002,0.0,0.6153846153846154,0
0.0,0.0032458750338111974,0.8432249004005901,0.054809305611567286,0.00018402367771319823,0.00018402367771319823,0.7013574660633484,0.006904355812122802,1.0000000000000002,0.0,0.6153846153846154,0
0.06451612903225806,0.03137679199350825,0.8432249004005901,0.054809305611567286,0.00018402367771319823,0.00018402367771319823,0.7017509344875074,0.006904355812122802,1.0000000000000002,0.0,0.6153846153846154,0
0.0,0.005409791723018665,0.8432249009572502,0.05480929925154315,0.00018402367771319823,0.00018402367771319823,0.6907993966817496,0.006904355812122802,1.0000000000000002,0.0,0.07692307692307693,0
0.0,0.14308899107384365,0.8432249004005901,0.9935812855677212,0.00018402367771319823,0.00018402367771319823,0.8631713554987211,0.006904355812122802,1.0000000000000002,0.0,0.9230769230769231,0
0.0,0.0032458750338111974,0.8432249009572502,0.05480929925154315,0.00018402367771319823,0.00018402367771319823,0.6910289199291756,0.006904355812122802,1.0000000000000002,0.0,0.6153846153846154,0
0.0,0.14308899107384365,0.8432249009572502,7.502395072404161e-05,0.00018402367771319823,0.00018402367771319823,0.872089973112991,0.006904355812122802,1.0000000000000002,0.0,0.9230769230769231,0
0.03225806451612903,0.017311333513659724,0.8432249006789202,0.054809303952430555,0.00018402367771319823,0.00018402367771319823,0.7835595776772247,0.006904355812122802,1.0000000000000002,0.0,0.6153846153846154,0
0.03225806451612903,0.017311333513659724,0.8432249009572502,0.054809303952430555,0.00018402367771319823,0.00018402367771319823,0.8237589350121319,0.006904355812122802,1.0000000000000002,0.0,0.6153846153846154,0
0.0967741935483871,0.045442250473356774,0.8432249009572502,0.054809303952430555,0.00018402367771319823,0.00018402367771319823,0.8242507705423305,0.006904355812122802,1.0000000000000002,0.0,0.6153846153846154,0
0.0,0.005409791723018665,0.797423789465707,0.5759249705033349,0.00018402367771319823,0.00018402367771319823,0.007262771329267492,0.7974940960377853,1.0000000000000002,0.0,0.6923076923076923,0
0.0,0.0032458750338111974,0.8432249009572502,0.7923212133084618,0.00018402367771319823,0.00018402367771319823,0.8596957177519837,0.006904355812122802,1.0000000000000002,0.0,0.6153846153846154,0
0.0,0.005409791723018665,0.99999994377732,0.5759249705033349,0.00018402367771319823,0.00018402367771319823,0.007262771329267492,0.9816321175544476,1.0000000000000002,0.0,0.6923076923076923,0
0.03225806451612903,0.017311333513659724,0.8432249006789202,0.7923319437752597,0.00018402367771319823,0.00018402367771319823,0.8972063741884713,0.006904355812122802,1.0000000000000002,0.0,0.6153846153846154,0
0.0,0.14308899107384365,0.8432249006789202,0.7923212099901884,0.00018402367771319823,0.00018402367771319823,0.64266509279297,0.006904355812122802,1.0000000000000002,0.0,0.9230769230769231,0
0.0,0.0032458750338111974,0.8432249004005901,9.18699955066507e-05,0.00018402367771319823,0.00018402367771319823,0.8481211882746409,0.0009511939123589609,1.0000000000000002,0.0,0.6153846153846154,0
0.0,0.0,0.8432249004005901,0.4732917640294302,0.00018402367771319823,0.00018402367771319823,0.688504164207489,0.006904355812122802,1.0000000000000002,0.0,0.6153846153846154,0
0.0,0.0032458750338111974,0.8432249004005901,0.23418637316433213,0.00018402367771319823,0.00018402367771319823,0.9479638009049773,0.0009511939123589609,1.0000000000000002,0.0,0.6153846153846154,0
0.03225806451612903,0.017311333513659724,0.8432249004005901,0.23418637316433213,0.00018402367771319823,0.00018402367771319823,0.9480621680110171,0.0009511939123589609,1.0000000000000002,0.0,0.6153846153846154,0
0.06451612903225806,0.03137679199350825,0.8432249004005901,0.23418637316433213,0.00018402367771319823,0.00018402367771319823,0.9479965899403239,0.0009511939123589609,1.0000000000000002,0.0,0.6153846153846154,0
0.0,0.0032458750338111974,0.8432249004005901,0.23418637316433213,0.00018402367771319823,0.00018402367771319823,0.9481277460817102,0.0009511939123589609,1.0000000000000002,0.0,0.6153846153846154,0
0.0,0.0032458750338111974,0.8432249004005901,0.23418637316433213,0.00018402367771319823,0.00018402367771319823,0.9480949570463636,0.0009511939123589609,1.0000000000000002,0.0,0.6153846153846154,0
0.0,0.0032458750338111974,0.8432249006789202,0.23230896400153647,0.00018402367771319823,0.00018402367771319823,0.679749491769952,0.006904355812122802,1.0000000000000002,0.0,0.6153846153846154,0
0.0,0.0032458750338111974,0.8432249009572502,0.054809306441135644,0.00018402367771319823,0.00018402367771319823,0.8102170634139944,0.006904355812122802,1.0000000000000002,0.0,0.6153846153846154,0
0.0,0.14308899107384365,0.8432249009572502,0.05480929012629114,0.00018402367771319823,0.00018402367771319823,0.8953046101383697,0.006904355812122802,1.0000000000000002,0.0,0.9230769230769231,0
0.0,0.0032458750338111974,0.8432249009572502,0.054809306441135644,0.00018402367771319823,0.00018402367771319823,0.8101186963079545,0.006904355812122802,1.0000000000000002,0.0,0.6153846153846154,0
0.0,0.03732756288882878,0.8432249009572502,0.05480929012629114,0.00018402367771319823,0.00018402367771319823,0.8954029772444094,0.006904355812122802,1.0000000000000002,0.0,0.9230769230769231,0
0.0,0.0032458750338111974,0.8432249009572502,0.05480929012629114,0.00018402367771319823,0.00018402367771319823,0.8953701882090628,0.006904355812122802,1.0000000000000002,0.0,0.6538461538461539,0
0.0,0.0032458750338111974,0.8432249009572502,0.054809319714229476,0.00018402367771319823,0.00018402367771319823,0.7170634139943602,0.006904355812122802,1.0000000000000002,0.0,0.6153846153846154,0
0.03225806451612903,0.017311333513659724,0.8432249004005901,0.23415416904389047,0.00018402367771319823,0.00018402367771319823,0.7434585874483572,0.0009511939123589609,1.0000000000000002,0.0,0.6153846153846154,0
0.0,0.14308899107384365,0.8432249009572502,0.23544987823278926,0.00018402367771319823,0.00018402367771319823,0.5941373204800314,0.006904355812122802,1.0000000000000002,0.0,0.9230769230769231,0
0.0,0.0032458750338111974,0.8432249009572502,0.9935812750598553,0.00018402367771319823,0.00018402367771319823,0.7462456554528165,0.006904355812122802,1.0000000000000002,0.0,0.6153846153846154,0
0.06451612903225806,0.03137679199350825,0.8432249009572502,0.7923319437752597,0.00018402367771319823,0.00018402367771319823,0.8641550265591186,0.006904355812122802,1.0000000000000002,0.0,0.6153846153846154,0
0.0,0.0032458750338111974,0.8432249009572502,0.6928023425249723,0.00018402367771319823,0.00018402367771319823,0.6979801954226507,0.006904355812122802,1.0000000000000002,0.0,0.6153846153846154,0
0.03225806451612903,0.017311333513659724,0.8432249009572502,0.13449011522436638,0.00018402367771319823,0.00018402367771319823,0.6003672371958817,0.006904355812122802,1.0000000000000002,0.0,0.6153846153846154,0
0.0,0.0032458750338111974,0.8432249006789202,0.23230896400153647,0.00018402367771319823,0.00018402367771319823,0.6811266312545085,0.006904355812122802,1.0000000000000002,0.0,0.6153846153846154,0
0.0,0.11847443873410875,0.8432249004005901,0.7923212133084618,0.00018402367771319823,0.00018402367771319823,0.9877041117450324,0.006904355812122802,1.0000000000000002,0.0,0.9230769230769231,0
0.03225806451612903,0.017311333513659724,0.8432249004005901,2.68926707250889e-05,0.00018402367771319823,0.00018402367771319823,0.6498458915338711,0.006904355812122802,1.0000000000000002,0.0,0.6153846153846154,0
0.0,0.0032458750338111974,0.8432249006789202,0.7923319468170104,0.00018402367771319823,0.00018402367771319823,0.6340415764968195,0.006904355812122802,1.0000000000000002,0.0,0.6153846153846154,0
0.0,0.0032458750338111974,0.8432249004005901,0.23415416904389047,0.00018402367771319823,0.00018402367771319823,0.7433274313069709,0.0009511939123589609,1.0000000000000002,0.0,0.6153846153846154,0
0.12903225806451613,0.0595077089532053,0.8432249004005901,0.23415416904389047,0.00018402367771319823,0.00018402367771319823,0.7435241655190504,0.0009511939123589609,1.0000000000000002,0.0,0.6153846153846154,0
0.16129032258064516,0.07357316743305382,0.8432249004005901,0.23415416904389047,0.00018402367771319823,0.00018402367771319823,0.7428355957767722,0.0009511939123589609,1.0000000000000002,0.0,0.6153846153846154,0
0.0967741935483871,0.045442250473356774,0.8432249004005901,0.23415416904389047,0.00018402367771319823,0.00018402367771319823,0.7434913764837038,0.0009511939123589609,1.0000000000000002,0.0,0.6153846153846154,0
0.0967741935483871,0.045442250473356774,0.8432249004005901,0.05480930450547612,0.00018402367771319823,0.00018402367771319823,0.8449734408813692,0.006904355812122802,1.0000000000000002,0.0,0.6153846153846154,0
0.0,0.0032458750338111974,0.8432249009572502,0.24447722928732124,0.00018402367771319823,0.00018402367771319823,0.7271296478457603,0.006904355812122802,1.0000000000000002,0.0,0.6153846153846154,0
0.0,0.0032458750338111974,0.8432249009572502,0.15254283272937913,0.00018402367771319823,0.00018402367771319823,0.9669486523706472,0.006904355812122802,1.0000000000000002,0.0,0.6153846153846154,0
0.0,0.0032458750338111974,0.8432249009572502,0.054809311418545836,0.00018402367771319823,0.00018402367771319823,0.6709948193324152,0.006904355812122802,1.0000000000000002,0.0,0.6153846153846154,0
0.0,0.0,0.8432249009572502,0.23544987823278926,0.00018402367771319823,0.00018402367771319823,0.5946947340809233,0.006904355812122802,1.0000000000000002,0.0,0.15384615384615385,0
0.0,0.011631052204490127,0.8432249009572502,0.05480930450547612,0.00018402367771319823,0.00018402367771319823,0.927765755131484,0.006904355812122802,1.0000000000000002,0.0,0.9230769230769231,0
0.0,0.0032458750338111974,0.8432249004005901,0.23415416904389047,0.00018402367771319823,0.00018402367771319823,0.7435241655190504,0.0009511939123589609,1.0000000000000002,0.0,0.6153846153846154,0
0.03225806451612903,0.017311333513659724,0.8432249004005901,0.23415416904389047,0.00018402367771319823,0.00018402367771319823,0.7434585874483572,0.0009511939123589609,1.0000000000000002,0.0,0.6153846153846154,0
0.0,0.0032458750338111974,0.8432249004005901,0.23415416904389047,0.00018402367771319823,0.00018402367771319823,0.7428355957767722,0.0009511939123589609,1.0000000000000002,0.0,0.6153846153846154,0
0.03225806451612903,0.017311333513659724,0.8432249004005901,0.23415416904389047,0.00018402367771319823,0.00018402367771319823,0.7434913764837038,0.0009511939123589609,1.0000000000000002,0.0,0.6153846153846154,0
0.03225806451612903,0.017311333513659724,0.8432249004005901,0.23415416904389047,0.00018402367771319823,0.00018402367771319823,0.7434257984130106,0.0009511939123589609,1.0000000000000002,0.0,0.6153846153846154,0
0.0,0.0032458750338111974,0.8432249004005901,0.13449011522436638,0.00018402367771319823,0.00018402367771319823,0.8025116401075479,0.006904355812122802,1.0000000000000002,0.0,0.6153846153846154,0
0.0,0.0,0.8432249004005901,9.18699955066507e-05,0.00018402367771319823,0.00018402367771319823,0.8481211882746409,0.0009511939123589609,1.0000000000000002,0.0,0.15384615384615385,0
0.0,0.0032458750338111974,0.8432249004005901,0.23415416904389047,0.00018402367771319823,0.00018402367771319823,0.7428355957767722,0.0009511939123589609,1.0000000000000002,0.0,0.6153846153846154,0
0.03225806451612903,0.017311333513659724,0.8432249004005901,0.23415416904389047,0.00018402367771319823,0.00018402367771319823,0.7434257984130106,0.0009511939123589609,1.0000000000000002,0.0,0.6153846153846154,0
0.06451612903225806,0.03137679199350825,0.8432249004005901,0.23415416904389047,0.00018402367771319823,0.00018402367771319823,0.7434585874483572,0.0009511939123589609,1.0000000000000002,0.0,0.6153846153846154,0
0.03225806451612903,0.017311333513659724,0.8432249004005901,0.23415416904389047,0.00018402367771319823,0.00018402367771319823,0.74745884976064,0.0009511939123589609,1.0000000000000002,0.0,0.6153846153846154,0
0.0,0.0032458750338111974,0.8432249004005901,0.23415416904389047,0.00018402367771319823,0.00018402367771319823,0.7480490523968785,0.0009511939123589609,1.0000000000000002,0.0,0.6153846153846154,0
0.0,0.0032458750338111974,0.8432249004005901,0.23415416904389047,0.00018402367771319823,0.00018402367771319823,0.74745884976064,0.0009511939123589609,1.0000000000000002,0.0,0.6153846153846154,0
0.0,0.0,0.8432249004005901,0.23415416904389047,0.00018402367771319823,0.00018402367771319823,0.7480162633615318,0.0009511939123589609,1.0000000000000002,0.0,0.15384615384615385,0
0.0967741935483871,0.045442250473356774,0.8432249004005901,0.23415416904389047,0.00018402367771319823,0.00018402367771319823,0.7434257984130106,0.0009511939123589609,1.0000000000000002,0.0,0.6153846153846154,0
0.03225806451612903,0.017311333513659724,0.8432249004005901,0.23415416904389047,0.00018402367771319823,0.00018402367771319823,0.7434585874483572,0.0009511939123589609,1.0000000000000002,0.0,0.6153846153846154,0
0.0,0.0032458750338111974,0.8432249004005901,0.2347531754730124,0.00018402367771319823,0.00018402367771319823,0.7489343563512361,0.0009511939123589609,1.0000000000000002,0.0,0.6153846153846154,0
0.06451612903225806,0.03137679199350825,0.8432249004005901,0.23415416904389047,0.00018402367771319823,0.00018402367771319823,0.7433274313069709,0.0009511939123589609,1.0000000000000002,0.0,0.6153846153846154,0
0.0,0.0032458750338111974,0.8432249004005901,0.2347531754730124,0.00018402367771319823,0.00018402367771319823,0.7491638795986622,0.0009511939123589609,1.0000000000000002,0.0,0.6153846153846154,0
0.0,0.0032458750338111974,0.8432249006789202,0.05480929206195066,0.00018402367771319823,0.00018402367771319823,0.620794806216801,0.006904355812122802,1.0000000000000002,0.0,0.6153846153846154,0
0.0,0.005409791723018665,0.8432249006789202,0.0001255056744230692,0.00018402367771319823,0.00018402367771319823,0.8291691258443176,0.006904355812122802,1.0000000000000002,0.0,0.07692307692307693,0
0.03225806451612903,0.017311333513659724,0.8432249006789202,0.054809309759409106,0.00018402367771319823,0.00018402367771319823,0.7405731523378581,0.006904355812122802,1.0000000000000002,0.0,0.6153846153846154,0
0.06451612903225806,0.03137679199350825,0.8432249006789202,0.05480930312286218,0.00018402367771319823,0.00018402367771319823,0.5987605744638992,0.006904355812122802,1.0000000000000002,0.0,0.6153846153846154,0
0.03225806451612903,0.025696510684338654,0.8432249006789202,0.9935818222984533,0.00018402367771319823,0.00018402367771319823,0.7542461800773821,0.006904355812122802,1.0000000000000002,0.0,0.9230769230769231,0
0.0,0.013794968893697591,0.8432249006789202,0.9935819547528687,0.00018402367771319823,0.00018402367771319823,0.6160076070562004,0.006904355812122802,1.0000000000000002,0.0,0.9230769230769231,0
0.12903225806451613,0.0595077089532053,0.8432249009572502,0.05480930312286218,0.00018402367771319823,0.00018402367771319823,0.7282116860121974,0.006904355812122802,1.0000000000000002,0.0,0.6153846153846154,0
0.03225806451612903,0.017311333513659724,0.8432249009572502,0.7923319437752597,0.00018402367771319823,0.00018402367771319823,0.8745163617286379,0.006904355812122802,1.0000000000000002,0.0,0.6153846153846154,0
0.0967741935483871,0.045442250473356774,0.8432249004005901,0.23415416904389047,0.00018402367771319823,0.00018402367771319823,0.7480490523968785,0.0009511939123589609,1.0000000000000002,0.0,0.6153846153846154,0
0.1935483870967742,0.08439275087909116,0.8432249004005901,0.2347531754730124,0.00018402367771319823,0.00018402367771319823,0.7489671453865827,0.0009511939123589609,1.0000000000000002,0.0,0.7692307692307693,0
0.03225806451612903,0.017311333513659724,0.8432249004005901,0.2347531754730124,0.00018402367771319823,0.00018402367771319823,0.7492950357400485,0.0009511939123589609,1.0000000000000002,0.0,0.6153846153846154,0
0.12903225806451613,0.0595077089532053,0.8432249004005901,0.2347531754730124,0.00018402367771319823,0.00018402367771319823,0.7489343563512361,0.0009511939123589609,1.0000000000000002,0.0,0.6153846153846154,0
0.0,0.0032458750338111974,0.8432249006789202,0.9935819550293915,0.00018402367771319823,0.00018402367771319823,0.5672175224604892,0.0009511939123589609,1.0000000000000002,0.0,0.6153846153846154,0
0.0,0.0032458750338111974,0.8432249009572502,0.4162061684512988,0.00018402367771319823,0.00018402367771319823,0.9026821430913502,0.006904355812122802,1.0000000000000002,0.0,0.6153846153846154,0
0.0,0.0032458750338111974,0.8432249004005901,0.7923212099901884,0.00018402367771319823,0.00018402367771319823,0.95580038035281,0.006904355812122802,1.0000000000000002,0.0,0.6153846153846154,0
0.0,0.09277792804977009,0.8432249006789202,0.9935818222984533,0.00018402367771319823,0.00018402367771319823,0.7542461800773821,0.006904355812122802,1.0000000000000002,0.0,0.9230769230769231,0
0.0,0.0032458750338111974,0.8432249006789202,0.9935812855677212,0.00018402367771319823,0.00018402367771319823,0.5811528624827857,0.006904355812122802,1.0000000000000002,0.0,0.6153846153846154,0
0.0,0.0032458750338111974,0.8432249004005901,0.2347531754730124,0.00018402367771319823,0.00018402367771319823,0.7492622467047019,0.0009511939123589609,1.0000000000000002,0.0,0.6153846153846154,0
0.03225806451612903,0.017311333513659724,0.8432249004005901,0.2347531754730124,0.00018402367771319823,0.00018402367771319823,0.7530985638402518,0.0009511939123589609,1.0000000000000002,0.0,0.6153846153846154,0
0.0,0.0032458750338111974,0.8432249004005901,0.2347531754730124,0.00018402367771319823,0.00018402367771319823,0.7491638795986622,0.0009511939123589609,1.0000000000000002,0.0,0.6153846153846154,0
0.0967741935483871,0.045442250473356774,0.8432249004005901,0.2347531754730124,0.00018402367771319823,0.00018402367771319823,0.7489343563512361,0.0009511939123589609,1.0000000000000002,0.0,0.6153846153846154,0
0.06451612903225806,0.03137679199350825,0.8432249004005901,0.2347531754730124,0.00018402367771319823,0.00018402367771319823,0.7492950357400485,0.0009511939123589609,1.0000000000000002,0.0,0.6153846153846154,0
0.0967741935483871,0.045442250473356774,0.8432249004005901,0.2347531754730124,0.00018402367771319823,0.00018402367771319823,0.7531313528755984,0.0009511939123589609,1.0000000000000002,0.0,0.6153846153846154,0
0.03225806451612903,0.017311333513659724,0.8432249004005901,0.2347531754730124,0.00018402367771319823,0.00018402367771319823,0.753623188405797,0.0009511939123589609,1.0000000000000002,0.0,0.6153846153846154,0
0.0,0.0032458750338111974,0.8432249004005901,0.2347531754730124,0.00018402367771319823,0.00018402367771319823,0.753623188405797,0.0009511939123589609,1.0000000000000002,0.0,0.6153846153846154,0
0.06451612903225806,0.03137679199350825,0.8432249004005901,0.2347531754730124,0.00018402367771319823,0.00018402367771319823,0.7489343563512361,0.0009511939123589609,1.0000000000000002,0.0,0.6153846153846154,0
0.12903225806451613,0.0562618339193941,0.8432249004005901,0.2347531754730124,0.00018402367771319823,0.00018402367771319823,0.7491638795986622,0.0009511939123589609,1.0000000000000002,0.0,0.8076923076923077,0
0.06451612903225806,0.03137679199350825,0.8432249004005901,0.2347531754730124,0.00018402367771319823,0.00018402367771319823,0.7536559774411437,0.0009511939123589609,1.0000000000000002,0.0,0.6153846153846154,0
0.0,0.0032458750338111974,0.8432249004005901,0.2347531754730124,0.00018402367771319823,0.00018402367771319823,0.7492950357400485,0.0009511939123589609,1.0000000000000002,0.0,0.6153846153846154,0
0.0,0.0032458750338111974,0.8432249004005901,0.2347531754730124,0.00018402367771319823,0.00018402367771319823,0.7536559774411437,0.0009511939123589609,1.0000000000000002,0.0,0.6153846153846154,0
0.0,0.0032458750338111974,0.8432249004005901,0.2347531754730124,0.00018402367771319823,0.00018402367771319823,0.7492950357400485,0.0009511939123589609,1.0000000000000002,0.0,0.6153846153846154,0
0.03225806451612903,0.017311333513659724,0.8432249004005901,0.2347531754730124,0.00018402367771319823,0.00018402367771319823,0.7489343563512361,0.0009511939123589609,1.0000000000000002,0.0,0.6153846153846154,0
0.03225806451612903,0.017311333513659724,0.8432249004005901,0.2347531754730124,0.00018402367771319823,0.00018402367771319823,0.7539510787592628,0.0009511939123589609,1.0000000000000002,0.0,0.6153846153846154,0
0.0,0.0032458750338111974,0.8432249004005901,0.2347531754730124,0.00018402367771319823,0.00018402367771319823,0.7531313528755984,0.0009511939123589609,1.0000000000000002,0.0,0.6153846153846154,0
0.0,0.0032458750338111974,0.8432249004005901,0.2347531754730124,0.00018402367771319823,0.00018402367771319823,0.754410125254115,0.0009511939123589609,1.0000000000000002,0.0,0.6153846153846154,0
0.0,0.0032458750338111974,0.8432249006789202,0.05480929786892921,0.00018402367771319823,0.00018402367771319823,0.6514525542658535,0.006904355812122802,1.0000000000000002,0.0,0.6153846153846154,0
0.0,0.0032458750338111974,0.055091612649785245,0.5759249705033349,0.00018402367771319823,0.00018402367771319823,0.007262771329267492,0.6514038310154814,1.0000000000000002,0.0,0.6538461538461539,0
0.0967741935483871,0.045442250473356774,0.8432249006789202,0.054809309759409106,0.00018402367771319823,0.00018402367771319823,0.7460161322053904,0.006904355812122802,1.0000000000000002,0.0,0.6153846153846154,0
0.0,0.0032458750338111974,0.8432249006789202,0.05480929786892921,0.00018402367771319823,0.00018402367771319823,0.6521411240081316,0.006904355812122802,1.0000000000000002,0.0,0.6153846153846154,0
0.0967741935483871,0.045442250473356774,0.8432249006789202,0.7923319437752597,0.00018402367771319823,0.00018402367771319823,0.9111089251754213,0.006904355812122802,1.0000000000000002,0.0,0.6153846153846154,0
0.0,0.0,0.8432249006789202,0.47341723182023127,0.00018402367771319823,0.00018402367771319823,0.6849629483900583,0.006904355812122802,1.0000000000000002,0.0,0.6153846153846154,0
0.0,0.0032458750338111974,0.8432249006789202,0.054809308376795166,0.00018402367771319823,0.00018402367771319823,0.8863859925240999,0.006904355812122802,1.0000000000000002,0.0,0.6153846153846154,0
0.0,0.10630240735731675,0.8432249006789202,0.7923319437752597,0.00018402367771319823,0.00018402367771319823,0.7003410059676044,0.0009511939123589609,1.0000000000000002,0.0,0.9230769230769231,0
0.0,0.0032458750338111974,0.8432249006789202,0.9935818217454077,0.00018402367771319823,0.00018402367771319823,0.56059413732048,0.006904355812122802,1.0000000000000002,0.0,0.6153846153846154,0
0.0,0.0032458750338111974,0.8432249006789202,0.9935818220219305,0.00018402367771319823,0.00018402367771319823,0.5574136008918618,0.006904355812122802,1.0000000000000002,0.0,0.6153846153846154,0
0.0,0.03732756288882878,0.8432249006789202,0.3811003306910861,0.00018402367771319823,0.00018402367771319823,0.7961177782149649,0.006904355812122802,1.0000000000000002,0.0,0.9230769230769231,0
0.0,0.005409791723018665,0.8432249006789202,0.07633745111261336,0.00018402367771319823,0.00018402367771319823,0.7208341530592169,0.006904355812122802,1.0000000000000002,0.0,0.07692307692307693,0
0.0,0.0032458750338111974,0.8432249004005901,0.2347531754730124,0.00018402367771319823,0.00018402367771319823,0.7536559774411437,0.0009511939123589609,1.0000000000000002,0.0,0.6153846153846154,0
0.0967741935483871,0.045442250473356774,0.8432249004005901,0.2347531754730124,0.00018402367771319823,0.00018402367771319823,0.7539510787592628,0.0009511939123589609,1.0000000000000002,0.0,0.6153846153846154,0
0.0,0.0,0.8432249004005901,0.2347531754730124,0.00018402367771319823,0.00018402367771319823,0.7531313528755984,0.0009511939123589609,1.0000000000000002,0.0,0.15384615384615385,0
0.0,0.0032458750338111974,0.8432249004005901,0.05480930450547612,0.00018402367771319823,0.00018402367771319823,0.8449734408813692,0.006904355812122802,1.0000000000000002,0.0,0.6153846153846154,0
0.0967741935483871,0.045442250473356774,0.8432249004005901,0.2347531754730124,0.00018402367771319823,0.00018402367771319823,0.754410125254115,0.0009511939123589609,1.0000000000000002,0.0,0.6153846153846154,0
0.0,0.0032458750338111974,0.8432249004005901,0.2347531754730124,0.00018402367771319823,0.00018402367771319823,0.7544757033248082,0.0009511939123589609,1.0000000000000002,0.0,0.6153846153846154,0
0.0,0.0032458750338111974,0.8432249004005901,0.2347531754730124,0.00018402367771319823,0.00018402367771319823,0.7584759656370909,0.0009511939123589609,1.0000000000000002,0.0,0.6153846153846154,0
0.06451612903225806,0.03137679199350825,0.8432249004005901,0.2347531754730124,0.00018402367771319823,0.00018402367771319823,0.7544429142894615,0.0009511939123589609,1.0000000000000002,0.0,0.6153846153846154,0
0.0,0.0032458750338111974,0.8432249006789202,0.7923319437752597,0.00018402367771319823,0.00018402367771319823,0.6995212800839399,0.0009511939123589609,1.0000000000000002,0.0,0.6153846153846154,0
0.0,0.0064917500676223965,0.8432249006789202,0.47341723182023127,0.00018402367771319823,0.00018402367771319823,0.6849629483900583,0.006904355812122802,1.0000000000000002,0.0,0.9230769230769231,0
0.03225806451612903,0.017311333513659724,0.8432249004005901,0.2347531754730124,0.00018402367771319823,0.00018402367771319823,0.7544757033248082,0.0009511939123589609,1.0000000000000002,0.0,0.6153846153846154,0
0.03225806451612903,0.017311333513659724,0.8432249004005901,0.2347531754730124,0.00018402367771319823,0.00018402367771319823,0.754410125254115,0.0009511939123589609,1.0000000000000002,0.0,0.6153846153846154,0
0.03225806451612903,0.017311333513659724,0.8432249004005901,0.2347531754730124,0.00018402367771319823,0.00018402367771319823,0.7584431766017443,0.0009511939123589609,1.0000000000000002,0.0,0.6153846153846154,0
0.03225806451612903,0.017311333513659724,0.8432249004005901,0.2347531754730124,0.00018402367771319823,0.00018402367771319823,0.7584759656370909,0.0009511939123589609,1.0000000000000002,0.0,0.6153846153846154,0
0.06451612903225806,0.03137679199350825,0.8432249004005901,0.2347531754730124,0.00018402367771319823,0.00018402367771319823,0.7539510787592628,0.0009511939123589609,1.0000000000000002,0.0,0.6153846153846154,0
0.0,0.0032458750338111974,0.8432249004005901,2.68926707250889e-05,0.00018402367771319823,0.00018402367771319823,0.6498458915338711,0.006904355812122802,1.0000000000000002,0.0,0.6153846153846154,0
0.0,0.0032458750338111974,0.8432249004005901,0.2347531754730124,0.00018402367771319823,0.00018402367771319823,0.7544429142894615,0.0009511939123589609,1.0000000000000002,0.0,0.6153846153846154,0
0.0,0.0032458750338111974,0.8432249004005901,0.2347531754730124,0.00018402367771319823,0.00018402367771319823,0.7539510787592628,0.0009511939123589609,1.0000000000000002,0.0,0.6153846153846154,0
0.03225806451612903,0.017311333513659724,0.8432249004005901,0.2347531754730124,0.00018402367771319823,0.00018402367771319823,0.7584759656370909,0.0009511939123589609,1.0000000000000002,0.0,0.6153846153846154,0
0.03225806451612903,0.017311333513659724,0.8432249004005901,0.2347531754730124,0.00018402367771319823,0.00018402367771319823,0.754410125254115,0.0009511939123589609,1.0000000000000002,0.0,0.6153846153846154,0
0.0,0.0032458750338111974,0.8432249004005901,0.23415416904389047,0.00018402367771319823,0.00018402367771319823,0.758082497212932,0.0009511939123589609,1.0000000000000002,0.0,0.6153846153846154,0
0.06451612903225806,0.03137679199350825,0.8432249004005901,0.2347531754730124,0.00018402367771319823,0.00018402367771319823,0.7544757033248082,0.0009511939123589609,1.0000000000000002,0.0,0.6153846153846154,0
0.0,0.0032458750338111974,0.8432249004005901,0.23418637316433213,0.00018402367771319823,0.00018402367771319823,0.9628500229523247,0.0009511939123589609,1.0000000000000002,0.0,0.6538461538461539,0
0.0,0.0032458750338111974,0.8432249004005901,0.2347531754730124,0.00018402367771319823,0.00018402367771319823,0.7544757033248082,0.0009511939123589609,1.0000000000000002,0.0,0.6153846153846154,0
0.0,0.0032458750338111974,0.8432249004005901,0.2347531754730124,0.00018402367771319823,0.00018402367771319823,0.7539510787592628,0.0009511939123589609,1.0000000000000002,0.0,0.6153846153846154,0
0.03225806451612903,0.017311333513659724,0.8432249004005901,0.2347531754730124,0.00018402367771319823,0.00018402367771319823,0.7544429142894615,0.0009511939123589609,1.0000000000000002,0.0,0.6153846153846154,0
0.0,0.0032458750338111974,0.8432249004005901,0.23415416904389047,0.00018402367771319823,0.00018402367771319823,0.758082497212932,0.0009511939123589609,1.0000000000000002,0.0,0.6153846153846154,0
0.03225806451612903,0.017311333513659724,0.8432249004005901,0.23415416904389047,0.00018402367771319823,0.00018402367771319823,0.7581152862482785,0.0009511939123589609,1.0000000000000002,0.0,0.6153846153846154,0
0.0,0.0032458750338111974,0.8432249004005901,0.2347531754730124,0.00018402367771319823,0.00018402367771319823,0.7584759656370909,0.0009511939123589609,1.0000000000000002,0.0,0.6153846153846154,0
0.03225806451612903,0.017311333513659724,0.8432249004005901,0.2347531754730124,0.00018402367771319823,0.00018402367771319823,0.7594596366974883,0.0009511939123589609,1.0000000000000002,0.0,0.6538461538461539,0
0.0,0.0032458750338111974,0.8432249006789202,0.05480929206195066,0.00018402367771319823,0.00018402367771319823,0.6311561413863204,0.006904355812122802,1.0000000000000002,0.0,0.6153846153846154,0
0.03225806451612903,0.017311333513659724,0.8432249006789202,0.054809305611567286,0.00018402367771319823,0.00018402367771319823,0.5587907403764181,0.006904355812122802,1.0000000000000002,0.0,0.6153846153846154,0
0.0,0.005409791723018665,0.9999999999999999,0.5759249705033349,0.00018402367771319823,0.00018402367771319823,0.007262771329267492,0.9395827866701653,1.0000000000000002,0.0,0.6923076923076923,0
0.0,0.22802272112523667,0.8432249006789202,0.9935812825259706,0.00018402367771319823,0.00018402367771319823,0.7982818545478392,0.006904355812122802,1.0000000000000002,0.0,0.9230769230769231,0
0.0,0.0032458750338111974,0.8432249006789202,0.42523423404071564,0.00018402367771319823,0.00018402367771319823,0.6175159026821431,0.0009511939123589609,1.0000000000000002,0.0,0.6153846153846154,0
0.0,0.13984311604003244,0.8432249006789202,0.6992098503182119,0.00018402367771319823,0.00018402367771319823,0.9766869958685814,0.006904355812122802,1.0000000000000002,0.0,0.9230769230769231,0
0.0,0.0032458750338111974,0.8432249006789202,0.05480929372108738,0.00018402367771319823,0.00018402367771319823,0.9702603449406518,0.006904355812122802,1.0000000000000002,0.0,0.6153846153846154,0
0.0,0.0032458750338111974,0.8432249006789202,0.3811001846870539,0.00018402367771319823,0.00018402367771319823,0.6345989900977113,0.006904355812122802,1.0000000000000002,0.0,0.6153846153846154,0
0.0,0.0032458750338111974,0.8432249006789202,0.2319969940335903,0.00018402367771319823,0.00018402367771319823,0.6739458325136074,0.006904355812122802,1.0000000000000002,0.0,0.6153846153846154,0
0.0,0.0032458750338111974,0.9999992666001899,0.5759249705033349,0.00018402367771319823,0.00018402367771319823,0.001311561413863204,0.592725006559958,1.0000000000000002,0.0,0.6538461538461539,0
0.0,0.0032458750338111974,0.8432249004005901,0.05480929925154315,0.00018402367771319823,0.00018402367771319823,0.689127155879074,0.006904355812122802,1.0000000000000002,0.0,0.6153846153846154,0
0.0,0.10089261563429808,0.8432249004005901,0.05480929925154315,0.00018402367771319823,0.00018402367771319823,0.689750147550659,0.006904355812122802,1.0000000000000002,0.0,0.9230769230769231,0
0.06451612903225806,0.03137679199350825,0.8432249004005901,0.054809303952430555,0.00018402367771319823,0.00018402367771319823,0.6624368811069578,0.006904355812122802,1.0000000000000002,0.0,0.6153846153846154,0
0.0,0.0032458750338111974,0.8432249004005901,0.7923319437752597,0.00018402367771319823,0.00018402367771319823,0.7673617942160141,0.006904355812122802,1.0000000000000002,0.0,0.6153846153846154,0
0.03225806451612903,0.017311333513659724,0.8432249004005901,0.9935818222984533,0.00018402367771319823,0.00018402367771319823,0.7143747130959407,0.006904355812122802,1.0000000000000002,0.0,0.6153846153846154,0
0.0,0.0032458750338111974,0.8432249004005901,0.9935812855677212,0.00018402367771319823,0.00018402367771319823,0.8870089841956849,0.006904355812122802,1.0000000000000002,0.0,0.6153846153846154,0
0.0,0.0032458750338111974,0.8432249004005901,0.7923212116493251,0.00018402367771319823,0.00018402367771319823,0.5828251032854613,0.006904355812122802,1.0000000000000002,0.0,0.6153846153846154,0
0.03225806451612903,0.09602380308358129,0.8432249004005901,0.4734180135501536,0.00018402367771319823,0.00018402367771319823,0.9366843727457538,0.006904355812122802,1.0000000000000002,0.0,0.9230769230769231,0
0.03225806451612903,0.017311333513659724,0.8432249004005901,0.6928023914695058,0.00018402367771319823,0.00018402367771319823,0.6927339497671978,0.006904355812122802,1.0000000000000002,0.0,0.6153846153846154,0
0.0,0.0,0.8432249004005901,0.7541015403640807,0.00018402367771319823,0.00018402367771319823,0.6810610531838153,0.006904355812122802,1.0000000000000002,0.0,0.6153846153846154,0
0.0,0.0032458750338111974,0.8432249004005901,0.6928023914695058,0.00018402367771319823,0.00018402367771319823,0.6926355826611581,0.006904355812122802,1.0000000000000002,0.0,0.6153846153846154,0
0.0,0.0032458750338111974,0.8432249009572502,0.05480932026727506,0.00018402367771319823,0.00018402367771319823,0.9801298445799724,0.006904355812122802,1.0000000000000002,0.0,0.6153846153846154,0
0.0,0.0032458750338111974,0.8432249009572502,0.054809309759409106,0.00018402367771319823,0.00018402367771319823,0.7325070496425995,0.006904355812122802,1.0000000000000002,0.0,0.6153846153846154,0
0.0,0.0032458750338111974,0.8432249009572502,0.9935818253402039,0.00018402367771319823,0.00018402367771319823,0.796347301462391,0.006904355812122802,1.0000000000000002,0.0,0.6153846153846154,0
0.03225806451612903,0.017311333513659724,0.8432249009572502,0.9935818222984533,0.00018402367771319823,0.00018402367771319823,0.9722932651321398,0.006904355812122802,1.0000000000000002,0.0,0.6153846153846154,0
0.0,0.0032458750338111974,0.8432249009572502,0.9935819547528687,0.00018402367771319823,0.00018402367771319823,0.666797822808053,0.006904355812122802,1.0000000000000002,0.0,0.6153846153846154,0
0.0,0.0032458750338111974,0.8432249004005901,0.7923212102667112,0.00018402367771319823,0.00018402367771319823,0.8916978162502459,0.0009511939123589609,1.0000000000000002,0.0,0.6153846153846154,0
0.0,0.049229104679469844,0.8432249009572502,0.43298210972967827,0.00018402367771319823,0.00018402367771319823,0.9221916191225653,0.006904355812122802,1.0000000000000002,0.0,0.9230769230769231,0
0.12903225806451613,0.0595077089532053,0.8432249009572502,0.00012553913368044609,0.00018402367771319823,0.00018402367771319823,0.7627713292674929,0.006904355812122802,1.0000000000000002,0.0,0.6153846153846154,0
0.0,0.0032458750338111974,0.8432249009572502,0.43298210972967827,0.00018402367771319823,0.00018402367771319823,0.9223227752639517,0.006904355812122802,1.0000000000000002,0.0,0.6153846153846154,0
0.03225806451612903,0.15066269948606978,0.8432249009572502,0.4733876267374763,0.00018402367771319823,0.00018402367771319823,0.9819988195947275,0.006904355812122802,1.0000000000000002,0.0,0.9230769230769231,0
0.0,0.0032458750338111974,0.8432249009572502,0.6928024138678517,0.00018402367771319823,0.00018402367771319823,0.800085251491901,0.006904355812122802,1.0000000000000002,0.0,0.6153846153846154,0
0.0,0.020557208547470923,0.8432249009572502,0.8207539157615705,0.00018402367771319823,0.00018402367771319823,0.9872778542855268,0.006904355812122802,1.0000000000000002,0.0,0.9230769230769231,0
0.0,0.0032458750338111974,0.8432249009572502,0.7923212099901884,0.00018402367771319823,0.00018402367771319823,0.8427437864778018,0.006904355812122802,1.0000000000000002,0.0,0.6153846153846154,0
0.0,0.05382742764403571,0.8432249009572502,0.3359028064939588,0.00018402367771319823,0.00018402367771319823,0.65905961046626,0.006904355812122802,1.0000000000000002,0.0,0.9230769230769231,0
0.0,0.0032458750338111974,0.8432249009572502,0.05480839170375214,0.00018402367771319823,0.00018402367771319823,0.8641550265591186,0.0009511939123589609,1.0000000000000002,0.0,0.6153846153846154,0
0.0,0.01541790641060319,0.8432249004005901,0.15695823357857858,0.00018402367771319823,0.00018402367771319823,0.8472030952849366,0.006904355812122802,1.0000000000000002,0.0,0.9230769230769231,0
0.0,0.013794968893697591,0.8432249009572502,0.9968496898009255,0.00018402367771319823,0.00018402367771319823,0.8228408420224277,0.006904355812122802,1.0000000000000002,0.0,0.9230769230769231,0
0.0,0.0032458750338111974,0.8432249006789202,0.05480932026727506,0.00018402367771319823,0.00018402367771319823,0.9817037182766082,0.006904355812122802,1.0000000000000002,0.0,0.6153846153846154,0
0.03225806451612903,0.017311333513659724,0.8432249006789202,0.05480930312286218,0.00018402367771319823,0.00018402367771319823,0.6203029706866023,0.006904355812122802,1.0000000000000002,0.0,0.6153846153846154,0
0.0,0.0032458750338111974,0.8432249006789202,0.7923212099901884,0.00018402367771319823,0.00018402367771319823,0.6718801232867728,0.006904355812122802,1.0000000000000002,0.0,0.6153846153846154,0
0.03225806451612903,0.017311333513659724,0.8432249006789202,0.7923319437752597,0.00018402367771319823,0.00018402367771319823,0.9274706538133648,0.006904355812122802,1.0000000000000002,0.0,0.6153846153846154,0
0.0,0.0032458750338111974,0.8432249006789202,0.3070729169391597,0.00018402367771319823,0.00018402367771319823,0.556921765361663,0.0009511939123589609,1.0000000000000002,0.0,0.6153846153846154,0
0.0,0.049229104679469844,0.8432249006789202,0.9935818217454077,0.00018402367771319823,0.00018402367771319823,0.5772837563118892,0.006904355812122802,1.0000000000000002,0.0,0.9230769230769231,0
0.0,0.005409791723018665,0.8432249006789202,0.42523423404071564,0.00018402367771319823,0.00018402367771319823,0.6308282510328546,0.0009511939123589609,1.0000000000000002,0.0,0.07692307692307693,0
0.0,0.0032458750338111974,0.8432249006789202,0.054808871747312526,0.00018402367771319823,0.00018402367771319823,0.6962095875139352,0.0009511939123589609,1.0000000000000002,0.0,0.6153846153846154,0
0.0,0.0032458750338111974,0.8432249006789202,0.7923212099901884,0.00018402367771319823,0.00018402367771319823,0.6720768574988524,0.006904355812122802,1.0000000000000002,0.0,0.6153846153846154,0
0.0,0.0,0.8432249006789202,0.8855945475862662,0.00018402367771319823,0.00018402367771319823,0.8445799724572103,0.006904355812122802,1.0000000000000002,0.0,0.6538461538461539,0
0.0,0.0032458750338111974,0.055091614041435734,0.5759249705033349,0.00018402367771319823,0.00018402367771319823,0.007262771329267492,0.6678693256363158,1.0000000000000002,0.0,0.6538461538461539,0
0.0,0.0032458750338111974,0.8432249009572502,0.07633871869307468,0.00018402367771319823,0.00018402367771319823,0.918158567774936,0.006904355812122802,1.0000000000000002,0.0,0.6153846153846154,0
0.0,0.0032458750338111974,0.8432249004005901,0.6928023914695058,0.00018402367771319823,0.00018402367771319823,0.6927339497671978,0.006904355812122802,1.0000000000000002,0.0,0.6153846153846154,0
0.0,0.0032458750338111974,0.8432249009572502,0.9968496898009255,0.00018402367771319823,0.00018402367771319823,0.8228408420224277,0.006904355812122802,1.0000000000000002,0.0,0.6153846153846154,0
0.03225806451612903,0.045983229645658645,0.8432249004005901,0.6928023914695058,0.00018402367771319823,0.00018402367771319823,0.6926355826611581,0.006904355812122802,1.0000000000000002,0.0,0.9230769230769231,0
0.0,0.0032458750338111974,0.8432249009572502,0.1344901240730956,0.00018402367771319823,0.00018402367771319823,0.7578201849301593,0.006904355812122802,1.0000000000000002,0.0,0.6153846153846154,0
0.0,0.010819583446037328,0.8432248998439299,0.8378249165333039,1.0,0.00018402367771319823,0.0,0.02064746785620572,0.0,1.0,0.0,0
0.0,0.0032458750338111974,0.8432249009572502,0.9935812767189919,0.00018402367771319823,0.00018402367771319823,0.7478851072201456,0.006904355812122802,1.0000000000000002,0.0,0.6538461538461539,0
0.0,0.0032458750338111974,0.15273216732197084,0.5759249705033349,0.00018402367771319823,0.00018402367771319823,0.007262771329267492,0.6389727105746522,1.0000000000000002,0.0,0.6538461538461539,0
0.06451612903225806,0.03137679199350825,0.8432249006789202,0.05480930312286218,0.00018402367771319823,0.00018402367771319823,0.6257787395894813,0.006904355812122802,1.0000000000000002,0.0,0.6153846153846154,0
0.0,0.0032458750338111974,0.8432249006789202,0.05480929925154315,0.00018402367771319823,0.00018402367771319823,0.6736507311954882,0.006904355812122802,1.0000000000000002,0.0,0.6153846153846154,0
0.0,0.0032458750338111974,0.8432249006789202,0.7923212044597326,0.00018402367771319823,0.00018402367771319823,0.8212669683257918,0.006904355812122802,1.0000000000000002,0.0,0.6153846153846154,0
0.03225806451612903,0.017311333513659724,0.8432249006789202,0.9935819550293915,0.00018402367771319823,0.00018402367771319823,0.5535772837563119,0.006904355812122802,1.0000000000000002,0.0,0.6153846153846154,0
0.0,0.0032458750338111974,0.8432249006789202,0.9935818222984533,0.00018402367771319823,0.00018402367771319823,0.781657813627123,0.006904355812122802,1.0000000000000002,0.0,0.6153846153846154,0
0.0,0.0032458750338111974,0.8432249006789202,0.8490255705132376,0.00018402367771319823,0.00018402367771319823,0.6119745557085711,0.006904355812122802,1.0000000000000002,0.0,0.6153846153846154,0
0.0,0.005409791723018665,0.8544987606887545,0.5759249705033349,0.00018402367771319823,0.00018402367771319823,0.007262771329267492,0.6119128837575439,1.0000000000000002,0.0,0.6923076923076923,0
0.0,0.0032458750338111974,0.8432249006789202,0.8490255705132376,0.00018402367771319823,0.00018402367771319823,0.6120729228146108,0.006904355812122802,1.0000000000000002,0.0,0.6153846153846154,0
0.0,0.0032458750338111974,0.8432249006789202,0.8490255705132376,0.00018402367771319823,0.00018402367771319823,0.612204078955997,0.006904355812122802,1.0000000000000002,0.0,0.6153846153846154,0
0.0,0.005409791723018665,0.49783939608830297,0.5759249705033349,0.00018402367771319823,0.00018402367771319823,0.007262771329267492,0.7277945421149304,1.0000000000000002,0.0,0.6923076923076923,0
0.0,0.0032458750338111974,0.8432249006789202,0.23556354292489692,0.00018402367771319823,0.00018402367771319823,0.9970489868188077,0.006904355812122802,1.0000000000000002,0.0,0.6153846153846154,0
0.0,0.005409791723018665,0.9999999432206598,0.5759249705033349,0.00018402367771319823,0.00018402367771319823,0.007262771329267492,0.6449094725793755,1.0000000000000002,0.0,0.6923076923076923,0
0.0,0.005409791723018665,0.8432249006789202,0.9935819553059143,0.00018402367771319823,0.00018402367771319823,0.9945898091678143,0.006904355812122802,1.0000000000000002,0.0,0.07692307692307693,0
0.0,0.013794968893697591,0.8432249006789202,0.7923212099901884,0.00018402367771319823,0.00018402367771319823,0.6780116728965834,0.006904355812122802,1.0000000000000002,0.0,0.9230769230769231,0
0.0,0.0032458750338111974,0.8432249006789202,0.9935812855677212,0.00018402367771319823,0.00018402367771319823,0.6105646271886681,0.006904355812122802,1.0000000000000002,0.0,0.6153846153846154,0
0.06451612903225806,0.03137679199350825,0.8432249006789202,0.1344901240730956,0.00018402367771319823,0.00018402367771319823,0.703882221785035,0.006904355812122802,1.0000000000000002,0.0,0.6153846153846154,0
0.0,0.1744657830673519,0.8432249006789202,0.7923212099901884,0.00018402367771319823,0.00018402367771319823,0.6780772509672764,0.006904355812122802,1.0000000000000002,0.0,0.9230769230769231,0
0.0,0.10819583446037327,0.8432249006789202,0.054808378154135515,0.00018402367771319823,0.00018402367771319823,0.7989048462194241,0.0009511939123589609,1.0000000000000002,0.0,0.9230769230769231,0
0.0,0.0032458750338111974,0.8432249006789202,0.9935819564120055,0.00018402367771319823,0.00018402367771319823,0.63509082562791,0.006904355812122802,1.0000000000000002,0.0,0.6153846153846154,0
0.0,0.0032458750338111974,0.8432249006789202,0.416742759815795,0.00018402367771319823,0.00018402367771319823,0.9676372221129254,0.006904355812122802,1.0000000000000002,0.0,0.6153846153846154,0
0.0967741935483871,0.045442250473356774,0.8432249009572502,0.05480930312286218,0.00018402367771319823,0.00018402367771319823,0.7594924257328349,0.006904355812122802,1.0000000000000002,0.0,0.6153846153846154,0
0.0,0.0032458750338111974,0.8432249009572502,0.42523423404071564,0.00018402367771319823,0.00018402367771319823,0.6271558790740376,0.0009511939123589609,1.0000000000000002,0.0,0.6153846153846154,0
0.0,0.0032458750338111974,0.8432249009572502,0.7923319468170104,0.00018402367771319823,0.00018402367771319823,0.8389402583775984,0.006904355812122802,1.0000000000000002,0.0,0.6153846153846154,0
0.0,0.0032458750338111974,0.8432249009572502,0.9935812825259706,0.00018402367771319823,0.00018402367771319823,0.6190569873434323,0.006904355812122802,1.0000000000000002,0.0,0.6153846153846154,0
0.0,0.005409791723018665,0.8432249009572502,0.7923321669291498,0.00018402367771319823,0.00018402367771319823,0.712013902550987,0.006904355812122802,1.0000000000000002,0.0,0.07692307692307693,0
0.0,0.09223694887746822,0.8432249009572502,0.816821066534452,0.00018402367771319823,0.00018402367771319823,0.7207357859531772,0.006904355812122802,1.0000000000000002,0.0,0.9230769230769231,0
0.0,0.0032458750338111974,0.8432249009572502,0.22843300574330283,0.00018402367771319823,0.00018402367771319823,0.820939077972326,0.006904355812122802,1.0000000000000002,0.0,0.6153846153846154,0
0.0,0.0032458750338111974,0.8432249009572502,0.13449011522436638,0.00018402367771319823,0.00018402367771319823,0.6390910879401928,0.006904355812122802,1.0000000000000002,0.0,0.6153846153846154,0
0.0,0.0032458750338111974,0.8432249006789202,0.05480929510370133,0.00018402367771319823,0.00018402367771319823,0.6426978818283166,0.006904355812122802,1.0000000000000002,0.0,0.6153846153846154,0
0.0,0.013794968893697591,0.8432249009572502,0.792321210543234,0.00018402367771319823,0.00018402367771319823,0.7044724244212734,0.006904355812122802,1.0000000000000002,0.0,0.9230769230769231,0
0.0,0.0032458750338111974,0.8432249004005901,0.05480929786892921,0.00018402367771319823,0.00018402367771319823,0.5923995016066627,0.006904355812122802,1.0000000000000002,0.0,0.6538461538461539,0
0.0,0.010819583446037328,0.8432248998439299,0.8378249159802583,1.0,0.00018402367771319823,0.0,0.02064746785620572,0.0,1.0,0.0,0
0.0,0.017040843927508792,0.8432249004005901,0.05480929786892921,0.00018402367771319823,0.00018402367771319823,0.5930552823135943,0.006904355812122802,1.0000000000000002,0.0,0.9230769230769231,0
0.03225806451612903,0.017311333513659724,0.8432249004005901,0.054809303952430555,0.00018402367771319823,0.00018402367771319823,0.6852580497081775,0.006904355812122802,1.0000000000000002,0.0,0.6153846153846154,0
0.0,0.0032458750338111974,0.8432249004005901,0.9935819550293915,0.00018402367771319823,0.00018402367771319823,0.9813430388877958,0.006904355812122802,1.0000000000000002,0.0,0.6153846153846154,0
0.0,0.10576142818501488,0.8432249004005901,0.42523423404071564,0.00018402367771319823,0.00018402367771319823,0.5999409797363762,0.0009511939123589609,1.0000000000000002,0.0,0.9230769230769231,0
0.0,0.015688395996754124,0.8432249006789202,0.05480929510370133,0.00018402367771319823,0.00018402367771319823,0.6429274050757426,0.006904355812122802,1.0000000000000002,0.0,0.9230769230769231,0
0.03225806451612903,0.017311333513659724,0.8432249006789202,0.1344901240730956,0.00018402367771319823,0.00018402367771319823,0.703882221785035,0.006904355812122802,1.0000000000000002,0.0,0.6153846153846154,0
0.0,0.1606708141736543,0.8432249006789202,0.414811391931761,0.00018402367771319823,0.00018402367771319823,0.9624893435635123,0.006904355812122802,1.0000000000000002,0.0,0.9230769230769231,0
0.0,0.0032458750338111974,0.8432249004005901,0.0548093003576343,0.00018402367771319823,0.00018402367771319823,0.9944258639910813,0.006904355812122802,1.0000000000000002,0.0,0.6153846153846154,0
0.06451612903225806,0.07384365701920476,0.8432249004005901,0.0548093003576343,0.00018402367771319823,0.00018402367771319823,0.9943930749557347,0.006904355812122802,1.0000000000000002,0.0,0.9230769230769231,0
0.0,0.0,0.8432249006789202,7.502395072404161e-05,0.00018402367771319823,0.00018402367771319823,0.6538789428815004,0.006904355812122802,1.0000000000000002,0.0,0.15384615384615385,0
0.03225806451612903,0.027860427373546118,0.8432249006789202,0.7923212099901884,0.00018402367771319823,0.00018402367771319823,0.6780772509672764,0.006904355812122802,1.0000000000000002,0.0,0.9230769230769231,0
0.0,0.0032458750338111974,0.8432249004005901,0.9935819547528687,0.00018402367771319823,0.00018402367771319823,0.8021181716833891,0.006904355812122802,1.0000000000000002,0.0,0.6153846153846154,0
0.0,0.0,0.8432249004005901,0.9789538801746915,0.00018402367771319823,0.00018402367771319823,0.8666797822808052,0.006904355812122802,1.0000000000000002,0.0,0.6153846153846154,0
0.0,0.0032458750338111974,0.8432249006789202,0.42523423404071564,0.00018402367771319823,0.00018402367771319823,0.6473211358121843,0.0009511939123589609,1.0000000000000002,0.0,0.6153846153846154,0
0.0,0.02461455233973492,0.8432249006789202,0.20028688017049587,0.00018402367771319823,0.00018402367771319823,0.6958161190897764,0.006904355812122802,1.0000000000000002,0.0,0.9230769230769231,0
0.0,0.16202326210440895,0.8432249006789202,0.6723946402626574,0.00018402367771319823,0.00018402367771319823,0.6516164994425864,0.006904355812122802,1.0000000000000002,0.0,0.9230769230769231,0
0.0,0.0032458750338111974,0.8432249006789202,0.054809315566387656,0.00018402367771319823,0.00018402367771319823,0.5521017771657157,0.006904355812122802,1.0000000000000002,0.0,0.6153846153846154,0
0.0,0.0032458750338111974,0.8432249006789202,0.6723946402626574,0.00018402367771319823,0.00018402367771319823,0.6515509213718932,0.006904355812122802,1.0000000000000002,0.0,0.6153846153846154,0
0.0,0.0,0.8432249006789202,0.4733152159271012,0.00018402367771319823,0.00018402367771319823,0.8937307364417338,0.006904355812122802,1.0000000000000002,0.0,0.6153846153846154,0
0.0,0.024885041925885858,0.8432249006789202,0.8503837420521588,0.00018402367771319823,0.00018402367771319823,0.9894419306184011,0.006904355812122802,1.0000000000000002,0.0,0.9230769230769231,0
0.03225806451612903,0.017311333513659724,0.8432249006789202,0.9935818222984533,0.00018402367771319823,0.00018402367771319823,0.7828054298642534,0.006904355812122802,1.0000000000000002,0.0,0.6153846153846154,0
0.0,0.005409791723018665,0.8432249006789202,0.8490255705132376,0.00018402367771319823,0.00018402367771319823,0.6249590137058167,0.006904355812122802,1.0000000000000002,0.0,0.07692307692307693,0
0.0,0.01271301054909386,0.8432249006789202,0.1344901240730956,0.00018402367771319823,0.00018402367771319823,0.703882221785035,0.006904355812122802,1.0000000000000002,0.0,0.9230769230769231,0
0.0,0.0032458750338111974,0.8432249006789202,6.51642541864162e-05,0.00018402367771319823,0.00018402367771319823,0.6046298117909371,0.006904355812122802,1.0000000000000002,0.0,0.6153846153846154,0
0.0,0.0,0.8432249006789202,0.4732107765882549,0.00018402367771319823,0.00018402367771319823,0.5969571775198373,0.006904355812122802,1.0000000000000002,0.0,0.6153846153846154,0
0.0,0.0032458750338111974,0.8432249006789202,0.9935818222984533,0.00018402367771319823,0.00018402367771319823,0.7828054298642534,0.006904355812122802,1.0000000000000002,0.0,0.6153846153846154,0
0.0,0.0032458750338111974,0.8432249006789202,0.8490255705132376,0.00018402367771319823,0.00018402367771319823,0.6256475834480949,0.006904355812122802,1.0000000000000002,0.0,0.6153846153846154,0
0.0,0.011631052204490127,0.8432249006789202,0.05480929455065575,0.00018402367771319823,0.00018402367771319823,0.6515837104072397,0.006904355812122802,1.0000000000000002,0.0,0.9230769230769231,0
0.0,0.0032458750338111974,0.8557478171058831,0.5759249705033349,0.00018402367771319823,0.00018402367771319823,0.007262771329267492,0.7137890317501967,1.0000000000000002,0.0,0.6538461538461539,0
0.03225806451612903,0.017311333513659724,0.8432249009572502,0.054809309759409106,0.00018402367771319823,0.00018402367771319823,0.7590989573086759,0.006904355812122802,1.0000000000000002,0.0,0.6153846153846154,0
0.0,0.011631052204490127,0.8432249009572502,0.7923319437752597,0.00018402367771319823,0.00018402367771319823,0.9163879598662207,0.006904355812122802,1.0000000000000002,0.0,0.9230769230769231,0
0.0,0.049229104679469844,0.8432249009572502,0.9935819580711421,0.00018402367771319823,0.00018402367771319823,0.6192865105908584,0.006904355812122802,1.0000000000000002,0.0,0.9230769230769231,0
0.0,0.049229104679469844,0.8432249009572502,0.792321210543234,0.00018402367771319823,0.00018402367771319823,0.7150304938028723,0.006904355812122802,1.0000000000000002,0.0,0.9230769230769231,0
0.0,0.0032458750338111974,0.8432249009572502,0.05480931307768257,0.00018402367771319823,0.00018402367771319823,0.6293527444422584,0.006904355812122802,1.0000000000000002,0.0,0.6153846153846154,0
0.0,0.0032458750338111974,0.8432249006789202,0.8490255705132376,0.00018402367771319823,0.00018402367771319823,0.6280083939930486,0.006904355812122802,1.0000000000000002,0.0,0.6153846153846154,0
0.0,0.013794968893697591,0.8432249006789202,0.7923212099901884,0.00018402367771319823,0.00018402367771319823,0.6780772509672764,0.006904355812122802,1.0000000000000002,0.0,0.9230769230769231,0
0.0,0.0032458750338111974,0.8432249004005901,0.7923319468170104,0.00018402367771319823,0.00018402367771319823,0.6345006229916715,0.006904355812122802,1.0000000000000002,0.0,0.6153846153846154,0
0.0,0.011631052204490127,0.8432249009572502,0.05480931307768257,0.00018402367771319823,0.00018402367771319823,0.6293527444422584,0.006904355812122802,1.0000000000000002,0.0,0.9230769230769231,0
0.0,0.0032458750338111974,0.8432249004005901,0.8502665373153161,0.00018402367771319823,0.00018402367771319823,0.5926290248540887,0.006904355812122802,1.0000000000000002,0.0,0.6153846153846154,0
0.0,0.0032458750338111974,0.8432249004005901,0.9935819550293915,0.00018402367771319823,0.00018402367771319823,0.8584825234441602,0.0009511939123589609,1.0000000000000002,0.0,0.6153846153846154,0
0.0,0.0032458750338111974,0.8432249006789202,0.42523423404071564,0.00018402367771319823,0.00018402367771319823,0.6473211358121843,0.0009511939123589609,1.0000000000000002,0.0,0.6153846153846154,0
0.0,0.0,0.8432249006789202,0.8502664717794153,0.00018402367771319823,0.00018402367771319823,0.7139156666010885,0.006904355812122802,1.0000000000000002,0.0,0.15384615384615385,0
0.0,0.0032458750338111974,0.8432249006789202,0.4167427432244277,0.00018402367771319823,0.00018402367771319823,0.7268673355629877,0.006904355812122802,1.0000000000000002,0.0,0.6153846153846154,0
0.0,0.009737625101433596,0.8432249004005901,0.9935812852911984,0.00018402367771319823,0.00018402367771319823,0.7938225457407042,0.006904355812122802,1.0000000000000002,0.0,0.9230769230769231,0
0.0,0.0032458750338111974,0.8432249009572502,0.054809305611567286,0.00018402367771319823,0.00018402367771319823,0.7904452751000065,0.006904355812122802,1.0000000000000002,0.0,0.6153846153846154,0
0.0,0.0032458750338111974,0.8432249009572502,0.054809305611567286,0.00018402367771319823,0.00018402367771319823,0.7906747983474326,0.006904355812122802,1.0000000000000002,0.0,0.6153846153846154,0
0.0,0.10630240735731675,0.8432249009572502,0.7923319437752597,0.00018402367771319823,0.00018402367771319823,0.9401927995278379,0.0009511939123589609,1.0000000000000002,0.0,0.9230769230769231,0
0.0,0.0032458750338111974,0.8432249009572502,0.7923212102667112,0.00018402367771319823,0.00018402367771319823,0.6795527575578726,0.006904355812122802,1.0000000000000002,0.0,0.6153846153846154,0
0.0,0.0032458750338111974,0.8432249009572502,0.1556184021370648,0.00018402367771319823,0.00018402367771319823,0.8765820709554725,0.006904355812122802,1.0000000000000002,0.0,0.6153846153846154,0
0.06451612903225806,0.03137679199350825,0.8432249009572502,0.7923319437752597,0.00018402367771319823,0.00018402367771319823,0.9207161125319693,0.006904355812122802,1.0000000000000002,0.0,0.6153846153846154,0
0.0,0.0032458750338111974,0.8432249009572502,0.233277082726704,0.00018402367771319823,0.00018402367771319823,0.7055872516230572,0.006904355812122802,1.0000000000000002,0.0,0.6153846153846154,0
0.0,0.0032458750338111974,0.8432249009572502,0.054809303952430555,0.00018402367771319823,0.00018402367771319823,0.8826480424945897,0.006904355812122802,1.0000000000000002,0.0,0.6153846153846154,0
0.16129032258064516,0.07357316743305382,0.8432249009572502,0.054809303952430555,0.00018402367771319823,0.00018402367771319823,0.8829103547773623,0.006904355812122802,1.0000000000000002,0.0,0.6153846153846154,0
0.0,0.0032458750338111974,0.8432249009572502,0.05480929786892921,0.00018402367771319823,0.00018402367771319823,0.7736244999672109,0.006904355812122802,1.0000000000000002,0.0,0.6153846153846154,0
0.06451612903225806,0.052474979713281036,0.8432249009572502,0.9935812825259706,0.00018402367771319823,0.00018402367771319823,0.635877762476228,0.006904355812122802,1.0000000000000002,0.0,0.9230769230769231,0
0.0,0.0032458750338111974,0.8432249009572502,0.7923213626307676,0.00018402367771319823,0.00018402367771319823,0.7238507443111023,0.006904355812122802,1.0000000000000002,0.0,0.6153846153846154,0
0.0,0.0032458750338111974,0.8432249009572502,0.9935819550293915,0.00018402367771319823,0.00018402367771319823,0.8419896386648305,0.006904355812122802,1.0000000000000002,0.0,0.6153846153846154,0
0.0,0.0032458750338111974,0.8432249009572502,0.4737337973203953,0.00018402367771319823,0.00018402367771319823,0.7045052134566201,0.006904355812122802,1.0000000000000002,0.0,0.6153846153846154,0
0.06451612903225806,0.03137679199350825,0.8432249009572502,0.4737337973203953,0.00018402367771319823,0.00018402367771319823,0.7045380024919666,0.006904355812122802,1.0000000000000002,0.0,0.6153846153846154,0
0.0,0.0032458750338111974,0.8432249009572502,0.054808387555910304,0.00018402367771319823,0.00018402367771319823,0.6016460095743983,0.006904355812122802,1.0000000000000002,0.0,0.6153846153846154,0
0.0,0.0032458750338111974,0.8432249009572502,0.7923213891769552,0.00018402367771319823,0.00018402367771319823,0.6123024460620368,0.006904355812122802,1.0000000000000002,0.0,0.6153846153846154,0
0.0,0.0032458750338111974,0.8432249009572502,0.054808387555910304,0.00018402367771319823,0.00018402367771319823,0.6016132205390518,0.006904355812122802,1.0000000000000002,0.0,0.6153846153846154,0
0.0,0.0032458750338111974,0.8432249009572502,0.9935820089513353,0.00018402367771319823,0.00018402367771319823,0.5556429929831463,0.006904355812122802,1.0000000000000002,0.0,0.6153846153846154,0
0.0,0.10657289694346768,0.8432249009572502,0.9935819550293915,0.00018402367771319823,0.00018402367771319823,0.7083743196275165,0.0009511939123589609,1.0000000000000002,0.0,0.9230769230769231,0
0.0,0.0032458750338111974,0.8432249009572502,0.7923319437752597,0.00018402367771319823,0.00018402367771319823,0.9240278051019738,0.006904355812122802,1.0000000000000002,0.0,0.6153846153846154,0
0.0,0.0032458750338111974,0.8432249006789202,0.05480929206195066,0.00018402367771319823,0.00018402367771319823,0.6751918158567775,0.006904355812122802,1.0000000000000002,0.0,0.6153846153846154,0
0.0,0.0032458750338111974,0.8432249009572502,0.9935818220219305,0.00018402367771319823,0.00018402367771319823,0.8450390189520623,0.006904355812122802,1.0000000000000002,0.0,0.6153846153846154,0
0.06451612903225806,0.03137679199350825,0.8432249006789202,0.05480930312286218,0.00018402367771319823,0.00018402367771319823,0.6529280608564496,0.006904355812122802,1.0000000000000002,0.0,0.6153846153846154,0
0.0,0.06383554233162024,0.8432249009572502,0.7923319434987369,0.00018402367771319823,0.00018402367771319823,0.9928519902944455,0.006904355812122802,1.0000000000000002,0.0,0.9230769230769231,0
0.0,0.0032458750338111974,0.8432249009572502,0.6928024202278757,0.00018402367771319823,0.00018402367771319823,0.9348481867663453,0.006904355812122802,1.0000000000000002,0.0,0.6153846153846154,0
0.0,0.0032458750338111974,0.8432249006789202,0.7923212133084618,0.00018402367771319823,0.00018402367771319823,0.583087415568234,0.006904355812122802,1.0000000000000002,0.0,0.6153846153846154,0
0.0,0.0,0.8432249009572502,0.4252343335889194,0.00018402367771319823,0.00018402367771319823,0.5639714079611777,0.006904355812122802,1.0000000000000002,0.0,0.6153846153846154,0
0.0,0.0032458750338111974,0.8432249006789202,0.9935818222984533,0.00018402367771319823,0.00018402367771319823,0.8091678142829037,0.006904355812122802,1.0000000000000002,0.0,0.6153846153846154,0
0.0,0.0032458750338111974,0.8432249006789202,0.9935820111635175,0.00018402367771319823,0.00018402367771319823,0.9844579972457209,0.006904355812122802,1.0000000000000002,0.0,0.6153846153846154,0
0.0,0.0032458750338111974,0.8432249009572502,0.7923212097136656,0.00018402367771319823,0.00018402367771319823,0.6566660108859597,0.006904355812122802,1.0000000000000002,0.0,0.6153846153846154,0
0.0,0.13416283473086285,0.8432249009572502,0.23547468619821377,0.00018402367771319823,0.00018402367771319823,0.9888845170175092,0.006904355812122802,1.0000000000000002,0.0,0.9230769230769231,0
0.0,0.0032458750338111974,0.8432249009572502,0.05480929593326969,0.00018402367771319823,0.00018402367771319823,0.6413863204144533,0.006904355812122802,1.0000000000000002,0.0,0.6153846153846154,0
0.0,0.0032458750338111974,0.8432249009572502,0.9935820089513353,0.00018402367771319823,0.00018402367771319823,0.555675782018493,0.006904355812122802,1.0000000000000002,0.0,0.6153846153846154,0
0.0,0.0032458750338111974,0.8432249009572502,0.1344901240730956,0.00018402367771319823,0.00018402367771319823,0.7900845957111942,0.006904355812122802,1.0000000000000002,0.0,0.6153846153846154,0
0.0,0.0032458750338111974,0.8432249006789202,0.05480932303250294,0.00018402367771319823,0.00018402367771319823,0.6364351760771197,0.006904355812122802,1.0000000000000002,0.0,0.6153846153846154,0
0.0,0.14308899107384365,0.8432249006789202,0.9935820111635175,0.00018402367771319823,0.00018402367771319823,0.9868843858613678,0.006904355812122802,1.0000000000000002,0.0,0.9230769230769231,0
0.12903225806451613,0.0595077089532053,0.8432249006789202,0.05480929012629114,0.00018402367771319823,0.00018402367771319823,0.5760049839333726,0.006904355812122802,1.0000000000000002,0.0,0.6153846153846154,0
0.0,0.0032458750338111974,0.8432249006789202,0.05480929538022411,0.00018402367771319823,0.00018402367771319823,0.5649878680569217,0.006904355812122802,1.0000000000000002,0.0,0.6153846153846154,0
0.0,0.0032458750338111974,0.8432249004005901,0.054809303952430555,0.00018402367771319823,0.00018402367771319823,0.7068988130369204,0.006904355812122802,1.0000000000000002,0.0,0.6153846153846154,0
0.0,0.14308899107384365,0.8432249004005901,0.15583030376187842,0.00018402367771319823,0.00018402367771319823,0.8815660043281526,0.006904355812122802,1.0000000000000002,0.0,0.9230769230769231,0
0.03225806451612903,0.017311333513659724,0.8432249004005901,0.054809305611567286,0.00018402367771319823,0.00018402367771319823,0.7711653223162174,0.006904355812122802,1.0000000000000002,0.0,0.6153846153846154,0
0.0,0.0032458750338111974,0.8432249004005901,0.05480932026727506,0.00018402367771319823,0.00018402367771319823,0.9042888058233326,0.006904355812122802,1.0000000000000002,0.0,0.6153846153846154,0
0.0,0.0032458750338111974,0.8432249009572502,0.35480373165876783,0.00018402367771319823,0.00018402367771319823,0.7845104597022755,0.006904355812122802,1.0000000000000002,0.0,0.6153846153846154,0
0.0,0.11631052204490126,0.8432249006789202,0.9935818253402039,0.00018402367771319823,0.00018402367771319823,0.6279428159223556,0.006904355812122802,1.0000000000000002,0.0,0.9230769230769231,0
0.0,0.0032458750338111974,0.8432249006789202,0.13449011522436638,0.00018402367771319823,0.00018402367771319823,0.7221129254377335,0.006904355812122802,1.0000000000000002,0.0,0.6153846153846154,0
0.0,0.0032458750338111974,0.8432249004005901,0.9935818253402039,0.00018402367771319823,0.00018402367771319823,0.9116991278116597,0.006904355812122802,1.0000000000000002,0.0,0.6153846153846154,0
0.0,0.20449012713010548,0.8432249006789202,0.8502665190648121,0.00018402367771319823,0.00018402367771319823,0.9645550527903468,0.006904355812122802,1.0000000000000002,0.0,0.9230769230769231,0
0.0,0.0032458750338111974,0.8432249006789202,0.9935812822494478,0.00018402367771319823,0.00018402367771319823,0.8735654797035871,0.006904355812122802,1.0000000000000002,0.0,0.6153846153846154,0
0.16129032258064516,0.12658912631863672,0.8432249009572502,0.9935819547528687,0.00018402367771319823,0.00018402367771319823,0.700603318250377,0.006904355812122802,1.0000000000000002,0.0,0.9230769230769231,0
0.0,0.0032458750338111974,0.8432249004005901,0.9935812825259706,0.00018402367771319823,0.00018402367771319823,0.8889107482457865,0.006904355812122802,1.0000000000000002,0.0,0.6153846153846154,0
0.0,0.0,0.8432249006789202,0.42889653088311125,0.00018402367771319823,0.00018402367771319823,0.9901960784313725,0.006904355812122802,1.0000000000000002,0.0,0.6153846153846154,0
0.0,0.0032458750338111974,0.8432249006789202,0.7923213891769552,0.00018402367771319823,0.00018402367771319823,0.9420945635779395,0.006904355812122802,1.0000000000000002,0.0,0.6153846153846154,0
0.0,0.0032458750338111974,0.8432249009572502,0.9935818220219305,0.00018402367771319823,0.00018402367771319823,0.8450390189520623,0.006904355812122802,1.0000000000000002,0.0,0.6153846153846154,0
0.0,0.06302407357316743,0.8432249009572502,0.16492982118064076,0.00018402367771319823,0.00018402367771319823,0.5547248999934422,0.006904355812122802,1.0000000000000002,0.0,0.9230769230769231,0
0.0,0.0032458750338111974,0.8432249006789202,0.9935820081217669,0.00018402367771319823,0.00018402367771319823,0.6835858089055019,0.006904355812122802,1.0000000000000002,0.0,0.6153846153846154,0
0.0,0.013794968893697591,0.8432249009572502,0.15717638434188375,0.00018402367771319823,0.00018402367771319823,0.7592956915207554,0.006904355812122802,1.0000000000000002,0.0,0.9230769230769231,0
0.0,0.0032458750338111974,0.4279375892270282,0.5759249705033349,0.00018402367771319823,0.00018402367771319823,0.001311561413863204,0.6489438467593807,1.0000000000000002,0.0,0.6538461538461539,0
0.0,0.10089261563429808,0.8432249004005901,0.9829904378909271,0.00018402367771319823,0.00018402367771319823,0.785953177257525,0.006904355812122802,1.0000000000000002,0.0,0.9230769230769231,0
0.0,0.0032458750338111974,0.8432249004005901,0.9935820081217669,0.00018402367771319823,0.00018402367771319823,0.5783002164076333,0.006904355812122802,1.0000000000000002,0.0,0.6153846153846154,0
0.0,0.0032458750338111974,0.8432249004005901,0.9829904024960102,0.00018402367771319823,0.00018402367771319823,0.6583054626532887,0.006904355812122802,1.0000000000000002,0.0,0.6153846153846154,0
0.0,0.0032458750338111974,0.8432249004005901,0.054809300910679884,0.00018402367771319823,0.00018402367771319823,0.568955341333858,0.006904355812122802,1.0000000000000002,0.0,0.6153846153846154,0
0.0,0.0,0.8432249006789202,0.5322564389679982,0.00018402367771319823,0.00018402367771319823,0.6692570004590465,0.006904355812122802,1.0000000000000002,0.0,0.6153846153846154,0
0.0,0.10576142818501488,0.8432249006789202,0.42523423404071564,0.00018402367771319823,0.00018402367771319823,0.6672568693029051,0.0009511939123589609,1.0000000000000002,0.0,0.9230769230769231,0
0.0,0.0032458750338111974,0.8432249004005901,0.7386421030647988,0.00018402367771319823,0.00018402367771319823,0.9572430979080595,0.006904355812122802,1.0000000000000002,0.0,0.6153846153846154,0
0.0,0.0032458750338111974,0.8432249004005901,0.7923319437752597,0.00018402367771319823,0.00018402367771319823,0.977900190176405,0.0009511939123589609,1.0000000000000002,0.0,0.6538461538461539,0
0.0,0.013794968893697591,0.8432249006789202,0.9935812822494478,0.00018402367771319823,0.00018402367771319823,0.8735654797035871,0.006904355812122802,1.0000000000000002,0.0,0.9230769230769231,0
0.0,0.0,0.1352932204778188,0.5759249705033349,0.00018402367771319823,0.00018402367771319823,0.007262771329267492,0.7344856992915244,1.0000000000000002,0.0,0.15384615384615385,0
0.0,0.005409791723018665,4.194323254679694e-05,0.5759249705033349,0.00018402367771319823,0.00018402367771319823,0.001311561413863204,0.7419312516399894,1.0000000000000002,0.0,0.6923076923076923,0
0.0,0.0032458750338111974,0.8432249009572502,0.05480929786892921,0.00018402367771319823,0.00018402367771319823,0.7884451439438651,0.006904355812122802,1.0000000000000002,0.0,0.6153846153846154,0
0.06451612903225806,0.03137679199350825,0.8432249009572502,0.054809309759409106,0.00018402367771319823,0.00018402367771319823,0.7807725096727653,0.006904355812122802,1.0000000000000002,0.0,0.6153846153846154,0
0.0,0.0032458750338111974,0.8432249009572502,0.23233753240035832,0.00018402367771319823,0.00018402367771319823,0.6973899927864122,0.006904355812122802,1.0000000000000002,0.0,0.6153846153846154,0
0.0,0.0032458750338111974,0.8432249009572502,0.9935819550293915,0.00018402367771319823,0.00018402367771319823,0.8564823922880188,0.006904355812122802,1.0000000000000002,0.0,0.6153846153846154,0
0.0,0.005409791723018665,0.8432249009572502,0.7923319434987369,0.00018402367771319823,0.00018402367771319823,0.5453800249196669,0.006904355812122802,1.0000000000000002,0.0,0.07692307692307693,0
0.0,0.0684338652961861,0.8432249009572502,0.4742318897996982,0.00018402367771319823,0.00018402367771319823,0.5611187618860253,0.006904355812122802,1.0000000000000002,0.0,0.9230769230769231,0
0.0,0.0032458750338111974,0.8432249009572502,0.4742318897996982,0.00018402367771319823,0.00018402367771319823,0.5612499180274116,0.006904355812122802,1.0000000000000002,0.0,0.6153846153846154,0
0.0,0.0032458750338111974,0.8432249009572502,0.23255769237824286,0.00018402367771319823,0.00018402367771319823,0.6379434717030624,0.006904355812122802,1.0000000000000002,0.0,0.6153846153846154,0
0.0,0.0032458750338111974,0.8432249009572502,0.9935818220219305,0.00018402367771319823,0.00018402367771319823,0.8605154436356481,0.006904355812122802,1.0000000000000002,0.0,0.6153846153846154,0
0.0,0.14308899107384365,0.8432249009572502,0.474800241465561,0.00018402367771319823,0.00018402367771319823,0.7835923667125713,0.006904355812122802,1.0000000000000002,0.0,0.9230769230769231,0
0.0,0.0032458750338111974,0.8432249006789202,0.054809305611567286,0.00018402367771319823,0.00018402367771319823,0.6176470588235293,0.006904355812122802,1.0000000000000002,0.0,0.6153846153846154,0
0.0,0.03732756288882878,0.8432249006789202,0.054809305335044495,0.00018402367771319823,0.00018402367771319823,0.7006688963210702,0.006904355812122802,1.0000000000000002,0.0,0.9230769230769231,0
0.03225806451612903,0.017311333513659724,0.8432249006789202,0.054809305611567286,0.00018402367771319823,0.00018402367771319823,0.6178765820709554,0.006904355812122802,1.0000000000000002,0.0,0.6153846153846154,0
0.0,0.0032458750338111974,0.8432249006789202,0.054809305611567286,0.00018402367771319823,0.00018402367771319823,0.6182044724244212,0.006904355812122802,1.0000000000000002,0.0,0.6153846153846154,0
0.0,0.0032458750338111974,0.8432249006789202,0.7923319437752597,0.00018402367771319823,0.00018402367771319823,0.9758344809495704,0.006904355812122802,1.0000000000000002,0.0,0.6153846153846154,0
0.03225806451612903,0.017311333513659724,0.8432249006789202,0.9935819550293915,0.00018402367771319823,0.00018402367771319823,0.5957111941766673,0.006904355812122802,1.0000000000000002,0.0,0.6153846153846154,0
0.0,0.010819583446037328,0.8432248998439299,0.8378249159802583,1.0,0.00018402367771319823,0.0,0.02064746785620572,0.0,1.0,0.0,0
0.0,0.0032458750338111974,0.8432249004005901,0.05480932026727506,0.00018402367771319823,0.00018402367771319823,0.9168142173257262,0.006904355812122802,1.0000000000000002,0.0,0.6538461538461539,0
0.0,0.0032458750338111974,0.8432249004005901,0.05480932026727506,0.00018402367771319823,0.00018402367771319823,0.9172404747852317,0.006904355812122802,1.0000000000000002,0.0,0.6153846153846154,0
0.03225806451612903,0.017311333513659724,0.8432249004005901,0.054809309759409106,0.00018402367771319823,0.00018402367771319823,0.5703980588891074,0.006904355812122802,1.0000000000000002,0.0,0.6153846153846154,0
0.03225806451612903,0.03462266702731945,0.8432249009572502,0.7923319434987369,0.00018402367771319823,0.00018402367771319823,0.5490851859138304,0.006904355812122802,1.0000000000000002,0.0,0.9230769230769231,0
0.0,0.0032458750338111974,0.8432249004005901,0.9935819580711421,0.00018402367771319823,0.00018402367771319823,0.7894616040396091,0.006904355812122802,1.0000000000000002,0.0,0.6153846153846154,0
0.03225806451612903,0.017311333513659724,0.8432249004005901,0.7923319437752597,0.00018402367771319823,0.00018402367771319823,0.8251032854613417,0.006904355812122802,1.0000000000000002,0.0,0.6153846153846154,0
0.0,0.0032458750338111974,0.8432249004005901,0.9935819547528687,0.00018402367771319823,0.00018402367771319823,0.8353006754541281,0.006904355812122802,1.0000000000000002,0.0,0.6153846153846154,0
0.3548387096774194,0.15796591831214496,0.8432249006789202,0.20436694957702994,0.00018402367771319823,0.00018402367771319823,0.7409666207620171,0.006904355812122802,1.0000000000000002,0.0,0.6153846153846154,0
0.0,0.14308899107384365,0.8432249006789202,0.7923212016945048,0.00018402367771319823,0.00018402367771319823,0.9643911076136139,0.006904355812122802,1.0000000000000002,0.0,0.9230769230769231,0
0.0,0.0032458750338111974,0.8432249009572502,0.474800241465561,0.00018402367771319823,0.00018402367771319823,0.7824447504754409,0.006904355812122802,1.0000000000000002,0.0,0.6153846153846154,0
0.0,0.042466865025696514,0.8432249004005901,0.10102826351004945,0.00018402367771319823,0.00018402367771319823,0.881926683716965,0.006904355812122802,1.0000000000000002,0.0,0.9230769230769231,0
0.0,0.0032458750338111974,0.8432249004005901,6.546400488887175e-05,0.00018402367771319823,0.00018402367771319823,0.698734343235622,0.006904355812122802,1.0000000000000002,0.0,0.6153846153846154,0
0.0967741935483871,0.045442250473356774,0.8432249004005901,0.10105696878765148,0.00018402367771319823,0.00018402367771319823,0.7473276936192537,0.006904355812122802,1.0000000000000002,0.0,0.6153846153846154,0
0.0,0.0,0.8432249004005901,0.3113300402922102,0.00018402367771319823,0.00018402367771319823,0.5726277132926749,0.006904355812122802,1.0000000000000002,0.0,0.6153846153846154,0
0.0,0.03732756288882878,0.8432249004005901,0.09788351777904276,0.00018402367771319823,0.00018402367771319823,0.8448094957046363,0.006904355812122802,1.0000000000000002,0.0,0.9230769230769231,0
0.0,0.0032458750338111974,0.8432249009572502,7.541744265171339e-05,0.00018402367771319823,0.00018402367771319823,0.8845498065446914,0.0009511939123589609,1.0000000000000002,0.0,0.6153846153846154,0
0.0,0.0032458750338111974,0.8432249009572502,0.47734078766948257,0.00018402367771319823,0.00018402367771319823,0.9983277591973243,0.006904355812122802,1.0000000000000002,0.0,0.6153846153846154,0
0.0,0.06140113605626184,0.8432249004005901,0.1568934918512126,0.00018402367771319823,0.00018402367771319823,0.8154633090694471,0.006904355812122802,1.0000000000000002,0.0,0.9230769230769231,0
0.0,0.7649445496348392,0.8432249004005901,0.15622762829539463,0.00018402367771319823,0.00018402367771319823,0.9746540756770935,0.006904355812122802,1.0000000000000002,0.0,0.6153846153846154,0
0.0,0.0032458750338111974,0.8432249004005901,0.10102811861210842,0.00018402367771319823,0.00018402367771319823,0.6638468096268607,0.006904355812122802,1.0000000000000002,0.0,0.6153846153846154,0
0.0,0.0032458750338111974,0.8432249004005901,0.09788351777904276,0.00018402367771319823,0.00018402367771319823,0.8448094957046363,0.006904355812122802,1.0000000000000002,0.0,0.6153846153846154,0
0.0,0.0032458750338111974,0.8432249004005901,0.10102826351004945,0.00018402367771319823,0.00018402367771319823,0.881926683716965,0.006904355812122802,1.0000000000000002,0.0,0.6153846153846154,0
0.0,0.0032458750338111974,0.8432249009572502,0.23255769237824286,0.00018402367771319823,0.00018402367771319823,0.6379434717030624,0.006904355812122802,1.0000000000000002,0.0,0.6153846153846154,0
0.0,0.03678658371652692,0.8432249004005901,6.546400488887175e-05,0.00018402367771319823,0.00018402367771319823,0.698734343235622,0.006904355812122802,1.0000000000000002,0.0,0.9230769230769231,0
0.0,0.0032458750338111974,0.8432249004005901,0.15622762829539463,0.00018402367771319823,0.00018402367771319823,0.9746540756770935,0.006904355812122802,1.0000000000000002,0.0,0.6153846153846154,0
0.0,0.013794968893697591,0.8432249009572502,0.7923319434987369,0.00018402367771319823,0.00018402367771319823,0.5453800249196669,0.006904355812122802,1.0000000000000002,0.0,0.9230769230769231,0
0.0,0.0032458750338111974,0.8432249006789202,0.05480929786892921,0.00018402367771319823,0.00018402367771319823,0.7240802675585284,0.006904355812122802,1.0000000000000002,0.0,0.6153846153846154,0
0.06451612903225806,0.03137679199350825,0.8432249006789202,0.054809309759409106,0.00018402367771319823,0.00018402367771319823,0.8186110564627188,0.006904355812122802,1.0000000000000002,0.0,0.6153846153846154,0
0.06451612903225806,0.03137679199350825,0.8432249006789202,0.9935819550293915,0.00018402367771319823,0.00018402367771319823,0.604006820119352,0.006904355812122802,1.0000000000000002,0.0,0.6153846153846154,0
0.0,0.005409791723018665,0.8432249006789202,0.47321570947827435,0.00018402367771319823,0.00018402367771319823,0.6479113384484229,0.006904355812122802,1.0000000000000002,0.0,0.07692307692307693,0
0.0,0.0,0.8432249006789202,0.47321570947827435,0.00018402367771319823,0.00018402367771319823,0.6479769165191159,0.006904355812122802,1.0000000000000002,0.0,0.6153846153846154,0
0.0,0.0032458750338111974,0.8432249006789202,0.792321201417982,0.00018402367771319823,0.00018402367771319823,0.8781887336874549,0.006904355812122802,1.0000000000000002,0.0,0.6153846153846154,0
0.0,0.0,0.8432249006789202,0.47322741164615006,0.00018402367771319823,0.00018402367771319823,0.7144075021312872,0.006904355812122802,1.0000000000000002,0.0,0.6153846153846154,0
0.0,0.0032458750338111974,0.8432249009572502,0.23254488799053322,0.00018402367771319823,0.00018402367771319823,0.911830283953046,0.006904355812122802,1.0000000000000002,0.0,0.6153846153846154,0
0.03225806451612903,0.10143359480659994,0.8432249006789202,0.9935820078452441,0.00018402367771319823,0.00018402367771319823,0.5903993704505213,0.006904355812122802,1.0000000000000002,0.0,0.9230769230769231,0
0.03225806451612903,0.027860427373546118,0.8432249006789202,0.9935818220219305,0.00018402367771319823,0.00018402367771319823,0.62876254180602,0.006904355812122802,1.0000000000000002,0.0,0.9230769230769231,0
0.0,0.005409791723018665,0.8432249006789202,0.24165448245274473,0.00018402367771319823,0.00018402367771319823,0.8407108662863138,0.006904355812122802,1.0000000000000002,0.0,0.07692307692307693,0
0.0,0.0032458750338111974,0.8432249006789202,0.9935819547528687,0.00018402367771319823,0.00018402367771319823,0.6966030559380942,0.006904355812122802,1.0000000000000002,0.0,0.6153846153846154,0
0.0,0.0562618339193941,0.8432249006789202,0.15717638434188375,0.00018402367771319823,0.00018402367771319823,0.9165846940783001,0.006904355812122802,1.0000000000000002,0.0,0.9230769230769231,0
0.0,0.0,0.8432249006789202,0.47322741164615006,0.00018402367771319823,0.00018402367771319823,0.7144075021312872,0.006904355812122802,1.0000000000000002,0.0,0.6153846153846154,0
0.0,0.0032458750338111974,0.8432249004005901,0.054808378154135515,0.00018402367771319823,0.00018402367771319823,0.5884648173650731,0.0009511939123589609,1.0000000000000002,0.0,0.6153846153846154,0
0.0,0.0781714903976197,0.8432249006789202,0.7923212033536415,0.00018402367771319823,0.00018402367771319823,0.6816512558200537,0.006904355812122802,1.0000000000000002,0.0,0.9230769230769231,0
0.0,0.0032458750338111974,0.8432249009572502,0.7252814933614065,0.00018402367771319823,0.00018402367771319823,0.6575841038756639,0.006904355812122802,1.0000000000000002,0.0,0.6153846153846154,0
0.0,0.0064917500676223965,0.8432249009572502,0.7923319434987369,0.00018402367771319823,0.00018402367771319823,0.5490851859138304,0.006904355812122802,1.0000000000000002,0.0,0.6153846153846154,0
0.0,0.0032458750338111974,0.8432249009572502,0.474800241465561,0.00018402367771319823,0.00018402367771319823,0.7824447504754409,0.006904355812122802,1.0000000000000002,0.0,0.6153846153846154,0
0.0,0.0032458750338111974,0.8432249004005901,0.10102826351004945,0.00018402367771319823,0.00018402367771319823,0.881926683716965,0.006904355812122802,1.0000000000000002,0.0,0.6153846153846154,0
0.0,0.0032458750338111974,0.8432249004005901,0.1568934918512126,0.00018402367771319823,0.00018402367771319823,0.8154633090694471,0.006904355812122802,1.0000000000000002,0.0,0.6153846153846154,0
0.0,0.022721125236678387,0.8432249009572502,0.05480932330902573,0.00018402367771319823,0.00018402367771319823,0.8867138828775657,0.006904355812122802,1.0000000000000002,0.0,0.9230769230769231,0
0.0,0.02840140654584799,0.8432249009572502,0.47734078766948257,0.00018402367771319823,0.00018402367771319823,0.5445275100006557,0.006904355812122802,1.0000000000000002,0.0,0.9230769230769231,0
0.0,0.01027860427373546,0.8432249004005901,0.9382901851769445,0.00018402367771319823,0.00018402367771319823,0.8594989835399042,0.006904355812122802,1.0000000000000002,0.0,0.9230769230769231,0
0.0,0.7649445496348392,0.8432249004005901,0.15622762829539463,0.00018402367771319823,0.00018402367771319823,0.9746540756770935,0.006904355812122802,1.0000000000000002,0.0,0.6153846153846154,0
0.0,0.0032458750338111974,0.8432249004005901,0.6928023610519991,0.00018402367771319823,0.00018402367771319823,0.9214702603449406,0.006904355812122802,1.0000000000000002,0.0,0.6153846153846154,0
0.03225806451612903,0.017311333513659724,0.8432249004005901,0.10102826351004945,0.00018402367771319823,0.00018402367771319823,0.881926683716965,0.006904355812122802,1.0000000000000002,0.0,0.6153846153846154,0
0.0,0.008385177170678928,0.8432249004005901,0.9382901851769445,0.00018402367771319823,0.00018402367771319823,0.8594989835399042,0.006904355812122802,1.0000000000000002,0.0,0.9230769230769231,0
0.0,0.010819583446037328,0.8432248998439299,0.8378249159802583,1.0,0.00018402367771319823,0.0,0.02064746785620572,0.0,1.0,0.0,0
0.0,0.0032458750338111974,0.8432249004005901,0.42523423404071564,0.00018402367771319823,0.00018402367771319823,0.6487638533674339,0.0009511939123589609,1.0000000000000002,0.0,0.6538461538461539,0
0.0,0.0032458750338111974,0.8432249009572502,0.054809305611567286,0.00018402367771319823,0.00018402367771319823,0.8299232736572889,0.006904355812122802,1.0000000000000002,0.0,0.6153846153846154,0
0.0,0.0032458750338111974,0.8432249009572502,0.05480930312286218,0.00018402367771319823,0.00018402367771319823,0.8137254901960784,0.006904355812122802,1.0000000000000002,0.0,0.6153846153846154,0
0.06451612903225806,0.03137679199350825,0.8432249009572502,0.05480930312286218,0.00018402367771319823,0.00018402367771319823,0.8139222244081579,0.006904355812122802,1.0000000000000002,0.0,0.6153846153846154,0
0.0,0.03732756288882878,0.8432249006789202,0.05480929206195066,0.00018402367771319823,0.00018402367771319823,0.7099809823594989,0.006904355812122802,1.0000000000000002,0.0,0.9230769230769231,0
0.03225806451612903,0.017311333513659724,0.8432249009572502,0.9935812825259706,0.00018402367771319823,0.00018402367771319823,0.6735195750541019,0.006904355812122802,1.0000000000000002,0.0,0.6153846153846154,0
0.0967741935483871,0.045442250473356774,0.8432249006789202,0.054809305611567286,0.00018402367771319823,0.00018402367771319823,0.6375827923142501,0.006904355812122802,1.0000000000000002,0.0,0.6153846153846154,0
0.0,0.10630240735731675,0.8432249006789202,0.7923212102667112,0.00018402367771319823,0.00018402367771319823,0.5943012656567643,0.0009511939123589609,1.0000000000000002,0.0,0.9230769230769231,0
0.0,0.0032458750338111974,0.8432249006789202,0.9935819580711421,0.00018402367771319823,0.00018402367771319823,0.695291494524231,0.006904355812122802,1.0000000000000002,0.0,0.6153846153846154,0
0.0,0.0032458750338111974,0.8432249006789202,0.7923319437752597,0.00018402367771319823,0.00018402367771319823,0.7832316873237589,0.0009511939123589609,1.0000000000000002,0.0,0.6153846153846154,0
0.0,0.0032458750338111974,0.8432249009572502,0.9935812825259706,0.00018402367771319823,0.00018402367771319823,0.6735195750541019,0.006904355812122802,1.0000000000000002,0.0,0.6153846153846154,0
0.0,0.013794968893697591,0.8432249009572502,0.9935812822494478,0.00018402367771319823,0.00018402367771319823,0.6269263558266115,0.006904355812122802,1.0000000000000002,0.0,0.9230769230769231,0
0.0,0.020557208547470923,0.8432249009572502,0.9935820081217669,0.00018402367771319823,0.00018402367771319823,0.8304478982228343,0.006904355812122802,1.0000000000000002,0.0,0.9230769230769231,0
0.03225806451612903,0.017311333513659724,0.8432249009572502,0.054808387555910304,0.00018402367771319823,0.00018402367771319823,0.6405010164600957,0.006904355812122802,1.0000000000000002,0.0,0.6153846153846154,0
0.0,0.0032458750338111974,0.8432249009572502,0.9935818220219305,0.00018402367771319823,0.00018402367771319823,0.8839268148731064,0.006904355812122802,1.0000000000000002,0.0,0.6153846153846154,0
0.0,0.0032458750338111974,0.8432249009572502,0.9935812822494478,0.00018402367771319823,0.00018402367771319823,0.6280083939930486,0.006904355812122802,1.0000000000000002,0.0,0.6153846153846154,0
0.0,0.013794968893697591,0.8432249009572502,0.9935818217454077,0.00018402367771319823,0.00018402367771319823,0.946193192996262,0.006904355812122802,1.0000000000000002,0.0,0.9230769230769231,0
0.0,0.0032458750338111974,0.8432249006789202,0.7923319437752597,0.00018402367771319823,0.00018402367771319823,0.9949832775919731,0.006904355812122802,1.0000000000000002,0.0,0.6153846153846154,0
0.0,0.0,0.8432249006789202,0.09914660032067944,0.00018402367771319823,0.00018402367771319823,0.9885238376286969,0.006904355812122802,1.0000000000000002,0.0,0.6153846153846154,0
0.0,0.013794968893697591,0.8432249006789202,0.9935812822494478,0.00018402367771319823,0.00018402367771319823,0.9051085317069971,0.006904355812122802,1.0000000000000002,0.0,0.9230769230769231,0
0.0,0.0032458750338111974,0.8432249006789202,0.15717638434188375,0.00018402367771319823,0.00018402367771319823,0.929405206898813,0.006904355812122802,1.0000000000000002,0.0,0.6153846153846154,0
0.0,0.015688395996754124,0.8432249004005901,0.05480929925154315,0.00018402367771319823,0.00018402367771319823,0.7693619253721555,0.006904355812122802,1.0000000000000002,0.0,0.9230769230769231,0
0.0,0.0032458750338111974,0.8432249004005901,0.05480930312286218,0.00018402367771319823,0.00018402367771319823,0.6024001573873696,0.006904355812122802,1.0000000000000002,0.0,0.6153846153846154,0
0.03225806451612903,0.12658912631863672,0.8432249004005901,0.7923319437752597,0.00018402367771319823,0.00018402367771319823,0.846940783002164,0.006904355812122802,1.0000000000000002,0.0,0.9230769230769231,0
0.0,0.0032458750338111974,0.8432249004005901,0.4194870565823012,0.00018402367771319823,0.00018402367771319823,0.9567184733425143,0.006904355812122802,1.0000000000000002,0.0,0.6153846153846154,0
0.0,0.03732756288882878,0.8432249004005901,0.4194870565823012,0.00018402367771319823,0.00018402367771319823,0.9573414650140992,0.006904355812122802,1.0000000000000002,0.0,0.9230769230769231,0
0.03225806451612903,0.04733567757641331,0.8432249009572502,0.7923319434987369,0.00018402367771319823,0.00018402367771319823,0.5705292150304938,0.006904355812122802,1.0000000000000002,0.0,0.9230769230769231,0
0.0,0.0032458750338111974,0.8432249004005901,0.054809312248114195,0.00018402367771319823,0.00018402367771319823,0.7917240474785231,0.006904355812122802,1.0000000000000002,0.0,0.6153846153846154,0
0.06451612903225806,0.1582364078982959,0.8432249009572502,0.9935812822494478,0.00018402367771319823,0.00018402367771319823,0.6280083939930486,0.006904355812122802,1.0000000000000002,0.0,0.9230769230769231,0
0.0,0.027589937787395186,0.8432249006789202,0.9935818220219305,0.00018402367771319823,0.00018402367771319823,0.6403042822480162,0.006904355812122802,1.0000000000000002,0.0,0.9230769230769231,0
0.0,0.013794968893697591,0.8432249006789202,0.9935812767189919,0.00018402367771319823,0.00018402367771319823,0.7963145124270443,0.006904355812122802,1.0000000000000002,0.0,0.9230769230769231,0
0.0,0.0032458750338111974,0.9999998096222124,0.5759249705033349,0.00018402367771319823,0.00018402367771319823,0.007262771329267492,0.6420886906323798,1.0000000000000002,0.0,0.6538461538461539,0
0.03225806451612903,0.017311333513659724,0.8432249004005901,0.07747457309984032,0.00018402367771319823,0.00018402367771319823,0.819299626204997,0.006904355812122802,1.0000000000000002,0.0,0.6153846153846154,0
0.0,0.0032458750338111974,0.8432249004005901,0.054808378154135515,0.00018402367771319823,0.00018402367771319823,0.6104006820119352,0.0009511939123589609,1.0000000000000002,0.0,0.6153846153846154,0
0.0,0.020557208547470923,0.8432249004005901,0.9935818220219305,0.00018402367771319823,0.00018402367771319823,0.7318840579710144,0.006904355812122802,1.0000000000000002,0.0,0.9230769230769231,0
0.0,0.0032458750338111974,0.8432249004005901,0.05480931750204718,0.00018402367771319823,0.00018402367771319823,0.9428159223555642,0.006904355812122802,1.0000000000000002,0.0,0.6153846153846154,0
0.0,0.0032458750338111974,0.8432249004005901,0.10108422425627475,0.00018402367771319823,0.00018402367771319823,0.9763591055151157,0.006904355812122802,1.0000000000000002,0.0,0.6153846153846154,0
0.0,0.1452529077630511,0.8432249004005901,0.9935818220219305,0.00018402367771319823,0.00018402367771319823,0.7317529018296282,0.006904355812122802,1.0000000000000002,0.0,0.9230769230769231,0
0.0,0.0032458750338111974,0.8432249009572502,0.05480932026727506,0.00018402367771319823,0.00018402367771319823,0.5989900977113253,0.006904355812122802,1.0000000000000002,0.0,0.6153846153846154,0
0.06451612903225806,0.03137679199350825,0.8432249009572502,0.054809309759409106,0.00018402367771319823,0.00018402367771319823,0.8140205915141976,0.006904355812122802,1.0000000000000002,0.0,0.6153846153846154,0
0.0,0.0032458750338111974,0.8432249009572502,0.9935819550293915,0.00018402367771319823,0.00018402367771319823,0.8899272083415305,0.006904355812122802,1.0000000000000002,0.0,0.6153846153846154,0
0.03225806451612903,0.017311333513659724,0.8432249009572502,0.9935812825259706,0.00018402367771319823,0.00018402367771319823,0.684602269001246,0.006904355812122802,1.0000000000000002,0.0,0.6153846153846154,0
0.0,0.0032458750338111974,0.8432249006789202,0.05480929925154315,0.00018402367771319823,0.00018402367771319823,0.7463440225588562,0.006904355812122802,1.0000000000000002,0.0,0.6153846153846154,0
0.0,0.0032458750338111974,0.8432249006789202,0.05480929925154315,0.00018402367771319823,0.00018402367771319823,0.7464751787002426,0.006904355812122802,1.0000000000000002,0.0,0.6153846153846154,0
0.0,0.0032458750338111974,0.055091614041435734,0.5759249705033349,0.00018402367771319823,0.00018402367771319823,0.007262771329267492,0.7464248228811334,1.0000000000000002,0.0,0.6538461538461539,0
0.0967741935483871,0.045442250473356774,0.8432249009572502,0.7923319468170104,0.00018402367771319823,0.00018402367771319823,0.9044527510000655,0.006904355812122802,1.0000000000000002,0.0,0.6153846153846154,0
0.0,0.0032458750338111974,0.8432249006789202,0.05480929925154315,0.00018402367771319823,0.00018402367771319823,0.7469342251950947,0.006904355812122802,1.0000000000000002,0.0,0.6153846153846154,0
0.0,0.0032458750338111974,0.8432249006789202,0.054809303952430555,0.00018402367771319823,0.00018402367771319823,0.8933372680175748,0.006904355812122802,1.0000000000000002,0.0,0.6153846153846154,0
0.0,0.0032458750338111974,0.8432249009572502,0.7923212102667112,0.00018402367771319823,0.00018402367771319823,0.7320152141124008,0.006904355812122802,1.0000000000000002,0.0,0.6153846153846154,0
0.03225806451612903,0.017311333513659724,0.8432249009572502,0.9935812764424691,0.00018402367771319823,0.00018402367771319823,0.9189782936586005,0.006904355812122802,1.0000000000000002,0.0,0.6153846153846154,0
0.0,0.0032458750338111974,0.8432249009572502,0.9935819602833246,0.00018402367771319823,0.00018402367771319823,0.6562725424618008,0.006904355812122802,1.0000000000000002,0.0,0.6153846153846154,0
0.03225806451612903,0.017311333513659724,0.8432249006789202,0.9935812825259706,0.00018402367771319823,0.00018402367771319823,0.8886484359630139,0.006904355812122802,1.0000000000000002,0.0,0.6153846153846154,0
0.03225806451612903,0.017311333513659724,0.8432249004005901,0.07747457309984032,0.00018402367771319823,0.00018402367771319823,0.8257918552036199,0.006904355812122802,1.0000000000000002,0.0,0.6153846153846154,0
0.0,0.0032458750338111974,0.8432249009572502,0.33601497740996444,0.00018402367771319823,0.00018402367771319823,0.9080923339235359,0.006904355812122802,1.0000000000000002,0.0,0.6153846153846154,0
0.12903225806451613,0.10008114687584528,0.8432249006789202,0.7923212133084618,0.00018402367771319823,0.00018402367771319823,0.6291232211948324,0.006904355812122802,1.0000000000000002,0.0,0.9230769230769231,0
0.0,0.0032458750338111974,0.8432249006789202,0.9935812731241956,0.00018402367771319823,0.00018402367771319823,0.5818414322250639,0.006904355812122802,1.0000000000000002,0.0,0.6538461538461539,0
0.0,0.0032458750338111974,0.8432249006789202,0.7923212097136656,0.00018402367771319823,0.00018402367771319823,0.5426585349859007,0.006904355812122802,1.0000000000000002,0.0,0.6153846153846154,0
0.0,0.0032458750338111974,0.8432249006789202,0.7965523733838785,0.00018402367771319823,0.00018402367771319823,0.9064856711915534,0.006904355812122802,1.0000000000000002,0.0,0.6153846153846154,0
0.0,0.050852042196375444,0.8432249009572502,0.7923319468170104,0.00018402367771319823,0.00018402367771319823,0.9044527510000655,0.006904355812122802,1.0000000000000002,0.0,0.9230769230769231,0
0.0,0.009737625101433596,0.8432249009572502,0.7923212102667112,0.00018402367771319823,0.00018402367771319823,0.7320152141124008,0.006904355812122802,1.0000000000000002,0.0,0.9230769230769231,0
0.0,0.0032458750338111974,0.8432249006789202,0.33601497851605555,0.00018402367771319823,0.00018402367771319823,0.7468030690537084,0.006904355812122802,1.0000000000000002,0.0,0.6153846153846154,0
0.0,0.0032458750338111974,0.8432249006789202,0.7965428704017378,0.00018402367771319823,0.00018402367771319823,0.5437405731523378,0.006904355812122802,1.0000000000000002,0.0,0.6153846153846154,0
0.0,0.02190965647822559,0.8432249006789202,0.7923212011414592,0.00018402367771319823,0.00018402367771319823,0.6597153911731917,0.006904355812122802,1.0000000000000002,0.0,0.9230769230769231,0
0.0,0.0032458750338111974,0.8432249006789202,0.7965428704017378,0.00018402367771319823,0.00018402367771319823,0.5437077841169913,0.006904355812122802,1.0000000000000002,0.0,0.6153846153846154,0
0.06451612903225806,0.03137679199350825,0.8432249006789202,0.33601497851605555,0.00018402367771319823,0.00018402367771319823,0.7467702800183618,0.006904355812122802,1.0000000000000002,0.0,0.6153846153846154,0
0.0,0.0032458750338111974,0.8432249006789202,0.9935812825259706,0.00018402367771319823,0.00018402367771319823,0.683192340481343,0.0009511939123589609,1.0000000000000002,0.0,0.6153846153846154,0
0.0,0.0032458750338111974,0.8432249004005901,0.07747457309984032,0.00018402367771319823,0.00018402367771319823,0.8272017837235228,0.006904355812122802,1.0000000000000002,0.0,0.6153846153846154,0
0.0,0.03868001081958345,0.8432249004005901,0.4194870565823012,0.00018402367771319823,0.00018402367771319823,0.9567184733425143,0.006904355812122802,1.0000000000000002,0.0,0.9230769230769231,0
0.0,0.0032458750338111974,0.8432249009572502,0.05480929206195066,0.00018402367771319823,0.00018402367771319823,0.9547511312217194,0.006904355812122802,1.0000000000000002,0.0,0.6153846153846154,0
0.0,0.005409791723018665,0.8432249009572502,7.542878008603114e-05,0.00018402367771319823,0.00018402367771319823,0.8777624762279493,0.006904355812122802,1.0000000000000002,0.0,0.07692307692307693,0
0.06451612903225806,0.03137679199350825,0.8432249009572502,0.054809303952430555,0.00018402367771319823,0.00018402367771319823,0.9376680438061512,0.006904355812122802,1.0000000000000002,0.0,0.6153846153846154,0
0.0,0.005409791723018665,0.8432249009572502,0.7923212099901884,0.00018402367771319823,0.00018402367771319823,0.9283231687323759,0.006904355812122802,1.0000000000000002,0.0,0.07692307692307693,0
0.06451612903225806,0.03137679199350825,0.8432249009572502,0.9935812825259706,0.00018402367771319823,0.00018402367771319823,0.6907010295757099,0.006904355812122802,1.0000000000000002,0.0,0.6153846153846154,0
0.0,0.0032458750338111974,0.8432249009572502,0.9935818220219305,0.00018402367771319823,0.00018402367771319823,0.8988458259558003,0.006904355812122802,1.0000000000000002,0.0,0.6153846153846154,0
0.0,0.005409791723018665,0.10152645895289601,0.5759249705033349,0.00018402367771319823,0.00018402367771319823,0.007262771329267492,0.9395499868800838,1.0000000000000002,0.0,0.6923076923076923,0
0.0,0.0032458750338111974,0.8432249009572502,0.10094262384948473,0.00018402367771319823,0.00018402367771319823,0.939471440750213,0.006904355812122802,1.0000000000000002,0.0,0.6153846153846154,0
0.0,0.0032458750338111974,0.8432249009572502,0.10094262384948473,0.00018402367771319823,0.00018402367771319823,0.9395698078562528,0.006904355812122802,1.0000000000000002,0.0,0.6153846153846154,0
0.0,0.0032458750338111974,0.8432249006789202,0.8494902499144686,0.00018402367771319823,0.00018402367771319823,0.8169060266246967,0.006904355812122802,1.0000000000000002,0.0,0.6153846153846154,0
0.0,0.010819583446037328,0.8432248998439299,0.8378249162567811,1.0,0.00018402367771319823,0.0,0.02064746785620572,0.0,1.0,0.0,0
0.0,0.0032458750338111974,0.8432249006789202,0.054809305335044495,0.00018402367771319823,0.00018402367771319823,0.7382451308282509,0.006904355812122802,1.0000000000000002,0.0,0.6538461538461539,0
0.06451612903225806,0.03137679199350825,0.8432249006789202,0.054809303952430555,0.00018402367771319823,0.00018402367771319823,0.8999278641222375,0.006904355812122802,1.0000000000000002,0.0,0.6153846153846154,0
0.0,0.020557208547470923,0.8432249006789202,0.7923212102667112,0.00018402367771319823,0.00018402367771319823,0.9125844317660173,0.006904355812122802,1.0000000000000002,0.0,0.9230769230769231,0
0.03225806451612903,0.017311333513659724,0.8432249006789202,0.7923319437752597,0.00018402367771319823,0.00018402367771319823,0.5500688569742278,0.006904355812122802,1.0000000000000002,0.0,0.6153846153846154,0
0.06451612903225806,0.08980254260210982,0.8432249009572502,0.15176051132476945,0.00018402367771319823,0.00018402367771319823,0.540756770935799,0.006904355812122802,1.0000000000000002,0.0,0.9230769230769231,0
0.0,0.0032458750338111974,0.8432249009572502,0.10094262384948473,0.00018402367771319823,0.00018402367771319823,0.9396025968915994,0.006904355812122802,1.0000000000000002,0.0,0.6153846153846154,0
0.03225806451612903,0.017311333513659724,0.8432249009572502,0.05480929206195066,0.00018402367771319823,0.00018402367771319823,0.9552101777165715,0.006904355812122802,1.0000000000000002,0.0,0.6153846153846154,0
0.0,0.0032458750338111974,0.8432249004005901,0.07747457309984032,0.00018402367771319823,0.00018402367771319823,0.8321529280608564,0.006904355812122802,1.0000000000000002,0.0,0.6153846153846154,0
0.0,0.0,0.8432249004005901,0.24511893747149494,0.00018402367771319823,0.00018402367771319823,0.6566660108859597,0.006904355812122802,1.0000000000000002,0.0,0.15384615384615385,0
0.0,0.0,0.8432249009572502,0.008519120143720861,0.00018402367771319823,0.00018402367771319823,0.887238507443111,0.006904355812122802,1.0000000000000002,0.0,0.15384615384615385,0
0.0,0.0032458750338111974,0.8432249006789202,0.9935819547528687,0.00018402367771319823,0.00018402367771319823,0.7229326513213981,0.006904355812122802,1.0000000000000002,0.0,0.6153846153846154,0
0.0,0.0032458750338111974,0.8432249004005901,0.05480929206195066,0.00018402367771319823,0.00018402367771319823,0.916519116007607,0.006904355812122802,1.0000000000000002,0.0,0.6153846153846154,0
0.0967741935483871,0.045442250473356774,0.8432249004005901,0.05480930312286218,0.00018402367771319823,0.00018402367771319823,0.6189914092727391,0.006904355812122802,1.0000000000000002,0.0,0.6153846153846154,0
0.0,0.10657289694346768,0.8432249004005901,0.7923212102667112,0.00018402367771319823,0.00018402367771319823,0.9881959472752311,0.0009511939123589609,1.0000000000000002,0.0,0.9230769230769231,0
0.0,0.005409791723018665,0.7974345961884475,0.5759249705033349,0.00018402367771319823,0.00018402367771319823,0.007262771329267492,0.7072618735240094,1.0000000000000002,0.0,0.6923076923076923,0
0.0,0.0032458750338111974,0.8432249004005901,0.9935818222984533,0.00018402367771319823,0.00018402367771319823,0.8108400550855793,0.006904355812122802,1.0000000000000002,0.0,0.6153846153846154,0
0.0,0.0032458750338111974,0.8432249009572502,0.05480930312286218,0.00018402367771319823,0.00018402367771319823,0.8382516886353203,0.006904355812122802,1.0000000000000002,0.0,0.6153846153846154,0
0.0967741935483871,0.045442250473356774,0.8432249009572502,0.05480930312286218,0.00018402367771319823,0.00018402367771319823,0.8384812118827464,0.006904355812122802,1.0000000000000002,0.0,0.6153846153846154,0
0.0,0.0032458750338111974,0.8432249009572502,0.05480929455065575,0.00018402367771319823,0.00018402367771319823,0.7259164535379369,0.006904355812122802,1.0000000000000002,0.0,0.6153846153846154,0
0.03225806451612903,0.04895861509331891,0.8432249009572502,0.7923319437752597,0.00018402367771319823,0.00018402367771319823,0.9848186766345334,0.006904355812122802,1.0000000000000002,0.0,0.9230769230769231,0
0.0,0.0032458750338111974,0.8432249009572502,0.9935819550293915,0.00018402367771319823,0.00018402367771319823,0.7707718538920585,0.0009511939123589609,1.0000000000000002,0.0,0.6153846153846154,0
0.0,0.0032458750338111974,0.8432249004005901,0.9935819547528687,0.00018402367771319823,0.00018402367771319823,0.8737950029510131,0.006904355812122802,1.0000000000000002,0.0,0.6153846153846154,0
0.06451612903225806,0.10522044901271302,0.8432249004005901,0.10094262384948473,0.00018402367771319823,0.00018402367771319823,0.7897567053577284,0.006904355812122802,1.0000000000000002,0.0,0.9230769230769231,0
0.0,0.0032458750338111974,0.8432249004005901,0.151805100347851,0.00018402367771319823,0.00018402367771319823,0.5933175945963669,0.006904355812122802,1.0000000000000002,0.0,0.6153846153846154,0
0.0,0.0032458750338111974,0.8432249006789202,0.05480930312286218,0.00018402367771319823,0.00018402367771319823,0.7133582530001967,0.006904355812122802,1.0000000000000002,0.0,0.6153846153846154,0
0.0,0.05409791723018664,0.8432249006789202,0.9935812825259706,0.00018402367771319823,0.00018402367771319823,0.9026821430913502,0.006904355812122802,1.0000000000000002,0.0,0.9230769230769231,0
0.0,0.005409791723018665,0.8432249009572502,0.9935812767189919,0.00018402367771319823,0.00018402367771319823,0.8453341202701816,0.006904355812122802,1.0000000000000002,0.0,0.07692307692307693,0
0.0,0.0,0.8432249009572502,0.7541015403640807,0.00018402367771319823,0.00018402367771319823,0.5516755197062102,0.006904355812122802,1.0000000000000002,0.0,0.6153846153846154,0
0.0,0.0,0.8432249009572502,0.7541015403640807,0.00018402367771319823,0.00018402367771319823,0.5518394648829431,0.006904355812122802,1.0000000000000002,0.0,0.6153846153846154,0
0.0,0.0032458750338111974,0.6972545309764513,0.5759249705033349,0.00018402367771319823,0.00018402367771319823,0.007262771329267492,0.7469168197323537,1.0000000000000002,0.0,0.6538461538461539,0
0.0,0.005409791723018665,0.6972545309764513,0.5759249705033349,0.00018402367771319823,0.00018402367771319823,0.007262771329267492,0.7468184203621097,1.0000000000000002,0.0,0.6923076923076923,0
0.03225806451612903,0.1614822829321071,0.8432249009572502,0.7541015403640807,0.00018402367771319823,0.00018402367771319823,0.5517083087415567,0.006904355812122802,1.0000000000000002,0.0,0.9230769230769231,0
0.0,0.0032458750338111974,0.8432249009572502,0.6928023914695058,0.00018402367771319823,0.00018402367771319823,0.7471965374778674,0.006904355812122802,1.0000000000000002,0.0,0.6153846153846154,0
0.0,0.0,0.8432249009572502,0.6928023914695058,0.00018402367771319823,0.00018402367771319823,0.74745884976064,0.006904355812122802,1.0000000000000002,0.0,0.15384615384615385,0
0.0,0.0,0.8432249009572502,0.7541015403640807,0.00018402367771319823,0.00018402367771319823,0.5517738868122499,0.006904355812122802,1.0000000000000002,0.0,0.6153846153846154,0
0.0,0.0,0.8432249009572502,0.7541015403640807,0.00018402367771319823,0.00018402367771319823,0.5517410977769034,0.006904355812122802,1.0000000000000002,0.0,0.6153846153846154,0
0.03225806451612903,0.010819583446037328,0.8432249009572502,0.7541015403640807,0.00018402367771319823,0.00018402367771319823,0.5518066758475966,0.006904355812122802,1.0000000000000002,0.0,0.6153846153846154,0
0.0,0.0032458750338111974,0.8432249006789202,0.47423454469498816,0.00018402367771319823,0.00018402367771319823,0.5645943996327628,0.006904355812122802,1.0000000000000002,0.0,0.6153846153846154,0
0.0,0.010819583446037328,0.8432248998439299,0.8378249162567811,1.0,0.00018402367771319823,0.0,0.02064746785620572,0.0,1.0,0.0,0
0.0,0.0032458750338111974,0.8432249006789202,9.18782911902994e-05,0.00018402367771319823,0.00018402367771319823,0.5486261394189783,0.006904355812122802,1.0000000000000002,0.0,0.6538461538461539,0
0.03225806451612903,0.017311333513659724,0.8432249009572502,0.7923212016945048,0.00018402367771319823,0.00018402367771319823,0.8245458718604498,0.006904355812122802,1.0000000000000002,0.0,0.6153846153846154,0
0.0,0.0032458750338111974,0.8432249006789202,0.6928023425249723,0.00018402367771319823,0.00018402367771319823,0.6997835923667125,0.006904355812122802,1.0000000000000002,0.0,0.6153846153846154,0
0.0,0.0032458750338111974,0.8432249006789202,0.9935812855677212,0.00018402367771319823,0.00018402367771319823,0.6986031870942356,0.006904355812122802,1.0000000000000002,0.0,0.6153846153846154,0
0.0,0.0032458750338111974,0.8432249006789202,0.42889631906665543,0.00018402367771319823,0.00018402367771319823,0.7065053446127615,0.006904355812122802,1.0000000000000002,0.0,0.6153846153846154,0
0.0,0.0032458750338111974,0.8432249006789202,0.7923212102667112,0.00018402367771319823,0.00018402367771319823,0.6199095022624433,0.0009511939123589609,1.0000000000000002,0.0,0.6153846153846154,0
0.0,0.14308899107384365,0.8432249006789202,0.993581281972925,0.00018402367771319823,0.00018402367771319823,0.7009312086038428,0.006904355812122802,1.0000000000000002,0.0,0.9230769230769231,0
0.0,0.0032458750338111974,0.8432249006789202,0.054809321096843416,0.00018402367771319823,0.00018402367771319823,0.8351039412420486,0.006904355812122802,1.0000000000000002,0.0,0.6153846153846154,0
0.0967741935483871,0.06708141736543143,0.8432249009572502,0.6928023914695058,0.00018402367771319823,0.00018402367771319823,0.747065381336481,0.006904355812122802,1.0000000000000002,0.0,0.9230769230769231,0
0.0,0.0032458750338111974,0.8432249006789202,0.9935819547528687,0.00018402367771319823,0.00018402367771319823,0.7347039150108203,0.006904355812122802,1.0000000000000002,0.0,0.6153846153846154,0
0.0,0.0032458750338111974,0.8432249009572502,0.6928023914695058,0.00018402367771319823,0.00018402367771319823,0.7471965374778674,0.006904355812122802,1.0000000000000002,0.0,0.6153846153846154,0
0.0,0.19448201244252095,0.8432249006789202,0.3811001846870539,0.00018402367771319823,0.00018402367771319823,0.7405403633025116,0.006904355812122802,1.0000000000000002,0.0,0.9230769230769231,0
0.0,0.013794968893697591,0.8432249006789202,0.9935819547528687,0.00018402367771319823,0.00018402367771319823,0.7303429733097252,0.006904355812122802,1.0000000000000002,0.0,0.9230769230769231,0
0.0,0.0032458750338111974,0.8432249006789202,0.1344901240730956,0.00018402367771319823,0.00018402367771319823,0.7920519378319889,0.006904355812122802,1.0000000000000002,0.0,0.6538461538461539,0
0.0,0.0032458750338111974,0.8432249006789202,0.9935819580711421,0.00018402367771319823,0.00018402367771319823,0.7207685749885238,0.006904355812122802,1.0000000000000002,0.0,0.6153846153846154,0
0.0,0.1582364078982959,0.8432249009572502,0.15695823357857858,0.00018402367771319823,0.00018402367771319823,0.7683126762410649,0.006904355812122802,1.0000000000000002,0.0,0.9230769230769231,0
0.0,0.0032458750338111974,0.8432249004005901,0.054809309759409106,0.00018402367771319823,0.00018402367771319823,0.620958751393534,0.006904355812122802,1.0000000000000002,0.0,0.6153846153846154,0
0.0,0.10251555315120368,0.8432249004005901,0.054809309759409106,0.00018402367771319823,0.00018402367771319823,0.6210899075349203,0.006904355812122802,1.0000000000000002,0.0,0.9230769230769231,0
0.03225806451612903,0.027860427373546118,0.8432249004005901,0.9935812825259706,0.00018402367771319823,0.00018402367771319823,0.9523903206767657,0.006904355812122802,1.0000000000000002,0.0,0.9230769230769231,0
0.0,0.0032458750338111974,0.8432249004005901,0.9935819580711421,0.00018402367771319823,0.00018402367771319823,0.8402190307561151,0.006904355812122802,1.0000000000000002,0.0,0.6153846153846154,0
0.0,0.010819583446037328,0.8432248998439299,0.8378249165333039,1.0,0.00018402367771319823,0.0,0.02064746785620572,0.0,1.0,0.0,0
0.0,0.0032458750338111974,0.8432249009572502,0.15695823357857858,0.00018402367771319823,0.00018402367771319823,0.7681815200996787,0.006904355812122802,1.0000000000000002,0.0,0.6538461538461539,0
0.0,0.0032458750338111974,0.8432249004005901,0.898737641699198,0.00018402367771319823,0.00018402367771319823,0.915896124336022,0.006904355812122802,1.0000000000000002,0.0,0.6153846153846154,0
0.0,0.0032458750338111974,0.8432249004005901,0.9935819547528687,0.00018402367771319823,0.00018402367771319823,0.8864515705947931,0.006904355812122802,1.0000000000000002,0.0,0.6153846153846154,0
0.0,0.0,0.8432249009572502,0.7541015403640807,0.00018402367771319823,0.00018402367771319823,0.5518394648829431,0.006904355812122802,1.0000000000000002,0.0,0.6153846153846154,0
0.0,0.0,0.15790817809107002,0.5759249705033349,0.00018402367771319823,0.00018402367771319823,0.007262771329267492,0.7707950669115717,1.0000000000000002,0.0,0.15384615384615385,0
0.0,0.0032458750338111974,0.8432249006789202,0.05480929786892921,0.00018402367771319823,0.00018402367771319823,0.7718866810938422,0.006904355812122802,1.0000000000000002,0.0,0.6153846153846154,0
0.0,0.0032458750338111974,0.8432249006789202,0.054809305611567286,0.00018402367771319823,0.00018402367771319823,0.6740769886549938,0.006904355812122802,1.0000000000000002,0.0,0.6153846153846154,0
0.0967741935483871,0.045442250473356774,0.8432249006789202,0.054809305611567286,0.00018402367771319823,0.00018402367771319823,0.6743065119024197,0.006904355812122802,1.0000000000000002,0.0,0.6153846153846154,0
0.0,0.005409791723018665,0.8432249009572502,0.15695823357857858,0.00018402367771319823,0.00018402367771319823,0.7736244999672109,0.006904355812122802,1.0000000000000002,0.0,0.07692307692307693,0
0.03225806451612903,0.03732756288882878,0.8432249006789202,0.9935819550293915,0.00018402367771319823,0.00018402367771319823,0.6520427569020919,0.006904355812122802,1.0000000000000002,0.0,0.9230769230769231,0
0.0,0.0032458750338111974,0.8432249004005901,0.9935819580711421,0.00018402367771319823,0.00018402367771319823,0.8401206636500753,0.006904355812122802,1.0000000000000002,0.0,0.6153846153846154,0
0.0,0.03381119826886665,0.8432249009572502,0.6928023914695058,0.00018402367771319823,0.00018402367771319823,0.747065381336481,0.006904355812122802,1.0000000000000002,0.0,0.9230769230769231,0
0.0,0.0,0.8432249009572502,0.7541015403640807,0.00018402367771319823,0.00018402367771319823,0.5632828382188996,0.006904355812122802,1.0000000000000002,0.0,0.15384615384615385,0
0.0,0.013794968893697591,0.8432249009572502,0.9935812767189919,0.00018402367771319823,0.00018402367771319823,0.8454324873762213,0.006904355812122802,1.0000000000000002,0.0,0.9230769230769231,0
0.0,0.034081687855017584,0.8432249009572502,0.6927930472114455,0.00018402367771319823,0.00018402367771319823,0.5745622663781231,0.006904355812122802,1.0000000000000002,0.0,0.9230769230769231,0
0.0,0.0032458750338111974,0.8432249009572502,0.9935812783781287,0.00018402367771319823,0.00018402367771319823,0.622204734736704,0.006904355812122802,1.0000000000000002,0.0,0.6153846153846154,0
0.0,0.0,0.758954321679398,0.5759249705033349,0.00018402367771319823,0.00018402367771319823,0.007262771329267492,0.5634019942272369,1.0000000000000002,0.0,0.6538461538461539,0
0.0,0.0032458750338111974,0.8432249009572502,0.6928023914695058,0.00018402367771319823,0.00018402367771319823,0.7471965374778674,0.006904355812122802,1.0000000000000002,0.0,0.6153846153846154,0
0.0,0.0032458750338111974,0.8432249009572502,0.6928023914695058,0.00018402367771319823,0.00018402367771319823,0.747065381336481,0.006904355812122802,1.0000000000000002,0.0,0.6153846153846154,0
0.0,0.08980254260210982,0.8432249009572502,0.9935819580711421,0.00018402367771319823,0.00018402367771319823,0.687487704111745,0.006904355812122802,1.0000000000000002,0.0,0.9230769230769231,0
0.03225806451612903,0.0692453340546389,0.8432249009572502,0.6928023914695058,0.00018402367771319823,0.00018402367771319823,0.7471965374778674,0.006904355812122802,1.0000000000000002,0.0,0.9230769230769231,0
0.0,0.011631052204490127,0.8432249004005901,0.05480922154863965,0.00018402367771319823,0.00018402367771319823,0.7869040592825759,0.006904355812122802,1.0000000000000002,0.0,0.9230769230769231,0
0.0,0.0032458750338111974,0.8432249009572502,0.9935812783781287,0.00018402367771319823,0.00018402367771319823,0.622204734736704,0.006904355812122802,1.0000000000000002,0.0,0.6153846153846154,0
0.0,0.023803083581282122,0.8432249009572502,0.6928023914695058,0.00018402367771319823,0.00018402367771319823,0.747065381336481,0.006904355812122802,1.0000000000000002,0.0,0.9230769230769231,0
0.0,0.0,0.8432249009572502,0.15695823357857858,0.00018402367771319823,0.00018402367771319823,0.7735917109318643,0.006904355812122802,1.0000000000000002,0.0,0.15384615384615385,0
0.0,0.0032458750338111974,0.8432249004005901,0.898737641699198,0.00018402367771319823,0.00018402367771319823,0.915896124336022,0.006904355812122802,1.0000000000000002,0.0,0.6153846153846154,0
0.0,0.0032458750338111974,0.8432249004005901,0.9935820078452441,0.00018402367771319823,0.00018402367771319823,0.5934487507377533,0.006904355812122802,1.0000000000000002,0.0,0.6153846153846154,0
0.0967741935483871,0.045442250473356774,0.8432249009572502,0.054809305611567286,0.00018402367771319823,0.00018402367771319823,0.8734343235622007,0.006904355812122802,1.0000000000000002,0.0,0.6153846153846154,0
0.0,0.0032458750338111974,0.8432249009572502,0.9935819580711421,0.00018402367771319823,0.00018402367771319823,0.7060462981179093,0.006904355812122802,1.0000000000000002,0.0,0.6153846153846154,0
0.0,0.0032458750338111974,0.8432249009572502,0.7923212133084618,0.00018402367771319823,0.00018402367771319823,0.9981638140205914,0.006904355812122802,1.0000000000000002,0.0,0.6153846153846154,0
0.0,0.0032458750338111974,0.8432249009572502,0.05480929786892921,0.00018402367771319823,0.00018402367771319823,0.8542527378844513,0.006904355812122802,1.0000000000000002,0.0,0.6153846153846154,0
0.0,0.005409791723018665,0.8432249004005901,0.05480930312286218,0.00018402367771319823,0.00018402367771319823,0.6414846875204931,0.006904355812122802,1.0000000000000002,0.0,0.07692307692307693,0
0.0967741935483871,0.045442250473356774,0.8432249004005901,0.054809309759409106,0.00018402367771319823,0.00018402367771319823,0.6315496098104794,0.006904355812122802,1.0000000000000002,0.0,0.6153846153846154,0
0.0,0.005409791723018665,0.9999992666001899,0.5759249705033349,0.00018402367771319823,0.00018402367771319823,0.001311561413863204,0.7319273156651797,1.0000000000000002,0.0,0.6923076923076923,0
0.0,0.0032458750338111974,0.8432249004005901,0.7923319468170104,0.00018402367771319823,0.00018402367771319823,0.7299822939209129,0.006904355812122802,1.0000000000000002,0.0,0.6153846153846154,0
0.0,0.0032458750338111974,0.8432249004005901,0.9935812825259706,0.00018402367771319823,0.00018402367771319823,0.9629156010230179,0.006904355812122802,1.0000000000000002,0.0,0.6153846153846154,0
0.0,0.013794968893697591,0.8432249009572502,0.7923213891769552,0.00018402367771319823,0.00018402367771319823,0.6946357138172995,0.006904355812122802,1.0000000000000002,0.0,0.9230769230769231,0
0.0,0.0,0.8432249009572502,0.4732917640294302,0.00018402367771319823,0.00018402367771319823,0.895829234703915,0.006904355812122802,1.0000000000000002,0.0,0.6153846153846154,0
0.0,0.013794968893697591,0.8432249009572502,0.7923319451578736,0.00018402367771319823,0.00018402367771319823,0.9291428946160404,0.006904355812122802,1.0000000000000002,0.0,0.9230769230769231,0
0.0,0.0,0.8432249009572502,0.6992096904880404,0.00018402367771319823,0.00018402367771319823,0.6012197521148928,0.006904355812122802,1.0000000000000002,0.0,0.6153846153846154,0
0.0,0.0032458750338111974,0.8432249009572502,0.24371416797143552,0.00018402367771319823,0.00018402367771319823,0.5558725162305724,0.006904355812122802,1.0000000000000002,0.0,0.6153846153846154,0
0.0,0.14308899107384365,0.8432249009572502,0.15568249624806071,0.00018402367771319823,0.00018402367771319823,0.6459112072922815,0.006904355812122802,1.0000000000000002,0.0,0.9230769230769231,0
0.0,0.0,0.8432249009572502,0.15568249624806071,0.00018402367771319823,0.00018402367771319823,0.6457800511508951,0.006904355812122802,1.0000000000000002,0.0,0.15384615384615385,0
0.0,0.0032458750338111974,0.8432249009572502,0.7923319437752597,0.00018402367771319823,0.00018402367771319823,0.5440684635058036,0.006904355812122802,1.0000000000000002,0.0,0.6153846153846154,0
0.0,0.0032458750338111974,0.8432249009572502,0.7923212016945048,0.00018402367771319823,0.00018402367771319823,0.8404157649681946,0.006904355812122802,1.0000000000000002,0.0,0.6153846153846154,0
0.0,0.0032458750338111974,0.8432249009572502,0.7923212008649364,0.00018402367771319823,0.00018402367771319823,0.5855793822545741,0.006904355812122802,1.0000000000000002,0.0,0.6153846153846154,0
0.0,0.0032458750338111974,0.8432249009572502,0.9935818217454077,0.00018402367771319823,0.00018402367771319823,0.9898681880779067,0.006904355812122802,1.0000000000000002,0.0,0.6153846153846154,0
0.0,0.0032458750338111974,0.8432249009572502,0.7923212110962796,0.00018402367771319823,0.00018402367771319823,0.7326709948193324,0.006904355812122802,1.0000000000000002,0.0,0.6153846153846154,0
0.0,0.0032458750338111974,0.8432249009572502,0.47734108382538876,0.00018402367771319823,0.00018402367771319823,0.6644698012984458,0.006904355812122802,1.0000000000000002,0.0,0.6153846153846154,0
0.0,0.0032458750338111974,0.8432249006789202,0.05480932026727506,0.00018402367771319823,0.00018402367771319823,0.6359105515115745,0.006904355812122802,1.0000000000000002,0.0,0.6153846153846154,0
0.0,0.0032458750338111974,0.8432249006789202,0.054809303952430555,0.00018402367771319823,0.00018402367771319823,0.9314381270903009,0.006904355812122802,1.0000000000000002,0.0,0.6153846153846154,0
0.0,0.0032458750338111974,0.8432249004005901,0.05480840525336876,0.00018402367771319823,0.00018402367771319823,0.7102760836776182,0.006904355812122802,1.0000000000000002,0.0,0.6153846153846154,0
0.0,0.005409791723018665,0.055091635194523224,0.5759249705033349,0.00018402367771319823,0.00018402367771319823,0.007262771329267492,0.6362503279979007,1.0000000000000002,0.0,0.6923076923076923,0
0.0,0.0032458750338111974,0.8432249006789202,0.05480932026727506,0.00018402367771319823,0.00018402367771319823,0.6364023870417732,0.006904355812122802,1.0000000000000002,0.0,0.6153846153846154,0
0.0,0.0032458750338111974,0.8432249006789202,0.05480930312286218,0.00018402367771319823,0.00018402367771319823,0.7375565610859728,0.006904355812122802,1.0000000000000002,0.0,0.6153846153846154,0
0.0,0.0,0.8432249004005901,0.7923319437752597,0.00018402367771319823,0.00018402367771319823,0.892156862745098,0.006904355812122802,1.0000000000000002,0.0,0.15384615384615385,0
0.0,0.0032458750338111974,0.8432249004005901,0.9935812822494478,0.00018402367771319823,0.00018402367771319823,0.6878483835005573,0.006904355812122802,1.0000000000000002,0.0,0.6153846153846154,0
0.03225806451612903,0.16770354341357857,0.8432249004005901,0.792321210543234,0.00018402367771319823,0.00018402367771319823,0.6432225063938618,0.006904355812122802,1.0000000000000002,0.0,0.9230769230769231,0
0.03225806451612903,0.017311333513659724,0.8432249006789202,0.7923319437752597,0.00018402367771319823,0.00018402367771319823,0.5818414322250639,0.006904355812122802,1.0000000000000002,0.0,0.6153846153846154,0
0.0,0.10711387611576954,0.8432249004005901,0.28661630221996914,0.00018402367771319823,0.00018402367771319823,0.8617286379434717,0.006904355812122802,1.0000000000000002,0.0,0.9230769230769231,0
0.0,0.0,0.8432249004005901,0.4252343335889194,0.00018402367771319823,0.00018402367771319823,0.6703718276608301,0.006904355812122802,1.0000000000000002,0.0,0.6153846153846154,0
0.0,0.005409791723018665,0.9999992663218599,0.5759249705033349,0.00018402367771319823,0.00018402367771319823,0.007262771329267492,0.9538506953555497,1.0000000000000002,0.0,0.6923076923076923,0
0.0,0.10359751149580741,0.8432249004005901,0.8834379256215426,0.00018402367771319823,0.00018402367771319823,0.9859990819070102,0.0009511939123589609,1.0000000000000002,0.0,0.9230769230769231,0
0.0,0.09764674060048688,0.8432249006789202,0.054809306717658435,0.00018402367771319823,0.00018402367771319823,0.9020263623844186,0.006904355812122802,1.0000000000000002,0.0,0.9230769230769231,0
0.0,0.10576142818501488,0.8432249006789202,0.42523423404071564,0.00018402367771319823,0.00018402367771319823,0.7462456554528165,0.0009511939123589609,1.0000000000000002,0.0,0.9230769230769231,0
0.0,0.005409791723018665,0.9999998096222124,0.5759249705033349,0.00018402367771319823,0.00018402367771319823,0.007262771329267492,0.69214117029651,1.0000000000000002,0.0,0.6923076923076923,0
0.0967741935483871,0.045442250473356774,0.8432249006789202,0.474234185768409,0.00018402367771319823,0.00018402367771319823,0.9653419896386648,0.006904355812122802,1.0000000000000002,0.0,0.6153846153846154,0
0.0,0.0032458750338111974,0.8432249006789202,0.7923212116493251,0.00018402367771319823,0.00018402367771319823,0.7269329136336808,0.006904355812122802,1.0000000000000002,0.0,0.6153846153846154,0
0.0,0.0032458750338111974,0.055091535830678,0.5759249705033349,0.00018402367771319823,0.00018402367771319823,0.007262771329267492,0.9270860666491734,1.0000000000000002,0.0,0.6538461538461539,0
0.0,0.011631052204490127,0.41918029394534123,0.5759249705033349,0.00018402367771319823,0.00018402367771319823,0.007262771329267492,0.8548281290999736,1.0000000000000002,0.0,0.9615384615384616,0
0.0,0.013794968893697591,0.8432249004005901,0.7923212099901884,0.00018402367771319823,0.00018402367771319823,0.6345334120270181,0.006904355812122802,1.0000000000000002,0.0,0.9230769230769231,0
0.0,0.011631052204490127,0.8432249004005901,0.28661630221996914,0.00018402367771319823,0.00018402367771319823,0.8617286379434717,0.006904355812122802,1.0000000000000002,0.0,0.9230769230769231,0
0.0,0.0032458750338111974,0.8432249009572502,0.0065905882774030065,0.00018402367771319823,0.00018402367771319823,0.9855072463768115,0.006904355812122802,1.0000000000000002,0.0,0.6153846153846154,0
0.0,0.0032458750338111974,0.8432249009572502,0.05480929261499623,0.00018402367771319823,0.00018402367771319823,0.6708964522263755,0.006904355812122802,1.0000000000000002,0.0,0.6153846153846154,0
0.0,0.024073573167433054,0.8432249009572502,0.9935818231280215,0.00018402367771319823,0.00018402367771319823,0.8981900452488687,0.006904355812122802,1.0000000000000002,0.0,0.9230769230769231,0
0.0,0.0,0.8432249009572502,0.9789538746442358,0.00018402367771319823,0.00018402367771319823,0.9560954816709292,0.006904355812122802,1.0000000000000002,0.0,0.6153846153846154,0
0.0,0.010819583446037328,0.8432248998439299,0.8378249165333039,1.0,0.00018402367771319823,0.0,0.02064746785620572,0.0,1.0,0.0,0
0.0,0.0032458750338111974,0.8432249009572502,0.4946821395173491,0.00018402367771319823,0.00018402367771319823,0.6903075611515509,0.006904355812122802,1.0000000000000002,0.0,0.6538461538461539,0
0.0,0.0,0.47626116437482974,0.5759249705033349,0.00018402367771319823,0.00018402367771319823,0.001311561413863204,0.9649370244030437,1.0000000000000002,0.0,0.6538461538461539,0
0.0,0.0032458750338111974,0.8432249009572502,0.1666633840185603,0.00018402367771319823,0.00018402367771319823,0.9868188077906748,0.006904355812122802,1.0000000000000002,0.0,0.6153846153846154,0
0.0,0.0,0.8432249009572502,0.9789538746442358,0.00018402367771319823,0.00018402367771319823,0.9567512623778608,0.006904355812122802,1.0000000000000002,0.0,0.6153846153846154,0
0.12903225806451613,0.0595077089532053,0.8432249006789202,0.054809305611567286,0.00018402367771319823,0.00018402367771319823,0.6952259164535379,0.006904355812122802,1.0000000000000002,0.0,0.6153846153846154,0
0.0,0.0032458750338111974,0.8432249006789202,0.9935818253402039,0.00018402367771319823,0.00018402367771319823,0.7166699455702013,0.006904355812122802,1.0000000000000002,0.0,0.6153846153846154,0
0.03225806451612903,0.017311333513659724,0.8432249006789202,0.7923319437752597,0.00018402367771319823,0.00018402367771319823,0.5895796445668569,0.006904355812122802,1.0000000000000002,0.0,0.6153846153846154,0
0.0,0.0032458750338111974,0.8432249006789202,0.7923212133084618,0.00018402367771319823,0.00018402367771319823,0.6751590268214309,0.006904355812122802,1.0000000000000002,0.0,0.6153846153846154,0
0.0,0.06978631322694076,0.8432249004005901,0.05480929206195066,0.00018402367771319823,0.00018402367771319823,0.9548167092924126,0.006904355812122802,1.0000000000000002,0.0,0.9230769230769231,0
0.06451612903225806,0.03137679199350825,0.8432249004005901,0.054809303952430555,0.00018402367771319823,0.00018402367771319823,0.7970358712046691,0.006904355812122802,1.0000000000000002,0.0,0.6153846153846154,0
0.0,0.0032458750338111974,0.8432249004005901,0.9935812825259706,0.00018402367771319823,0.00018402367771319823,0.978359236671257,0.006904355812122802,1.0000000000000002,0.0,0.6153846153846154,0
0.0,0.0032458750338111974,0.8432249004005901,0.9935812855677212,0.00018402367771319823,0.00018402367771319823,0.5586595842350318,0.006904355812122802,1.0000000000000002,0.0,0.6153846153846154,0
0.0,0.005409791723018665,0.055091612649785245,0.5759249705033349,0.00018402367771319823,0.00018402367771319823,0.007262771329267492,0.8732616111256887,1.0000000000000002,0.0,0.6923076923076923,0
0.0,0.0032458750338111974,0.8432249009572502,0.054809305335044495,0.00018402367771319823,0.00018402367771319823,0.9545216079742933,0.006904355812122802,1.0000000000000002,0.0,0.6153846153846154,0
0.03225806451612903,0.017311333513659724,0.8432249009572502,0.054809303952430555,0.00018402367771319823,0.00018402367771319823,0.9830152796904714,0.006904355812122802,1.0000000000000002,0.0,0.6153846153846154,0
0.0,0.0032458750338111974,0.8432249009572502,0.23213773196580378,0.00018402367771319823,0.00018402367771319823,0.842022427700177,0.006904355812122802,1.0000000000000002,0.0,0.6153846153846154,0
0.0,0.020557208547470923,0.8432249009572502,0.7923212044597326,0.00018402367771319823,0.00018402367771319823,0.6142697881828316,0.006904355812122802,1.0000000000000002,0.0,0.9230769230769231,0
0.0,0.0032458750338111974,0.8432249006789202,0.7923319437752597,0.00018402367771319823,0.00018402367771319823,0.5895796445668569,0.006904355812122802,1.0000000000000002,0.0,0.6153846153846154,0
0.0,0.0,0.8432249006789202,0.7923212044597326,0.00018402367771319823,0.00018402367771319823,0.9442258508754672,0.006904355812122802,1.0000000000000002,0.0,0.15384615384615385,0
0.0,0.013794968893697591,0.8432249004005901,0.9935812825259706,0.00018402367771319823,0.00018402367771319823,0.978359236671257,0.006904355812122802,1.0000000000000002,0.0,0.9230769230769231,0
0.0967741935483871,0.032458750338111984,0.8432249004005901,0.9770508741269565,0.00018402367771319823,0.00018402367771319823,0.7814610794150435,0.006904355812122802,1.0000000000000002,0.0,0.6153846153846154,0
0.03225806451612903,0.017311333513659724,0.8432249004005901,0.9770508871235275,0.00018402367771319823,0.00018402367771319823,0.8849432749688504,0.006904355812122802,1.0000000000000002,0.0,0.6153846153846154,0
0.03225806451612903,0.017311333513659724,0.8432249009572502,0.849490243001399,0.00018402367771319823,0.00018402367771319823,0.8116597809692438,0.006904355812122802,1.0000000000000002,0.0,0.6153846153846154,0
0.0,0.0032458750338111974,0.8432249009572502,0.9935819547528687,0.00018402367771319823,0.00018402367771319823,0.8013968129057643,0.006904355812122802,1.0000000000000002,0.0,0.6153846153846154,0
0.0,0.0032458750338111974,0.8432249009572502,0.13449011522436638,0.00018402367771319823,0.00018402367771319823,0.7567053577283755,0.006904355812122802,1.0000000000000002,0.0,0.6153846153846154,0
0.0,0.0032458750338111974,0.8432249009572502,0.7923319437752597,0.00018402367771319823,0.00018402367771319823,0.5601350908256278,0.006904355812122802,1.0000000000000002,0.0,0.6153846153846154,0
0.03225806451612903,0.06329456315931836,0.8432249009572502,0.792321210543234,0.00018402367771319823,0.00018402367771319823,0.8231359433405468,0.006904355812122802,1.0000000000000002,0.0,0.9230769230769231,0
0.06451612903225806,0.0781714903976197,0.8432249006789202,0.10105696878765148,0.00018402367771319823,0.00018402367771319823,0.5770542330644632,0.006904355812122802,1.0000000000000002,0.0,0.9230769230769231,0
0.0,0.0032458750338111974,0.8432249009572502,0.9935819550293915,0.00018402367771319823,0.00018402367771319823,0.9412420486589284,0.006904355812122802,1.0000000000000002,0.0,0.6153846153846154,0
0.0,0.0032458750338111974,0.8432249006789202,0.10102826351004945,0.00018402367771319823,0.00018402367771319823,0.864286182700505,0.006904355812122802,1.0000000000000002,0.0,0.6153846153846154,0
0.0,0.0032458750338111974,0.8432249009572502,0.9935812822494478,0.00018402367771319823,0.00018402367771319823,0.6897173585153125,0.006904355812122802,1.0000000000000002,0.0,0.6153846153846154,0
0.0,0.0032458750338111974,0.8432249009572502,0.7923212110962796,0.00018402367771319823,0.00018402367771319823,0.7498196603055938,0.006904355812122802,1.0000000000000002,0.0,0.6153846153846154,0
0.0,0.0032458750338111974,0.8432249006789202,0.792321201417982,0.00018402367771319823,0.00018402367771319823,0.9528493671716177,0.006904355812122802,1.0000000000000002,0.0,0.6153846153846154,0
0.0,0.0032458750338111974,0.8432249009572502,0.9935818217454077,0.00018402367771319823,0.00018402367771319823,0.5464292740507574,0.006904355812122802,1.0000000000000002,0.0,0.6153846153846154,0
0.0,0.0032458750338111974,0.8432249009572502,0.7923212011414592,0.00018402367771319823,0.00018402367771319823,0.715522329333071,0.006904355812122802,1.0000000000000002,0.0,0.6153846153846154,0
0.0,0.0,0.8432249009572502,0.9935818217454077,0.00018402367771319823,0.00018402367771319823,0.5465604301921437,0.006904355812122802,1.0000000000000002,0.0,0.15384615384615385,0
0.0,0.020557208547470923,0.8432249009572502,0.9935812825259706,0.00018402367771319823,0.00018402367771319823,0.7403436290904322,0.006904355812122802,1.0000000000000002,0.0,0.9230769230769231,0
0.0,0.013794968893697591,0.8432249009572502,0.7923212110962796,0.00018402367771319823,0.00018402367771319823,0.7495245589874745,0.006904355812122802,1.0000000000000002,0.0,0.9230769230769231,0
0.0,0.0032458750338111974,0.8432249006789202,0.6934906060857747,0.00018402367771319823,0.00018402367771319823,0.7490655124926224,0.0009511939123589609,1.0000000000000002,0.0,0.6153846153846154,0
0.0,0.0032458750338111974,0.8432249004005901,0.054809303952430555,0.00018402367771319823,0.00018402367771319823,0.7970358712046691,0.006904355812122802,1.0000000000000002,0.0,0.6153846153846154,0
0.0,0.0032458750338111974,0.8432249006789202,0.23168862826366612,0.00018402367771319823,0.00018402367771319823,0.7468686471244016,0.006904355812122802,1.0000000000000002,0.0,0.6153846153846154,0
0.0,0.0032458750338111974,0.8432249009572502,0.9935820078452441,0.00018402367771319823,0.00018402367771319823,0.9863597612958226,0.006904355812122802,1.0000000000000002,0.0,0.6153846153846154,0
0.0,0.0032458750338111974,0.8432249006789202,0.10102811861210842,0.00018402367771319823,0.00018402367771319823,0.5373467112597548,0.006904355812122802,1.0000000000000002,0.0,0.6153846153846154,0
0.03225806451612903,0.15715444955369218,0.8432249006789202,0.7923212016945048,0.00018402367771319823,0.00018402367771319823,0.5847924454062561,0.006904355812122802,1.0000000000000002,0.0,0.9230769230769231,0
0.0,0.0032458750338111974,0.8432249006789202,0.2354741538918464,0.00018402367771319823,0.00018402367771319823,0.8943209390779723,0.006904355812122802,1.0000000000000002,0.0,0.6153846153846154,0
0.06451612903225806,0.02813091695969705,0.8432249004005901,0.9770508871235275,0.00018402367771319823,0.00018402367771319823,0.8850744311102366,0.006904355812122802,1.0000000000000002,0.0,0.7692307692307693,0
0.0,0.0032458750338111974,0.8432249009572502,0.05480932330902573,0.00018402367771319823,0.00018402367771319823,0.9709161256475833,0.006904355812122802,1.0000000000000002,0.0,0.6153846153846154,0
0.03225806451612903,0.04300784419799838,0.8432249009572502,0.05480930892984073,0.00018402367771319823,0.00018402367771319823,0.5395107875926289,0.006904355812122802,1.0000000000000002,0.0,0.9230769230769231,0
0.0967741935483871,0.303489315661347,0.8432249004005901,0.9770508871235275,0.00018402367771319823,0.00018402367771319823,0.8850088530395435,0.006904355812122802,1.0000000000000002,0.0,0.9230769230769231,0
0.0,0.011631052204490127,0.8432249009572502,0.849490243001399,0.00018402367771319823,0.00018402367771319823,0.8116597809692438,0.006904355812122802,1.0000000000000002,0.0,0.9230769230769231,0
0.0,0.040843927508790914,0.8432249006789202,0.7923212033536415,0.00018402367771319823,0.00018402367771319823,0.7556888976326316,0.006904355812122802,1.0000000000000002,0.0,0.9230769230769231,0
0.0,0.0032458750338111974,0.8432249006789202,0.10105696878765148,0.00018402367771319823,0.00018402367771319823,0.5770542330644632,0.006904355812122802,1.0000000000000002,0.0,0.6153846153846154,0
0.0,0.25155531512036783,0.8432249006789202,0.4937948282170217,0.00018402367771319823,0.00018402367771319823,0.9257656239753426,0.006904355812122802,1.0000000000000002,0.0,0.9230769230769231,0
0.06451612903225806,0.03137679199350825,0.8432249004005901,0.9770508871235275,0.00018402367771319823,0.00018402367771319823,0.8906157780838088,0.006904355812122802,1.0000000000000002,0.0,0.6153846153846154,0
0.0,0.0032458750338111974,0.8432249004005901,0.9770508871235275,0.00018402367771319823,0.00018402367771319823,0.8850088530395435,0.006904355812122802,1.0000000000000002,0.0,0.6153846153846154,0
0.0,0.0,0.8432249004005901,0.9770508741269565,0.00018402367771319823,0.00018402367771319823,0.7814610794150435,0.006904355812122802,1.0000000000000002,0.0,0.6153846153846154,0
0.0,0.0032458750338111974,0.8432249004005901,0.05480932026727506,0.00018402367771319823,0.00018402367771319823,0.5405928257590661,0.006904355812122802,1.0000000000000002,0.0,0.6153846153846154,0
0.03225806451612903,0.017311333513659724,0.8432249004005901,0.054809309759409106,0.00018402367771319823,0.00018402367771319823,0.6571578464161584,0.006904355812122802,1.0000000000000002,0.0,0.6153846153846154,0
0.0,0.0032458750338111974,0.8432249004005901,0.7923319437752597,0.00018402367771319823,0.00018402367771319823,0.911830283953046,0.006904355812122802,1.0000000000000002,0.0,0.6153846153846154,0
0.0,0.0032458750338111974,0.8432249004005901,0.9770508871235275,0.00018402367771319823,0.00018402367771319823,0.8850416420748901,0.006904355812122802,1.0000000000000002,0.0,0.6153846153846154,0
0.0,0.0032458750338111974,0.8432249006789202,0.47442234210487333,0.00018402367771319823,0.00018402367771319823,0.6706669289789494,0.006904355812122802,1.0000000000000002,0.0,0.6153846153846154,0
0.0,0.01271301054909386,0.8432249006789202,0.10102826351004945,0.00018402367771319823,0.00018402367771319823,0.864286182700505,0.006904355812122802,1.0000000000000002,0.0,0.9230769230769231,0
0.0,0.0032458750338111974,0.8432249004005901,0.054808431799556426,0.00018402367771319823,0.00018402367771319823,0.9797363761558134,0.006904355812122802,1.0000000000000002,0.0,0.6153846153846154,0
0.0,0.0032458750338111974,0.8432249006789202,0.10105696878765148,0.00018402367771319823,0.00018402367771319823,0.5770542330644632,0.006904355812122802,1.0000000000000002,0.0,0.6153846153846154,0
0.0,0.0032458750338111974,0.8432249004005901,0.20028841210674272,0.00018402367771319823,0.00018402367771319823,0.8372352285395763,0.006904355812122802,1.0000000000000002,0.0,0.6153846153846154,0
0.0,0.0032458750338111974,0.8432249004005901,0.20028841210674272,0.00018402367771319823,0.00018402367771319823,0.8373008066102695,0.006904355812122802,1.0000000000000002,0.0,0.6153846153846154,0
0.03225806451612903,0.017311333513659724,0.8432249004005901,0.20028841210674272,0.00018402367771319823,0.00018402367771319823,0.8369729162568037,0.006904355812122802,1.0000000000000002,0.0,0.6153846153846154,0
0.0,0.0032458750338111974,0.8432249004005901,0.20028841210674272,0.00018402367771319823,0.00018402367771319823,0.837333595645616,0.006904355812122802,1.0000000000000002,0.0,0.6153846153846154,0
0.0,0.020557208547470923,0.8432249004005901,0.7923319434987369,0.00018402367771319823,0.00018402367771319823,0.9037313922224408,0.006904355812122802,1.0000000000000002,0.0,0.9230769230769231,0
0.0,0.005409791723018665,0.7974345928484863,0.5759249705033349,0.00018402367771319823,0.00018402367771319823,0.007262771329267492,0.9038638152715822,1.0000000000000002,0.0,0.6923076923076923,0
0.0,0.005409791723018665,0.8432249004005901,0.1344901240730956,0.00018402367771319823,0.00018402367771319823,0.8098563840251819,0.006904355812122802,1.0000000000000002,0.0,0.07692307692307693,0
0.0,0.0032458750338111974,0.8432249006789202,0.13449011522436638,0.00018402367771319823,0.00018402367771319823,0.817660174437668,0.006904355812122802,1.0000000000000002,0.0,0.6153846153846154,0
0.0,0.0,0.8432249004005901,0.9770508741269565,0.00018402367771319823,0.00018402367771319823,0.7814610794150435,0.006904355812122802,1.0000000000000002,0.0,0.6153846153846154,0
0.0,0.0032458750338111974,0.8432249004005901,0.05480931031245469,0.00018402367771319823,0.00018402367771319823,0.6198767132270968,0.006904355812122802,1.0000000000000002,0.0,0.6153846153846154,0
0.0,0.0032458750338111974,0.8432249006789202,0.4194728964033608,0.00018402367771319823,0.00018402367771319823,0.6473211358121843,0.0009511939123589609,1.0000000000000002,0.0,0.6153846153846154,0
0.03225806451612903,0.027860427373546118,0.8432249009572502,0.9935818222984533,0.00018402367771319823,0.00018402367771319823,0.6547970358712046,0.006904355812122802,1.0000000000000002,0.0,0.9230769230769231,0
0.0,0.0032458750338111974,0.8432249006789202,0.10105696878765148,0.00018402367771319823,0.00018402367771319823,0.5840055085579382,0.006904355812122802,1.0000000000000002,0.0,0.6153846153846154,0
0.0,0.013794968893697591,0.8432249009572502,0.9935820078452441,0.00018402367771319823,0.00018402367771319823,0.9958030034756377,0.006904355812122802,1.0000000000000002,0.0,0.9230769230769231,0
0.0,0.0032458750338111974,0.8432249006789202,0.1568934918512126,0.00018402367771319823,0.00018402367771319823,0.5490523968784838,0.006904355812122802,1.0000000000000002,0.0,0.6153846153846154,0
0.0,0.0032458750338111974,0.8432249006789202,0.10105696878765148,0.00018402367771319823,0.00018402367771319823,0.5770542330644632,0.006904355812122802,1.0000000000000002,0.0,0.6153846153846154,0
0.0,0.0032458750338111974,0.8432249006789202,0.2317287948577953,0.00018402367771319823,0.00018402367771319823,0.9561282707062757,0.006904355812122802,1.0000000000000002,0.0,0.6538461538461539,0
0.0,0.0,0.8432249006789202,0.6928024135913289,0.00018402367771319823,0.00018402367771319823,0.6899796707980851,0.006904355812122802,1.0000000000000002,0.0,0.15384615384615385,0
0.03225806451612903,0.027860427373546118,0.8432249009572502,0.9935818222984533,0.00018402367771319823,0.00018402367771319823,0.6547970358712046,0.006904355812122802,1.0000000000000002,0.0,0.9230769230769231,0
0.0,0.005409791723018665,0.8432249004005901,0.05480932026727506,0.00018402367771319823,0.00018402367771319823,0.5477408354646206,0.006904355812122802,1.0000000000000002,0.0,0.07692307692307693,0
0.0,0.0032458750338111974,0.8432249009572502,0.4026965643982815,0.00018402367771319823,0.00018402367771319823,0.8587448357269328,0.006904355812122802,1.0000000000000002,0.0,0.6153846153846154,0
0.0,0.009737625101433596,0.8432249009572502,0.43298210972967827,0.00018402367771319823,0.00018402367771319823,0.6071873565479703,0.006904355812122802,1.0000000000000002,0.0,0.9230769230769231,0
0.0,0.005409791723018665,0.4052525940194021,0.5759249705033349,0.00018402367771319823,0.00018402367771319823,0.007262771329267492,0.83642744686434,1.0000000000000002,0.0,0.6923076923076923,0
0.0,0.0032458750338111974,0.8432249009572502,0.7923319451578736,0.00018402367771319823,0.00018402367771319823,0.9610138369729162,0.006904355812122802,1.0000000000000002,0.0,0.6153846153846154,0
0.0,0.0032458750338111974,0.8432249009572502,0.054809305611567286,0.00018402367771319823,0.00018402367771319823,0.9087481146304676,0.006904355812122802,1.0000000000000002,0.0,0.6153846153846154,0
0.0,0.0032458750338111974,0.8432249009572502,0.4748688611485093,0.00018402367771319823,0.00018402367771319823,0.8744179946225982,0.006904355812122802,1.0000000000000002,0.0,0.6153846153846154,0
0.0,0.14308899107384365,0.8432249009572502,0.85296289387907,0.00018402367771319823,0.00018402367771319823,0.7627385402321463,0.006904355812122802,1.0000000000000002,0.0,0.9230769230769231,0
0.0,0.0032458750338111974,0.8432249004005901,0.9935812825259706,0.00018402367771319823,0.00018402367771319823,0.9949832775919731,0.006904355812122802,1.0000000000000002,0.0,0.6153846153846154,0
0.0,0.0032458750338111974,0.7974348266457691,0.5759249705033349,0.00018402367771319823,0.00018402367771319823,0.007262771329267492,0.6023681448438729,1.0000000000000002,0.0,0.6538461538461539,0
0.0,0.005409791723018665,0.8432249009572502,0.6928024138678517,0.00018402367771319823,0.00018402367771319823,0.948619581611909,0.006904355812122802,1.0000000000000002,0.0,0.07692307692307693,0
0.03225806451612903,0.017311333513659724,0.8432249004005901,0.3101089864491587,0.00018402367771319823,0.00018402367771319823,0.7911338448422847,0.006904355812122802,1.0000000000000002,0.0,0.6153846153846154,0
0.0,0.028942385718149853,0.8432249004005901,0.3101089864491587,0.00018402367771319823,0.00018402367771319823,0.7909698996655518,0.006904355812122802,1.0000000000000002,0.0,0.9230769230769231,0
0.0,0.0032458750338111974,0.8432249004005901,0.3101089864491587,0.00018402367771319823,0.00018402367771319823,0.7910026887008984,0.006904355812122802,1.0000000000000002,0.0,0.6153846153846154,0
0.0,0.0,0.8432249004005901,0.3101088639495635,0.00018402367771319823,0.00018402367771319823,0.9799986884385861,0.006904355812122802,1.0000000000000002,0.0,0.6153846153846154,0
0.1935483870967742,0.08763862591290235,0.8432249004005901,0.3101088639495635,0.00018402367771319823,0.00018402367771319823,0.9801298445799724,0.006904355812122802,1.0000000000000002,0.0,0.6153846153846154,0
0.0,0.013524479307546659,0.8432249004005901,0.6928022852847552,0.00018402367771319823,0.00018402367771319823,0.8074627844448816,0.006904355812122802,1.0000000000000002,0.0,0.9230769230769231,0
0.0967741935483871,0.8287800919664593,0.8432249004005901,0.10102685517948894,0.00018402367771319823,0.00018402367771319823,0.944160272804774,0.006904355812122802,1.0000000000000002,0.0,0.6153846153846154,0
0.0,0.08331079253448742,0.8432249006789202,7.503750034066649e-05,0.00018402367771319823,0.00018402367771319823,0.9684569479965899,0.0009511939123589609,1.0000000000000002,0.0,0.9230769230769231,0
0.0,0.0032458750338111974,0.8432249006789202,0.05480929925154315,0.00018402367771319823,0.00018402367771319823,0.8164469801298445,0.006904355812122802,1.0000000000000002,0.0,0.6153846153846154,0
0.0,0.0032458750338111974,0.8432249006789202,0.05480929593326969,0.00018402367771319823,0.00018402367771319823,0.6547642468358581,0.006904355812122802,1.0000000000000002,0.0,0.6153846153846154,0
0.06451612903225806,0.03137679199350825,0.8432249006789202,0.054809309759409106,0.00018402367771319823,0.00018402367771319823,0.911207292281461,0.006904355812122802,1.0000000000000002,0.0,0.6153846153846154,0
0.0,0.0032458750338111974,0.8432249006789202,0.9935818253402039,0.00018402367771319823,0.00018402367771319823,0.7403764181257787,0.006904355812122802,1.0000000000000002,0.0,0.6153846153846154,0
0.03225806451612903,0.017311333513659724,0.8432249006789202,0.7923319437752597,0.00018402367771319823,0.00018402367771319823,0.6133516951931274,0.006904355812122802,1.0000000000000002,0.0,0.6153846153846154,0
0.0,0.0032458750338111974,0.8432249009572502,0.9935812736772413,0.00018402367771319823,0.00018402367771319823,0.6911928651059085,0.0009511939123589609,1.0000000000000002,0.0,0.6153846153846154,0
0.0,0.013794968893697591,0.8432249009572502,0.9935819580711421,0.00018402367771319823,0.00018402367771319823,0.7380483966161715,0.006904355812122802,1.0000000000000002,0.0,0.9230769230769231,0
0.0,0.0032458750338111974,0.8432249009572502,0.4748688611485093,0.00018402367771319823,0.00018402367771319823,0.8744179946225982,0.006904355812122802,1.0000000000000002,0.0,0.6153846153846154,0
0.0,0.009737625101433596,0.8432249009572502,0.9935820111635175,0.00018402367771319823,0.00018402367771319823,0.7470981703718276,0.006904355812122802,1.0000000000000002,0.0,0.9230769230769231,0
0.0,0.0032458750338111974,0.8432249004005901,0.05480930312286218,0.00018402367771319823,0.00018402367771319823,0.6816840448554004,0.006904355812122802,1.0000000000000002,0.0,0.6153846153846154,0
0.0,0.0032458750338111974,0.8432249004005901,0.054809303952430555,0.00018402367771319823,0.00018402367771319823,0.8217588038559905,0.006904355812122802,1.0000000000000002,0.0,0.6153846153846154,0
0.16129032258064516,0.3129564511766297,0.8432249004005901,0.054809303952430555,0.00018402367771319823,0.00018402367771319823,0.8218899599973768,0.006904355812122802,1.0000000000000002,0.0,0.9230769230769231,0
0.0,0.0032458750338111974,0.8432249004005901,0.7923319468170104,0.00018402367771319823,0.00018402367771319823,0.7703128073972063,0.006904355812122802,1.0000000000000002,0.0,0.6153846153846154,0
0.03225806451612903,0.017311333513659724,0.8432249004005901,0.9935818222984533,0.00018402367771319823,0.00018402367771319823,0.8737950029510131,0.006904355812122802,1.0000000000000002,0.0,0.6153846153846154,0
0.0,0.0032458750338111974,0.8432249004005901,0.054808428757805755,0.00018402367771319823,0.00018402367771319823,0.7817561807331628,0.006904355812122802,1.0000000000000002,0.0,0.6153846153846154,0
0.0,0.0032458750338111974,0.8432249004005901,0.13449011522436638,0.00018402367771319823,0.00018402367771319823,0.9798675322971998,0.006904355812122802,1.0000000000000002,0.0,0.6153846153846154,0
0.0,0.013794968893697591,0.8432249004005901,0.9935819553059143,0.00018402367771319823,0.00018402367771319823,0.6999147485080989,0.006904355812122802,1.0000000000000002,0.0,0.9230769230769231,0
0.0,0.010819583446037328,0.8432248998439299,0.8378249165333039,1.0,0.00018402367771319823,0.0,0.02064746785620572,0.0,1.0,0.0,0
0.0,0.0032458750338111974,0.8432249009572502,0.05480929206195066,0.00018402367771319823,0.00018402367771319823,0.5631188930421667,0.006904355812122802,1.0000000000000002,0.0,0.6538461538461539,0
0.0,0.0032458750338111974,0.8432249009572502,0.9935820081217669,0.00018402367771319823,0.00018402367771319823,0.9163879598662207,0.006904355812122802,1.0000000000000002,0.0,0.6153846153846154,0
0.0,0.0032458750338111974,0.8432249009572502,0.7923319437752597,0.00018402367771319823,0.00018402367771319823,0.585808905502,0.006904355812122802,1.0000000000000002,0.0,0.6153846153846154,0
0.0,0.020557208547470923,0.8432249009572502,0.9935819553059143,0.00018402367771319823,0.00018402367771319823,0.5487900845957111,0.006904355812122802,1.0000000000000002,0.0,0.9230769230769231,0
0.03225806451612903,0.017311333513659724,0.8432249006789202,0.054809305611567286,0.00018402367771319823,0.00018402367771319823,0.7264410781034821,0.006904355812122802,1.0000000000000002,0.0,0.6153846153846154,0
0.03225806451612903,0.017311333513659724,0.8432249006789202,0.9935819550293915,0.00018402367771319823,0.00018402367771319823,0.7041117450324611,0.006904355812122802,1.0000000000000002,0.0,0.6153846153846154,0
0.0,0.005409791723018665,0.8432249006789202,0.4732122537729897,0.00018402367771319823,0.00018402367771319823,0.6968325791855203,0.006904355812122802,1.0000000000000002,0.0,0.07692307692307693,0
0.0,0.009737625101433596,0.9698333372673437,0.5759249705033349,0.00018402367771319823,0.00018402367771319823,0.007262771329267492,0.7787982156914195,1.0000000000000002,0.0,0.9615384615384616,0
0.0,0.0032458750338111974,0.8432249006789202,0.05480840082900415,0.00018402367771319823,0.00018402367771319823,0.9297658862876254,0.0009511939123589609,1.0000000000000002,0.0,0.6153846153846154,0
0.0,0.0032458750338111974,0.8432249006789202,0.9935819580711421,0.00018402367771319823,0.00018402367771319823,0.8060528559249787,0.0009511939123589609,1.0000000000000002,0.0,0.6153846153846154,0
0.0,0.0032458750338111974,0.8432249006789202,0.13449011522436638,0.00018402367771319823,0.00018402367771319823,0.8419896386648305,0.006904355812122802,1.0000000000000002,0.0,0.6153846153846154,0
0.0,0.0032458750338111974,0.8432249006789202,0.6928023248275138,0.00018402367771319823,0.00018402367771319823,0.6159092399501607,0.006904355812122802,1.0000000000000002,0.0,0.6153846153846154,0
0.0,0.0,0.8432249006789202,0.473254444237406,0.00018402367771319823,0.00018402367771319823,0.6916191225654141,0.006904355812122802,1.0000000000000002,0.0,0.6153846153846154,0
0.0,0.0032458750338111974,0.8432249006789202,0.6928022595681358,0.00018402367771319823,0.00018402367771319823,0.6037772968719259,0.006904355812122802,1.0000000000000002,0.0,0.6153846153846154,0
0.03225806451612903,0.041114417094941846,0.8432249006789202,0.9935818217454077,0.00018402367771319823,0.00018402367771319823,0.7350973834349793,0.006904355812122802,1.0000000000000002,0.0,0.9230769230769231,0
0.0,0.0032458750338111974,0.8432249006789202,0.3811001846870539,0.00018402367771319823,0.00018402367771319823,0.8029706866024001,0.006904355812122802,1.0000000000000002,0.0,0.6153846153846154,0
0.0,0.005409791723018665,0.13529321157125565,0.5759249705033349,0.00018402367771319823,0.00018402367771319823,0.007262771329267492,0.7872277617423248,1.0000000000000002,0.0,0.6923076923076923,0
0.0967741935483871,0.0749256153638085,0.8432249009572502,0.13449011522436638,0.00018402367771319823,0.00018402367771319823,0.7868712702472292,0.006904355812122802,1.0000000000000002,0.0,0.9230769230769231,0
0.0,0.0032458750338111974,0.8432249006789202,0.7923319437752597,0.00018402367771319823,0.00018402367771319823,0.6245327562463112,0.006904355812122802,1.0000000000000002,0.0,0.6153846153846154,0
0.0,0.0032458750338111974,0.8432249006789202,0.792321210543234,0.00018402367771319823,0.00018402367771319823,0.7653944520952193,0.0009511939123589609,1.0000000000000002,0.0,0.6153846153846154,0
0.0,0.013794968893697591,0.8432249009572502,0.7923212133084618,0.00018402367771319823,0.00018402367771319823,0.5807266050232802,0.006904355812122802,1.0000000000000002,0.0,0.9230769230769231,0
0.0,0.0032458750338111974,0.8891360346668109,0.5759249705033349,0.00018402367771319823,0.00018402367771319823,0.001311561413863204,0.5963001836788244,1.0000000000000002,0.0,0.6538461538461539,0
0.0,0.0032458750338111974,0.8432249006789202,0.6927974652160332,0.00018402367771319823,0.00018402367771319823,0.6227293593022493,0.006904355812122802,1.0000000000000002,0.0,0.6153846153846154,0
0.0,0.0,0.8432249006789202,0.9935812822494478,0.00018402367771319823,0.00018402367771319823,0.9973768771722735,0.006904355812122802,1.0000000000000002,0.0,0.15384615384615385,0
0.0,0.0032458750338111974,0.8432249004005901,0.4194728922555189,0.00018402367771319823,0.00018402367771319823,0.7705751196799789,0.0009511939123589609,1.0000000000000002,0.0,0.6153846153846154,0
0.0,0.039220989991885315,0.8432249004005901,0.23300773570481498,0.00018402367771319823,0.00018402367771319823,0.6086628631385664,0.006904355812122802,1.0000000000000002,0.0,0.9230769230769231,0
0.0,0.0032458750338111974,0.8432249009572502,0.05480929925154315,0.00018402367771319823,0.00018402367771319823,0.8862876254180602,0.006904355812122802,1.0000000000000002,0.0,0.6153846153846154,0
0.0,0.011631052204490127,0.8432249009572502,0.054809305611567286,0.00018402367771319823,0.00018402367771319823,0.928618270050495,0.006904355812122802,1.0000000000000002,0.0,0.9230769230769231,0
0.06451612903225806,0.03137679199350825,0.8432249009572502,0.054809305611567286,0.00018402367771319823,0.00018402367771319823,0.9287494261918814,0.006904355812122802,1.0000000000000002,0.0,0.6153846153846154,0
0.0,0.0032458750338111974,0.8432249006789202,0.6928022595681358,0.00018402367771319823,0.00018402367771319823,0.7227359171093186,0.0009511939123589609,1.0000000000000002,0.0,0.6153846153846154,0
0.0,0.14308899107384365,0.8432249009572502,0.7923212099901884,0.00018402367771319823,0.00018402367771319823,0.5466587972981835,0.006904355812122802,1.0000000000000002,0.0,0.9230769230769231,0
0.06451612903225806,0.03137679199350825,0.8432249009572502,0.7923319437752597,0.00018402367771319823,0.00018402367771319823,0.5958423503180535,0.006904355812122802,1.0000000000000002,0.0,0.6153846153846154,0
0.0,0.0032458750338111974,0.8432249006789202,0.05480932026727506,0.00018402367771319823,0.00018402367771319823,0.6850613154960981,0.006904355812122802,1.0000000000000002,0.0,0.6153846153846154,0
0.0,0.0032458750338111974,0.8432249009572502,0.054809314183773716,0.00018402367771319823,0.00018402367771319823,0.9760312151616499,0.006904355812122802,1.0000000000000002,0.0,0.6153846153846154,0
0.0,0.0032458750338111974,0.8432249009572502,0.05244124187942683,0.00018402367771319823,0.00018402367771319823,0.6112204078955996,0.006904355812122802,1.0000000000000002,0.0,0.6153846153846154,0
0.0,0.005409791723018665,0.8432249009572502,0.43298210475226806,0.00018402367771319823,0.00018402367771319823,0.5515443635648238,0.006904355812122802,1.0000000000000002,0.0,0.07692307692307693,0
0.0,0.0032458750338111974,0.8432249009572502,0.054808418802985384,0.00018402367771319823,0.00018402367771319823,0.6073185126893567,0.006904355812122802,1.0000000000000002,0.0,0.6153846153846154,0
0.0,0.0,0.8432249009572502,0.6992096904880404,0.00018402367771319823,0.00018402367771319823,0.6556823398255623,0.006904355812122802,1.0000000000000002,0.0,0.6153846153846154,0
0.0967741935483871,0.045442250473356774,0.8432249006789202,0.054809303952430555,0.00018402367771319823,0.00018402367771319823,0.9809495704636368,0.006904355812122802,1.0000000000000002,0.0,0.6153846153846154,0
0.0,0.005409791723018665,0.6972545599227816,0.5759249705033349,0.00018402367771319823,0.00018402367771319823,0.007262771329267492,0.6065337181842035,1.0000000000000002,0.0,0.6923076923076923,0
0.0,0.05463889640248851,0.8432249004005901,0.23300773570481498,0.00018402367771319823,0.00018402367771319823,0.6086628631385664,0.006904355812122802,1.0000000000000002,0.0,0.9230769230769231,0
0.0,0.0032458750338111974,0.8432249006789202,0.6928023248275138,0.00018402367771319823,0.00018402367771319823,0.9549478654337988,0.0009511939123589609,1.0000000000000002,0.0,0.6153846153846154,0
0.03225806451612903,0.017311333513659724,0.8432249006789202,0.7923212102667112,0.00018402367771319823,0.00018402367771319823,0.9943930749557347,0.006904355812122802,1.0000000000000002,0.0,0.6153846153846154,0
0.0,0.0032458750338111974,0.8432249009572502,0.13449011522436638,0.00018402367771319823,0.00018402367771319823,0.7933962882811987,0.006904355812122802,1.0000000000000002,0.0,0.6153846153846154,0
0.0,0.0032458750338111974,0.8432249006789202,0.9935812825259706,0.00018402367771319823,0.00018402367771319823,0.9764574726211555,0.006904355812122802,1.0000000000000002,0.0,0.6153846153846154,0
0.0,0.0032458750338111974,0.8432249009572502,0.1666634028221099,0.00018402367771319823,0.00018402367771319823,0.8946816184667846,0.006904355812122802,1.0000000000000002,0.0,0.6153846153846154,0
0.0,0.0032458750338111974,0.8432249009572502,0.8498713931639852,0.00018402367771319823,0.00018402367771319823,0.7907731654534723,0.006904355812122802,1.0000000000000002,0.0,0.6153846153846154,0
0.0,0.0032458750338111974,0.8432249009572502,0.1344901240730956,0.00018402367771319823,0.00018402367771319823,0.928552691979802,0.006904355812122802,1.0000000000000002,0.0,0.6153846153846154,0
0.0,0.0032458750338111974,0.8432249009572502,0.7923319432222141,0.00018402367771319823,0.00018402367771319823,0.8944520952193585,0.006904355812122802,1.0000000000000002,0.0,0.6153846153846154,0
0.0,0.0032458750338111974,0.8432249009572502,0.7923319437752597,0.00018402367771319823,0.00018402367771319823,0.5972850678733032,0.006904355812122802,1.0000000000000002,0.0,0.6153846153846154,0
0.0,0.015688395996754124,0.8432249006789202,0.232553172613269,0.00018402367771319823,0.00018402367771319823,0.8901895206243031,0.006904355812122802,1.0000000000000002,0.0,0.9230769230769231,0
0.0,0.0032458750338111974,0.8432249006789202,0.6928023035352592,0.00018402367771319823,0.00018402367771319823,0.6354515050167223,0.006904355812122802,1.0000000000000002,0.0,0.6153846153846154,0
0.0,0.14308899107384365,0.8432249006789202,0.29158051452872286,0.00018402367771319823,0.00018402367771319823,0.6810938422191619,0.006904355812122802,1.0000000000000002,0.0,0.9230769230769231,0
0.0,0.0,0.8432249006789202,0.7923319432222141,0.00018402367771319823,0.00018402367771319823,0.628139550134435,0.006904355812122802,1.0000000000000002,0.0,0.15384615384615385,0
0.0,0.0032458750338111974,0.8432249006789202,0.9934584223450625,0.00018402367771319823,0.00018402367771319823,0.7481474195029182,0.006904355812122802,1.0000000000000002,0.0,0.6153846153846154,0
0.0,0.0032458750338111974,0.8432249006789202,0.792321210543234,0.00018402367771319823,0.00018402367771319823,0.7653944520952193,0.0009511939123589609,1.0000000000000002,0.0,0.6153846153846154,0
0.0,0.0032458750338111974,0.8432249006789202,0.692802278924731,0.00018402367771319823,0.00018402367771319823,0.6429601941110892,0.006904355812122802,1.0000000000000002,0.0,0.6153846153846154,0
0.0,0.0032458750338111974,0.8432249006789202,0.7923212133084618,0.00018402367771319823,0.00018402367771319823,0.706144665223949,0.006904355812122802,1.0000000000000002,0.0,0.6538461538461539,0
0.0,0.0032458750338111974,0.8432249006789202,0.15645440269837396,0.00018402367771319823,0.00018402367771319823,0.9918355301987015,0.006904355812122802,1.0000000000000002,0.0,0.6153846153846154,0
0.03225806451612903,0.020557208547470923,0.8432249009572502,0.7923212097136656,0.00018402367771319823,0.00018402367771319823,0.7957570988261525,0.006904355812122802,1.0000000000000002,0.0,0.6153846153846154,0
0.0,0.015688395996754124,0.8432249009572502,0.8498713931639852,0.00018402367771319823,0.00018402367771319823,0.7907731654534723,0.006904355812122802,1.0000000000000002,0.0,0.9230769230769231,0
0.0,0.0032458750338111974,0.8432249004005901,0.05480929786892921,0.00018402367771319823,0.00018402367771319823,0.7508361204013377,0.006904355812122802,1.0000000000000002,0.0,0.6153846153846154,0
0.0967741935483871,0.045442250473356774,0.8432249004005901,0.054809309759409106,0.00018402367771319823,0.00018402367771319823,0.6935864646862089,0.006904355812122802,1.0000000000000002,0.0,0.6153846153846154,0
0.0,0.0032458750338111974,0.8432249004005901,0.9935819550293915,0.00018402367771319823,0.00018402367771319823,0.6767001114827201,0.006904355812122802,1.0000000000000002,0.0,0.6153846153846154,0
0.0,0.0032458750338111974,0.8432249004005901,0.7923212011414592,0.00018402367771319823,0.00018402367771319823,0.9513082825103285,0.006904355812122802,1.0000000000000002,0.0,0.6153846153846154,0
0.0,0.0032458750338111974,0.8432249009572502,0.05244124187942683,0.00018402367771319823,0.00018402367771319823,0.6199095022624433,0.006904355812122802,1.0000000000000002,0.0,0.6153846153846154,0
0.0,0.005409791723018665,0.8432249009572502,0.43298210475226806,0.00018402367771319823,0.00018402367771319823,0.5587907403764181,0.006904355812122802,1.0000000000000002,0.0,0.07692307692307693,0
0.0,0.0032458750338111974,0.8432249009572502,0.05480922154863965,0.00018402367771319823,0.00018402367771319823,0.8193979933110367,0.006904355812122802,1.0000000000000002,0.0,0.6153846153846154,0
0.0,0.0032458750338111974,0.8432249009572502,0.7923319437752597,0.00018402367771319823,0.00018402367771319823,0.5972850678733032,0.006904355812122802,1.0000000000000002,0.0,0.6153846153846154,0
0.0,0.0032458750338111974,0.8432249009572502,0.6928024138678517,0.00018402367771319823,0.00018402367771319823,0.9723916322381795,0.006904355812122802,1.0000000000000002,0.0,0.6153846153846154,0
0.0,0.0032458750338111974,0.8432249004005901,0.15625005069872497,0.00018402367771319823,0.00018402367771319823,0.8567774936061381,0.006904355812122802,1.0000000000000002,0.0,0.6153846153846154,0
0.0,0.009737625101433596,0.8432249004005901,0.960372931971685,0.00018402367771319823,0.00018402367771319823,0.989605875795134,0.006904355812122802,1.0000000000000002,0.0,0.6153846153846154,0
0.06451612903225806,0.02704895861509332,0.8432249004005901,0.960372931971685,0.00018402367771319823,0.00018402367771319823,0.9895730867597875,0.006904355812122802,1.0000000000000002,0.0,0.6153846153846154,0
0.0,0.0032458750338111974,0.8432249004005901,0.7965479006277787,0.00018402367771319823,0.00018402367771319823,0.6757492294576694,0.006904355812122802,1.0000000000000002,0.0,0.6153846153846154,0
0.06451612903225806,0.03137679199350825,0.8432249004005901,0.09789866846261065,0.00018402367771319823,0.00018402367771319823,0.6346645681684044,0.006904355812122802,1.0000000000000002,0.0,0.6153846153846154,0
0.03225806451612903,0.010819583446037328,0.8432249004005901,0.960372931971685,0.00018402367771319823,0.00018402367771319823,0.9901632893960259,0.006904355812122802,1.0000000000000002,0.0,0.7692307692307693,0
0.0,0.014335948065999459,0.8432249004005901,0.960372931971685,0.00018402367771319823,0.00018402367771319823,0.9913764837038493,0.006904355812122802,1.0000000000000002,0.0,0.9230769230769231,0
0.0,0.0032458750338111974,0.8432249004005901,0.09789866846261065,0.00018402367771319823,0.00018402367771319823,0.6346645681684044,0.006904355812122802,1.0000000000000002,0.0,0.6153846153846154,0
0.0,0.14308899107384365,0.8432249006789202,0.05480929206195066,0.00018402367771319823,0.00018402367771319823,0.8204800314774738,0.006904355812122802,1.0000000000000002,0.0,0.9230769230769231,0
0.0,0.0032458750338111974,0.8432249006789202,0.05480929206195066,0.00018402367771319823,0.00018402367771319823,0.8206439766542067,0.006904355812122802,1.0000000000000002,0.0,0.6153846153846154,0
0.0,0.0032458750338111974,0.8432249006789202,0.054809305611567286,0.00018402367771319823,0.00018402367771319823,0.7481146304675715,0.006904355812122802,1.0000000000000002,0.0,0.6153846153846154,0
0.0,0.0032458750338111974,0.8432249006789202,0.054809302569816615,0.00018402367771319823,0.00018402367771319823,0.9080595448881893,0.006904355812122802,1.0000000000000002,0.0,0.6153846153846154,0
0.0,0.0032458750338111974,0.8432249006789202,0.054809305611567286,0.00018402367771319823,0.00018402367771319823,0.7483769427503443,0.006904355812122802,1.0000000000000002,0.0,0.6153846153846154,0
0.0,0.005409791723018665,0.9999998099005426,0.5759249705033349,0.00018402367771319823,0.00018402367771319823,0.007262771329267492,0.953883495145631,1.0000000000000002,0.0,0.6923076923076923,0
0.0,0.005409791723018665,0.99999994349899,0.5759249705033349,0.00018402367771319823,0.00018402367771319823,0.001311561413863204,0.7666294935712411,1.0000000000000002,0.0,0.6923076923076923,0
0.0,0.0,0.8432249004005901,0.960372931971685,0.00018402367771319823,0.00018402367771319823,0.9915404288805822,0.006904355812122802,1.0000000000000002,0.0,0.6153846153846154,0
0.06451612903225806,0.03137679199350825,0.8432249006789202,0.9935818222984533,0.00018402367771319823,0.00018402367771319823,0.9539314053380549,0.006904355812122802,1.0000000000000002,0.0,0.6153846153846154,0
0.0,0.03705707330267785,0.8432249006789202,0.9935820078452441,0.00018402367771319823,0.00018402367771319823,0.7109974424552429,0.006904355812122802,1.0000000000000002,0.0,0.9230769230769231,0
0.0,0.0032458750338111974,0.8432249006789202,0.9935819564120055,0.00018402367771319823,0.00018402367771319823,0.804544560299036,0.006904355812122802,1.0000000000000002,0.0,0.6153846153846154,0
0.0,0.0,0.8432249009572502,0.3811003306910861,0.00018402367771319823,0.00018402367771319823,0.574103219883271,0.006904355812122802,1.0000000000000002,0.0,0.15384615384615385,0
0.0,0.0032458750338111974,0.8432249009572502,0.9935819547528687,0.00018402367771319823,0.00018402367771319823,0.8380549544232408,0.006904355812122802,1.0000000000000002,0.0,0.6153846153846154,0
0.0,0.044360292128753046,0.8432249006789202,9.187414334847419e-05,0.00018402367771319823,0.00018402367771319823,0.9048134303888778,0.006904355812122802,1.0000000000000002,0.0,0.9230769230769231,0
0.0,0.0032458750338111974,0.8432249009572502,6.55270520845911e-05,0.00018402367771319823,0.00018402367771319823,0.8318906157780838,0.006904355812122802,1.0000000000000002,0.0,0.6153846153846154,0
0.0,0.04354882337030024,0.8432249009572502,0.054809319437706686,0.00018402367771319823,0.00018402367771319823,0.7149321266968325,0.006904355812122802,1.0000000000000002,0.0,0.9230769230769231,0
0.0,0.0032458750338111974,0.8432249006789202,0.3811001846870539,0.00018402367771319823,0.00018402367771319823,0.8241851924716375,0.006904355812122802,1.0000000000000002,0.0,0.6153846153846154,0
0.0,0.015688395996754124,0.8432249009572502,0.05480931750204718,0.00018402367771319823,0.00018402367771319823,0.9355039674732769,0.006904355812122802,1.0000000000000002,0.0,0.9230769230769231,0
0.0,0.011631052204490127,0.8432249004005901,0.05480932026727506,0.00018402367771319823,0.00018402367771319823,0.5860712177847728,0.006904355812122802,1.0000000000000002,0.0,0.9230769230769231,0
0.0,0.04165539626724371,0.8432249004005901,0.7923319437752597,0.00018402367771319823,0.00018402367771319823,0.9571775198373663,0.006904355812122802,1.0000000000000002,0.0,0.9230769230769231,0
0.0,0.03732756288882878,0.8432249009572502,0.7464879831308026,0.00018402367771319823,0.00018402367771319823,0.6579119942291297,0.006904355812122802,1.0000000000000002,0.0,0.9230769230769231,0
0.06451612903225806,0.03137679199350825,0.8432249009572502,0.05480932082032064,0.00018402367771319823,0.00018402367771319823,0.816643714341924,0.006904355812122802,1.0000000000000002,0.0,0.6153846153846154,0
0.0,0.02840140654584799,0.8432249009572502,0.7923212099901884,0.00018402367771319823,0.00018402367771319823,0.5467899534395698,0.006904355812122802,1.0000000000000002,0.0,0.9230769230769231,0
0.0,0.005409791723018665,0.6972544597239461,0.5759249705033349,0.00018402367771319823,0.00018402367771319823,0.007262771329267492,0.7601023353450537,1.0000000000000002,0.0,0.6923076923076923,0
0.0,0.0032458750338111974,0.8432249009572502,0.1009426083642086,0.00018402367771319823,0.00018402367771319823,0.836874549150764,0.006904355812122802,1.0000000000000002,0.0,0.6153846153846154,0
0.0,0.0032458750338111974,0.8432249004005901,0.6928023206796721,0.00018402367771319823,0.00018402367771319823,0.7600498393337267,0.006904355812122802,1.0000000000000002,0.0,0.6153846153846154,0
0.0,0.0032458750338111974,0.8432249004005901,0.9935818242341127,0.00018402367771319823,0.00018402367771319823,0.6206308610400681,0.006904355812122802,1.0000000000000002,0.0,0.6153846153846154,0
0.0,0.12009737625101434,0.8432249006789202,0.05480929786892921,0.00018402367771319823,0.00018402367771319823,0.8531051216473211,0.006904355812122802,1.0000000000000002,0.0,0.9230769230769231,0
0.0,0.055720854747092236,0.8432249006789202,0.05480929925154315,0.00018402367771319823,0.00018402367771319823,0.8529411764705882,0.006904355812122802,1.0000000000000002,0.0,0.9230769230769231,0
0.03225806451612903,0.017311333513659724,0.8432249006789202,0.054809305611567286,0.00018402367771319823,0.00018402367771319823,0.7554921634205521,0.006904355812122802,1.0000000000000002,0.0,0.6153846153846154,0
0.0,0.13984311604003244,0.8432249009572502,0.9789538774094637,0.00018402367771319823,0.00018402367771319823,0.8044134041576496,0.006904355812122802,1.0000000000000002,0.0,0.9230769230769231,0
0.03225806451612903,0.017311333513659724,0.8432249006789202,0.7923212133084618,0.00018402367771319823,0.00018402367771319823,0.7350645943996327,0.006904355812122802,1.0000000000000002,0.0,0.6153846153846154,0
0.0,0.005409791723018665,0.3381301778851135,0.5759249705033349,0.00018402367771319823,0.00018402367771319823,0.007262771329267492,0.81714117029651,1.0000000000000002,0.0,0.6923076923076923,0
0.0,0.0032458750338111974,0.8432249006789202,0.7923212041832098,0.00018402367771319823,0.00018402367771319823,0.875991868319234,0.006904355812122802,1.0000000000000002,0.0,0.6153846153846154,0
0.0,0.027319448201244254,0.8432249006789202,0.7923319490291927,0.00018402367771319823,0.00018402367771319823,0.5925634467833956,0.006904355812122802,1.0000000000000002,0.0,0.9230769230769231,0
0.0,0.0032458750338111974,0.8432249006789202,0.7965428607234402,0.00018402367771319823,0.00018402367771319823,0.881926683716965,0.006904355812122802,1.0000000000000002,0.0,0.6153846153846154,0
0.0,0.0032458750338111974,0.8432249006789202,0.7965428607234402,0.00018402367771319823,0.00018402367771319823,0.8818938946816184,0.006904355812122802,1.0000000000000002,0.0,0.6153846153846154,0
0.0,0.10657289694346768,0.8432249006789202,0.7923212102667112,0.00018402367771319823,0.00018402367771319823,0.7121122696570267,0.0009511939123589609,1.0000000000000002,0.0,0.9230769230769231,0
0.0,0.013524479307546659,0.8432249009572502,0.23181434907281845,0.00018402367771319823,0.00018402367771319823,0.9613745163617285,0.006904355812122802,1.0000000000000002,0.0,0.9230769230769231,0
0.0,0.0032458750338111974,0.8432249006789202,0.3360099787075213,0.00018402367771319823,0.00018402367771319823,0.8172011279428159,0.006904355812122802,1.0000000000000002,0.0,0.6153846153846154,0
0.03225806451612903,0.017311333513659724,0.8432249006789202,0.79655235568642,0.00018402367771319823,0.00018402367771319823,0.6002688700898419,0.006904355812122802,1.0000000000000002,0.0,0.6153846153846154,0
0.06451612903225806,0.03137679199350825,0.8432249006789202,0.3360099787075213,0.00018402367771319823,0.00018402367771319823,0.8172339169781625,0.006904355812122802,1.0000000000000002,0.0,0.6153846153846154,0
0.0,0.0,0.8432249006789202,0.7923212102667112,0.00018402367771319823,0.00018402367771319823,0.7137189323890091,0.0009511939123589609,1.0000000000000002,0.0,0.15384615384615385,0
0.0,0.0032458750338111974,0.8432249004005901,0.6928023206796721,0.00018402367771319823,0.00018402367771319823,0.7600498393337267,0.006904355812122802,1.0000000000000002,0.0,0.6153846153846154,0
0.0,0.0032458750338111974,0.8432249004005901,0.6928023206796721,0.00018402367771319823,0.00018402367771319823,0.7600498393337267,0.006904355812122802,1.0000000000000002,0.0,0.6153846153846154,0
0.0,0.0032458750338111974,5.288271874223649e-09,0.5759249705033349,0.00018402367771319823,0.00018402367771319823,0.001311561413863204,0.809794017318289,1.0000000000000002,0.0,0.6538461538461539,0
0.0,0.0032458750338111974,0.8432249009572502,0.05480932026727506,0.00018402367771319823,0.00018402367771319823,0.7108990753492032,0.006904355812122802,1.0000000000000002,0.0,0.6153846153846154,0
0.0,0.005409791723018665,0.8432249009572502,0.05480929206195066,0.00018402367771319823,0.00018402367771319823,0.5979736376155813,0.006904355812122802,1.0000000000000002,0.0,0.07692307692307693,0
0.0,0.0032458750338111974,0.8432249009572502,0.05480930312286218,0.00018402367771319823,0.00018402367771319823,0.9369138959931799,0.006904355812122802,1.0000000000000002,0.0,0.6153846153846154,0
0.16129032258064516,0.07357316743305382,0.8432249009572502,0.05480930312286218,0.00018402367771319823,0.00018402367771319823,0.9370778411699128,0.006904355812122802,1.0000000000000002,0.0,0.6153846153846154,0
0.03225806451612903,0.10630240735731675,0.8432249009572502,0.9935818222984533,0.00018402367771319823,0.00018402367771319823,0.703029706866024,0.006904355812122802,1.0000000000000002,0.0,0.9230769230769231,0
0.0,0.14308899107384365,0.8432249009572502,0.9935819547528687,0.00018402367771319823,0.00018402367771319823,0.8603187094235687,0.006904355812122802,1.0000000000000002,0.0,0.9230769230769231,0
0.0,0.0032458750338111974,0.8432249006789202,0.05480932026727506,0.00018402367771319823,0.00018402367771319823,0.7096530920060331,0.006904355812122802,1.0000000000000002,0.0,0.6153846153846154,0
0.0,0.0032458750338111974,0.8432249006789202,0.05480929925154315,0.00018402367771319823,0.00018402367771319823,0.8588432028329726,0.006904355812122802,1.0000000000000002,0.0,0.6153846153846154,0
0.0967741935483871,0.045442250473356774,0.8432249006789202,0.05480930312286218,0.00018402367771319823,0.00018402367771319823,0.8114958357925109,0.006904355812122802,1.0000000000000002,0.0,0.6153846153846154,0
0.0,0.0032458750338111974,0.8432249006789202,0.7923212102667112,0.00018402367771319823,0.00018402367771319823,0.7181782411961439,0.0009511939123589609,1.0000000000000002,0.0,0.6153846153846154,0
0.06451612903225806,0.03976196916418718,0.8432249006789202,0.7923319437752597,0.00018402367771319823,0.00018402367771319823,0.6557151288609089,0.006904355812122802,1.0000000000000002,0.0,0.9230769230769231,0
0.06451612903225806,0.03137679199350825,0.8432249009572502,0.6928023206796721,0.00018402367771319823,0.00018402367771319823,0.5778411699127811,0.006904355812122802,1.0000000000000002,0.0,0.6153846153846154,0
0.0,0.0032458750338111974,0.8432249009572502,0.7923212116493251,0.00018402367771319823,0.00018402367771319823,0.9258312020460358,0.006904355812122802,1.0000000000000002,0.0,0.6153846153846154,0
0.0,0.0032458750338111974,0.8432249009572502,0.7923212133084618,0.00018402367771319823,0.00018402367771319823,0.618138894353728,0.006904355812122802,1.0000000000000002,0.0,0.6153846153846154,0
0.0,0.0032458750338111974,0.8432249006789202,0.10105696878765148,0.00018402367771319823,0.00018402367771319823,0.6385664633746475,0.006904355812122802,1.0000000000000002,0.0,0.6153846153846154,0
0.0,0.0,0.8432249006789202,0.10102826351004945,0.00018402367771319823,0.00018402367771319823,0.92674929503574,0.006904355812122802,1.0000000000000002,0.0,0.15384615384615385,0
0.03225806451612903,0.017311333513659724,0.8432249006789202,0.10102826351004945,0.00018402367771319823,0.00018402367771319823,0.9267820840710865,0.006904355812122802,1.0000000000000002,0.0,0.6153846153846154,0
0.0,0.0032458750338111974,0.8432249006789202,0.23224883771602906,0.00018402367771319823,0.00018402367771319823,0.8566463374647517,0.006904355812122802,1.0000000000000002,0.0,0.6153846153846154,0
0.0,0.0032458750338111974,0.8432249006789202,0.13449011522436638,0.00018402367771319823,0.00018402367771319823,0.8779919994753754,0.006904355812122802,1.0000000000000002,0.0,0.6153846153846154,0
0.0,0.0032458750338111974,0.8432249004005901,0.05480929206195066,0.00018402367771319823,0.00018402367771319823,0.5614466522394911,0.006904355812122802,1.0000000000000002,0.0,0.6153846153846154,0
0.0,0.0032458750338111974,0.8432249004005901,0.05480929206195066,0.00018402367771319823,0.00018402367771319823,0.5615778083808775,0.006904355812122802,1.0000000000000002,0.0,0.6153846153846154,0
0.12903225806451613,0.0595077089532053,0.8432249004005901,0.054809305611567286,0.00018402367771319823,0.00018402367771319823,0.930028198570398,0.006904355812122802,1.0000000000000002,0.0,0.6153846153846154,0
0.0967741935483871,0.045442250473356774,0.8432249004005901,0.9935819550293915,0.00018402367771319823,0.00018402367771319823,0.6994557020132467,0.006904355812122802,1.0000000000000002,0.0,0.6153846153846154,0
0.0,0.0032458750338111974,0.8432249004005901,0.792321210543234,0.00018402367771319823,0.00018402367771319823,0.7279493737294248,0.006904355812122802,1.0000000000000002,0.0,0.6153846153846154,0
0.0,0.01271301054909386,0.8432249006789202,0.10102826351004945,0.00018402367771319823,0.00018402367771319823,0.9267820840710865,0.006904355812122802,1.0000000000000002,0.0,0.9230769230769231,0
0.0,0.0032458750338111974,0.8432249006789202,4.5955322178267005e-06,0.00018402367771319823,0.00018402367771319823,0.6171552232933307,0.006904355812122802,1.0000000000000002,0.0,0.6153846153846154,0
0.0,0.03732756288882878,0.8432249004005901,0.05480839142722935,0.00018402367771319823,0.00018402367771319823,0.904419961964719,0.006904355812122802,1.0000000000000002,0.0,0.9230769230769231,0
0.0,0.0032458750338111974,0.8432249004005901,0.13449011522436638,0.00018402367771319823,0.00018402367771319823,0.5615122303101843,0.006904355812122802,1.0000000000000002,0.0,0.6153846153846154,0
0.0,0.0032458750338111974,0.8432249004005901,0.7923319437752597,0.00018402367771319823,0.00018402367771319823,0.6736835202308348,0.0009511939123589609,1.0000000000000002,0.0,0.6153846153846154,0
0.0,0.013794968893697591,0.8432249009572502,0.7923212022475503,0.00018402367771319823,0.00018402367771319823,0.8853039543576627,0.006904355812122802,1.0000000000000002,0.0,0.9230769230769231,0
0.0,0.0032458750338111974,0.8432249006789202,0.15242966190697127,0.00018402367771319823,0.00018402367771319823,0.9653092006033182,0.006904355812122802,1.0000000000000002,0.0,0.6153846153846154,0
0.0,0.0032458750338111974,0.8432249006789202,0.15242966190697127,0.00018402367771319823,0.00018402367771319823,0.9653092006033182,0.006904355812122802,1.0000000000000002,0.0,0.6153846153846154,0
0.0,0.013794968893697591,0.8432249006789202,0.9935819580711421,0.00018402367771319823,0.00018402367771319823,0.8187094235687585,0.006904355812122802,1.0000000000000002,0.0,0.9230769230769231,0
0.0,0.0032458750338111974,0.8432249004005901,0.05480839142722935,0.00018402367771319823,0.00018402367771319823,0.904419961964719,0.006904355812122802,1.0000000000000002,0.0,0.6153846153846154,0
0.0,0.005409791723018665,0.8432249009572502,0.05480929206195066,0.00018402367771319823,0.00018402367771319823,0.6082693947144074,0.006904355812122802,1.0000000000000002,0.0,0.07692307692307693,0
0.0,0.0032458750338111974,0.8432249009572502,0.05480929925154315,0.00018402367771319823,0.00018402367771319823,0.9216014164863269,0.006904355812122802,1.0000000000000002,0.0,0.6153846153846154,0
0.0967741935483871,0.045442250473356774,0.8432249009572502,0.054809303952430555,0.00018402367771319823,0.00018402367771319823,0.5911863072988393,0.006904355812122802,1.0000000000000002,0.0,0.6153846153846154,0
0.06451612903225806,0.03137679199350825,0.8432249009572502,0.9935818222984533,0.00018402367771319823,0.00018402367771319823,0.713489409141583,0.006904355812122802,1.0000000000000002,0.0,0.6153846153846154,0
0.0967741935483871,0.07113876115769543,0.8432249009572502,0.9457368440396274,0.00018402367771319823,0.00018402367771319823,0.5742015869893108,0.006904355812122802,1.0000000000000002,0.0,0.9230769230769231,0
0.0,0.0032458750338111974,0.8432249009572502,0.9457368440396274,0.00018402367771319823,0.00018402367771319823,0.5745950554134697,0.006904355812122802,1.0000000000000002,0.0,0.6153846153846154,0
0.0,0.0032458750338111974,0.8432249009572502,0.48963032395971123,0.00018402367771319823,0.00018402367771319823,0.9006492228998623,0.006904355812122802,1.0000000000000002,0.0,0.6153846153846154,0
0.0,0.0032458750338111974,0.8432249009572502,0.6928024520279964,0.00018402367771319823,0.00018402367771319823,0.9669814414059937,0.006904355812122802,1.0000000000000002,0.0,0.6153846153846154,0
0.0,0.0032458750338111974,0.8432249009572502,0.6928023248275138,0.00018402367771319823,0.00018402367771319823,0.9338645157059479,0.006904355812122802,1.0000000000000002,0.0,0.6153846153846154,0
0.0,0.0032458750338111974,0.8432249009572502,0.41822471788696486,0.00018402367771319823,0.00018402367771319823,0.6538789428815004,0.006904355812122802,1.0000000000000002,0.0,0.6153846153846154,0
0.0,0.0032458750338111974,0.8432249009572502,0.13449011522436638,0.00018402367771319823,0.00018402367771319823,0.8275296740769886,0.006904355812122802,1.0000000000000002,0.0,0.6153846153846154,0
0.0,0.0032458750338111974,0.8432249009572502,0.7923212133084618,0.00018402367771319823,0.00018402367771319823,0.6273198242507705,0.006904355812122802,1.0000000000000002,0.0,0.6153846153846154,0
0.0,0.0032458750338111974,0.8432249009572502,0.8207539157615705,0.00018402367771319823,0.00018402367771319823,0.7303101842743785,0.006904355812122802,1.0000000000000002,0.0,0.6153846153846154,0
0.03225806451612903,0.017311333513659724,0.8432249009572502,0.48963032395971123,0.00018402367771319823,0.00018402367771319823,0.9006492228998623,0.006904355812122802,1.0000000000000002,0.0,0.6153846153846154,0
0.0,0.02461455233973492,0.8432249009572502,0.1561923727459847,0.00018402367771319823,0.00018402367771319823,0.7753951078759262,0.006904355812122802,1.0000000000000002,0.0,0.9230769230769231,0
0.0,0.0032458750338111974,0.8432249006789202,0.05480929786892921,0.00018402367771319823,0.00018402367771319823,0.8726801757492294,0.006904355812122802,1.0000000000000002,0.0,0.6153846153846154,0
0.0,0.0032458750338111974,0.8432249006789202,0.05480929786892921,0.00018402367771319823,0.00018402367771319823,0.8728113318906158,0.006904355812122802,1.0000000000000002,0.0,0.6153846153846154,0
0.0967741935483871,0.045442250473356774,0.8432249006789202,0.054809309759409106,0.00018402367771319823,0.00018402367771319823,0.9673093317594595,0.006904355812122802,1.0000000000000002,0.0,0.6153846153846154,0
0.0,0.1206383554233162,0.8432249006789202,0.05480931307768257,0.00018402367771319823,0.00018402367771319823,0.7948717948717948,0.006904355812122802,1.0000000000000002,0.0,0.9230769230769231,0
0.0967741935483871,0.045442250473356774,0.8432249006789202,0.9935818222984533,0.00018402367771319823,0.00018402367771319823,0.9805888910748245,0.006904355812122802,1.0000000000000002,0.0,0.6153846153846154,0
0.0,0.017040843927508792,0.8432249004005901,0.05480929925154315,0.00018402367771319823,0.00018402367771319823,0.9038953373991736,0.006904355812122802,1.0000000000000002,0.0,0.9230769230769231,0
0.12903225806451613,0.0595077089532053,0.8432249004005901,0.054809309759409106,0.00018402367771319823,0.00018402367771319823,0.7269329136336808,0.006904355812122802,1.0000000000000002,0.0,0.6153846153846154,0
0.03225806451612903,0.06410603191777117,0.8432249004005901,0.7923319437752597,0.00018402367771319823,0.00018402367771319823,0.9816709292412616,0.006904355812122802,1.0000000000000002,0.0,0.9230769230769231,0
0.0,0.03678658371652692,0.8432249006789202,0.4162061684512988,0.00018402367771319823,0.00018402367771319823,0.661879467506066,0.006904355812122802,1.0000000000000002,0.0,0.9230769230769231,0
0.0,0.0032458750338111974,0.8432249006789202,0.4162061728756634,0.00018402367771319823,0.00018402367771319823,0.617286379434717,0.006904355812122802,1.0000000000000002,0.0,0.6153846153846154,0
0.0,0.0032458750338111974,0.8432249004005901,0.7923212033536415,0.00018402367771319823,0.00018402367771319823,0.8922224408157912,0.006904355812122802,1.0000000000000002,0.0,0.6153846153846154,0
0.0,0.0032458750338111974,0.8432249004005901,0.3531376008384211,0.00018402367771319823,0.00018402367771319823,0.9045839071414519,0.006904355812122802,1.0000000000000002,0.0,0.6153846153846154,0
0.03225806451612903,0.017311333513659724,0.8432249004005901,0.3531376008384211,0.00018402367771319823,0.00018402367771319823,0.9046494852121449,0.006904355812122802,1.0000000000000002,0.0,0.6153846153846154,0
0.0,0.0032458750338111974,0.8432249004005901,0.3531376008384211,0.00018402367771319823,0.00018402367771319823,0.9046822742474916,0.006904355812122802,1.0000000000000002,0.0,0.6153846153846154,0
0.0,0.0032458750338111974,0.8432249004005901,0.9935818253402039,0.00018402367771319823,0.00018402367771319823,0.6194176667322447,0.006904355812122802,1.0000000000000002,0.0,0.6153846153846154,0
0.0,0.0032458750338111974,0.8432249009572502,0.9457368440396274,0.00018402367771319823,0.00018402367771319823,0.5745950554134697,0.006904355812122802,1.0000000000000002,0.0,0.6153846153846154,0
0.03225806451612903,0.017311333513659724,0.8432249009572502,0.48963032395971123,0.00018402367771319823,0.00018402367771319823,0.9006492228998623,0.006904355812122802,1.0000000000000002,0.0,0.6153846153846154,0
0.0,0.011631052204490127,0.8432249009572502,0.1666633253957292,0.00018402367771319823,0.00018402367771319823,0.6881106957833301,0.006904355812122802,1.0000000000000002,0.0,0.9230769230769231,0
0.0,0.0032458750338111974,0.8432249004005901,0.3531376008384211,0.00018402367771319823,0.00018402367771319823,0.9047150632828381,0.006904355812122802,1.0000000000000002,0.0,0.6153846153846154,0
0.0,0.0032458750338111974,0.8432249004005901,0.3531376008384211,0.00018402367771319823,0.00018402367771319823,0.9045511181061052,0.006904355812122802,1.0000000000000002,0.0,0.6153846153846154,0
0.03225806451612903,0.017311333513659724,0.8432249004005901,0.3531376008384211,0.00018402367771319823,0.00018402367771319823,0.9045839071414519,0.006904355812122802,1.0000000000000002,0.0,0.6153846153846154,0
0.0,0.005409791723018665,0.3553697435197548,0.5759249705033349,0.00018402367771319823,0.00018402367771319823,0.007262771329267492,0.9057006035161375,1.0000000000000002,0.0,0.6923076923076923,0
0.0,0.0032458750338111974,0.8432249009572502,0.8960729912383442,0.00018402367771319823,0.00018402367771319823,0.695291494524231,0.006904355812122802,1.0000000000000002,0.0,0.6153846153846154,0
0.03225806451612903,0.017311333513659724,0.8432249004005901,0.3531376008384211,0.00018402367771319823,0.00018402367771319823,0.9056003672371958,0.006904355812122802,1.0000000000000002,0.0,0.6153846153846154,0
0.03225806451612903,0.017311333513659724,0.8432249009572502,0.48963032395971123,0.00018402367771319823,0.00018402367771319823,0.9006492228998623,0.006904355812122802,1.0000000000000002,0.0,0.6153846153846154,0
0.0,0.0032458750338111974,0.8432249009572502,0.8207541754164687,0.00018402367771319823,0.00018402367771319823,0.9147485080988916,0.006904355812122802,1.0000000000000002,0.0,0.6153846153846154,0
0.0,0.7822558831484988,0.8432249009572502,0.41822471788696486,0.00018402367771319823,0.00018402367771319823,0.6539117319168469,0.006904355812122802,1.0000000000000002,0.0,0.6153846153846154,0
0.0,0.010819583446037328,0.8432248998439299,0.8378249165333039,1.0,0.00018402367771319823,0.0,0.02064746785620572,0.0,1.0,0.0,0
0.0,0.0032458750338111974,0.8432249009572502,0.6928024520279964,0.00018402367771319823,0.00018402367771319823,0.9670142304413404,0.006904355812122802,1.0000000000000002,0.0,0.6538461538461539,0
0.0,0.0032458750338111974,0.8432249009572502,0.48963032395971123,0.00018402367771319823,0.00018402367771319823,0.9006492228998623,0.006904355812122802,1.0000000000000002,0.0,0.6153846153846154,0
0.0,0.0032458750338111974,0.8432249009572502,0.1561923727459847,0.00018402367771319823,0.00018402367771319823,0.7753951078759262,0.006904355812122802,1.0000000000000002,0.0,0.6153846153846154,0
0.0,0.013794968893697591,0.8432249006789202,0.7923212099901884,0.00018402367771319823,0.00018402367771319823,0.8773690078037903,0.006904355812122802,1.0000000000000002,0.0,0.9230769230769231,0
0.0,0.0032458750338111974,0.8432249004005901,0.05480929925154315,0.00018402367771319823,0.00018402367771319823,0.9082562791002688,0.006904355812122802,1.0000000000000002,0.0,0.6153846153846154,0
0.0,0.0032458750338111974,0.8432249004005901,0.054809303952430555,0.00018402367771319823,0.00018402367771319823,0.8815004262574595,0.006904355812122802,1.0000000000000002,0.0,0.6153846153846154,0
0.0,0.10630240735731675,0.8432249004005901,0.7923212102667112,0.00018402367771319823,0.00018402367771319823,0.6479769165191159,0.0009511939123589609,1.0000000000000002,0.0,0.9230769230769231,0
0.0,0.15228563700297537,0.8432249004005901,0.23246860337241756,0.00018402367771319823,0.00018402367771319823,0.6225326250901698,0.006904355812122802,1.0000000000000002,0.0,0.9230769230769231,0
0.03225806451612903,0.027860427373546118,0.8432249004005901,0.7923319437752597,0.00018402367771319823,0.00018402367771319823,0.9862286051544363,0.006904355812122802,1.0000000000000002,0.0,0.9230769230769231,0
0.0,0.0032458750338111974,0.8432249004005901,0.9935818220219305,0.00018402367771319823,0.00018402367771319823,0.8689094366843727,0.006904355812122802,1.0000000000000002,0.0,0.6153846153846154,0
0.03225806451612903,0.017311333513659724,0.8432249009572502,0.48963032395971123,0.00018402367771319823,0.00018402367771319823,0.9006492228998623,0.006904355812122802,1.0000000000000002,0.0,0.6153846153846154,0
0.0,0.0032458750338111974,0.8432249009572502,0.7923319468170104,0.00018402367771319823,0.00018402367771319823,0.5640697750672174,0.006904355812122802,1.0000000000000002,0.0,0.6153846153846154,0
0.0,0.0032458750338111974,0.8432249009572502,0.48963032395971123,0.00018402367771319823,0.00018402367771319823,0.9006492228998623,0.006904355812122802,1.0000000000000002,0.0,0.6153846153846154,0
0.0,0.0032458750338111974,0.8432249006789202,0.7923212011414592,0.00018402367771319823,0.00018402367771319823,0.7854941307626729,0.006904355812122802,1.0000000000000002,0.0,0.6538461538461539,0
0.0,0.010819583446037328,0.8432248998439299,0.8378249162567811,1.0,0.00018402367771319823,0.0,0.02064746785620572,0.0,1.0,0.0,0
0.0,0.0032458750338111974,0.8432249004005901,0.6928024202278757,0.00018402367771319823,0.00018402367771319823,0.9465866614204209,0.006904355812122802,1.0000000000000002,0.0,0.6153846153846154,0
0.0,0.0032458750338111974,0.8432249004005901,0.4026964731457614,0.00018402367771319823,0.00018402367771319823,0.9941963407436553,0.006904355812122802,1.0000000000000002,0.0,0.6153846153846154,0
0.03225806451612903,0.017311333513659724,0.8432249004005901,9.18782911902994e-05,0.00018402367771319823,0.00018402367771319823,0.9340284608826808,0.006904355812122802,1.0000000000000002,0.0,0.6153846153846154,0
0.0,0.0032458750338111974,0.8432249004005901,0.692802278924731,0.00018402367771319823,0.00018402367771319823,0.8798609744901305,0.006904355812122802,1.0000000000000002,0.0,0.6153846153846154,0
0.0,0.0032458750338111974,0.8432249004005901,0.8987472456121566,0.00018402367771319823,0.00018402367771319823,0.9509148140861695,0.006904355812122802,1.0000000000000002,0.0,0.6153846153846154,0
0.0,0.0032458750338111974,0.8432249004005901,0.7923212102667112,0.00018402367771319823,0.00018402367771319823,0.6479769165191159,0.0009511939123589609,1.0000000000000002,0.0,0.6153846153846154,0
0.03225806451612903,0.017311333513659724,0.8432249004005901,0.9935819544763459,0.00018402367771319823,0.00018402367771319823,0.8204800314774738,0.006904355812122802,1.0000000000000002,0.0,0.6153846153846154,0
0.0,0.013794968893697591,0.8432249004005901,0.9935818220219305,0.00018402367771319823,0.00018402367771319823,0.8689094366843727,0.006904355812122802,1.0000000000000002,0.0,0.9230769230769231,0
0.0,0.0032458750338111974,0.8432249004005901,0.7923319468170104,0.00018402367771319823,0.00018402367771319823,0.8299232736572889,0.006904355812122802,1.0000000000000002,0.0,0.6153846153846154,0
0.0,0.0,0.8432249004005901,0.9935819580711421,0.00018402367771319823,0.00018402367771319823,0.9538002491966686,0.006904355812122802,1.0000000000000002,0.0,0.15384615384615385,0
0.03225806451612903,0.017311333513659724,0.8432249004005901,0.9935812822494478,0.00018402367771319823,0.00018402367771319823,0.7840186241720768,0.006904355812122802,1.0000000000000002,0.0,0.6153846153846154,0
0.0,0.12767108466324045,0.8432249004005901,0.1666633253957292,0.00018402367771319823,0.00018402367771319823,0.6491901108269394,0.006904355812122802,1.0000000000000002,0.0,0.9230769230769231,0
0.0,0.0032458750338111974,0.8432249004005901,0.820753911337206,0.00018402367771319823,0.00018402367771319823,0.5660043281526657,0.006904355812122802,1.0000000000000002,0.0,0.6153846153846154,0
0.0,0.0,0.8432249004005901,0.729332397079896,0.00018402367771319823,0.00018402367771319823,0.8800577087022099,0.006904355812122802,1.0000000000000002,0.0,0.6538461538461539,0
0.03225806451612903,0.017311333513659724,0.8432249009572502,0.48963032395971123,0.00018402367771319823,0.00018402367771319823,0.9006492228998623,0.006904355812122802,1.0000000000000002,0.0,0.6153846153846154,0
0.0,0.0032458750338111974,0.8432249009572502,0.849311843494995,0.00018402367771319823,0.00018402367771319823,0.7817233916978162,0.006904355812122802,1.0000000000000002,0.0,0.6153846153846154,0
0.03225806451612903,0.017311333513659724,0.8432249004005901,0.8502664491045466,0.00018402367771319823,0.00018402367771319823,0.6883730080661027,0.006904355812122802,1.0000000000000002,0.0,0.6153846153846154,0
0.0,0.0064917500676223965,0.8432249004005901,0.9935818220219305,0.00018402367771319823,0.00018402367771319823,0.8688766476490261,0.006904355812122802,1.0000000000000002,0.0,0.6153846153846154,0
0.03225806451612903,0.0530159588855829,0.8432249004005901,0.4026964731457614,0.00018402367771319823,0.00018402367771319823,0.9941963407436553,0.006904355812122802,1.0000000000000002,0.0,0.9230769230769231,0
0.0,0.013794968893697591,0.8432249004005901,0.820753911337206,0.00018402367771319823,0.00018402367771319823,0.5660371171880123,0.006904355812122802,1.0000000000000002,0.0,0.9230769230769231,0
0.0,0.0,0.8432249004005901,0.692802278924731,0.00018402367771319823,0.00018402367771319823,0.8798281854547838,0.006904355812122802,1.0000000000000002,0.0,0.15384615384615385,0
0.0,0.0032458750338111974,0.8432249009572502,0.9935818222984533,0.00018402367771319823,0.00018402367771319823,0.713489409141583,0.006904355812122802,1.0000000000000002,0.0,0.6153846153846154,0
0.0,0.013794968893697591,0.8432249009572502,0.9935820089513353,0.00018402367771319823,0.00018402367771319823,0.7286051544363564,0.006904355812122802,1.0000000000000002,0.0,0.9230769230769231,0
0.0,0.0032458750338111974,0.8260423281419201,0.5759249705033349,0.00018402367771319823,0.00018402367771319823,0.007262771329267492,0.556350039359748,1.0000000000000002,0.0,0.6538461538461539,0
0.06451612903225806,0.03137679199350825,0.8432249004005901,0.054809309759409106,0.00018402367771319823,0.00018402367771319823,0.7400157387369664,0.006904355812122802,1.0000000000000002,0.0,0.6153846153846154,0
0.0,0.005409791723018665,0.8432249004005901,0.7923212102667112,0.00018402367771319823,0.00018402367771319823,0.7908059544888189,0.006904355812122802,1.0000000000000002,0.0,0.07692307692307693,0
0.0,0.0032458750338111974,0.8432249004005901,0.9935819580711421,0.00018402367771319823,0.00018402367771319823,0.959079283887468,0.006904355812122802,1.0000000000000002,0.0,0.6153846153846154,0
0.06451612903225806,0.19204760616716254,0.8432249004005901,0.7923319437752597,0.00018402367771319823,0.00018402367771319823,0.9947537543445472,0.006904355812122802,1.0000000000000002,0.0,0.9230769230769231,0
0.0,0.0032458750338111974,0.8432249009572502,0.05480929925154315,0.00018402367771319823,0.00018402367771319823,0.9435700701685356,0.006904355812122802,1.0000000000000002,0.0,0.6153846153846154,0
0.0,0.0032458750338111974,0.8432249009572502,0.05480929925154315,0.00018402367771319823,0.00018402367771319823,0.9439963276280411,0.006904355812122802,1.0000000000000002,0.0,0.6153846153846154,0
0.03225806451612903,0.017311333513659724,0.8432249009572502,0.054809305611567286,0.00018402367771319823,0.00018402367771319823,0.9861302380483965,0.006904355812122802,1.0000000000000002,0.0,0.6153846153846154,0
0.03225806451612903,0.017311333513659724,0.8432249009572502,0.9935812825259706,0.00018402367771319823,0.00018402367771319823,0.8292674929503574,0.006904355812122802,1.0000000000000002,0.0,0.6153846153846154,0
0.0,0.0032458750338111974,0.8432249004005901,0.8445143854884639,0.00018402367771319823,0.00018402367771319823,0.6850613154960981,0.006904355812122802,1.0000000000000002,0.0,0.6153846153846154,0
0.06451612903225806,0.03137679199350825,0.8432249004005901,0.47442114254901796,0.00018402367771319823,0.00018402367771319823,0.6596498131024985,0.006904355812122802,1.0000000000000002,0.0,0.6153846153846154,0
0.0,0.0032458750338111974,0.8432249009572502,0.9935812855677212,0.00018402367771319823,0.00018402367771319823,0.7617876582070955,0.006904355812122802,1.0000000000000002,0.0,0.6153846153846154,0
0.0967741935483871,0.045442250473356774,0.8432249004005901,0.474421719652077,0.00018402367771319823,0.00018402367771319823,0.604400288543511,0.006904355812122802,1.0000000000000002,0.0,0.6153846153846154,0
0.0,0.0,0.8432249004005901,0.47442114254901796,0.00018402367771319823,0.00018402367771319823,0.6606662731982424,0.006904355812122802,1.0000000000000002,0.0,0.15384615384615385,0
0.03225806451612903,0.017311333513659724,0.8432249009572502,0.9935819580711421,0.00018402367771319823,0.00018402367771319823,0.8187750016394517,0.006904355812122802,1.0000000000000002,0.0,0.6153846153846154,0
0.03225806451612903,0.017311333513659724,0.8432249009572502,0.9935818250636811,0.00018402367771319823,0.00018402367771319823,0.8661879467506065,0.006904355812122802,1.0000000000000002,0.0,0.6153846153846154,0
0.0,0.0032458750338111974,0.8432249009572502,0.792321201417982,0.00018402367771319823,0.00018402367771319823,0.9624565545281657,0.006904355812122802,1.0000000000000002,0.0,0.6153846153846154,0
0.03225806451612903,0.017311333513659724,0.8432249009572502,0.9935819602833246,0.00018402367771319823,0.00018402367771319823,0.7996917830677421,0.006904355812122802,1.0000000000000002,0.0,0.6153846153846154,0
0.06451612903225806,0.03137679199350825,0.8432249009572502,0.7965523725543101,0.00018402367771319823,0.00018402367771319823,0.8189717358515312,0.006904355812122802,1.0000000000000002,0.0,0.6153846153846154,0
0.0,0.0032458750338111974,0.8432249009572502,0.9935819580711421,0.00018402367771319823,0.00018402367771319823,0.8187750016394517,0.006904355812122802,1.0000000000000002,0.0,0.6153846153846154,0
0.0,0.0032458750338111974,0.8432249009572502,0.336003376725952,0.00018402367771319823,0.00018402367771319823,0.9813758279231425,0.006904355812122802,1.0000000000000002,0.0,0.6153846153846154,0
0.0,0.3492020557208547,0.8432249009572502,0.7965523725543101,0.00018402367771319823,0.00018402367771319823,0.8189717358515312,0.006904355812122802,1.0000000000000002,0.0,0.9230769230769231,0
0.06451612903225806,0.03137679199350825,0.8432249009572502,0.054809309759409106,0.00018402367771319823,0.00018402367771319823,0.961964718997967,0.006904355812122802,1.0000000000000002,0.0,0.6153846153846154,0
0.0,0.0032458750338111974,0.8432249009572502,0.9935818222984533,0.00018402367771319823,0.00018402367771319823,0.739261590923995,0.006904355812122802,1.0000000000000002,0.0,0.6153846153846154,0
0.0,0.011631052204490127,0.8432249009572502,0.2323089186517992,0.00018402367771319823,0.00018402367771319823,0.5699718014296019,0.006904355812122802,1.0000000000000002,0.0,0.9230769230769231,0
0.03225806451612903,0.017311333513659724,0.8432249009572502,0.8505675168850435,0.00018402367771319823,0.00018402367771319823,0.9110105580693816,0.006904355812122802,1.0000000000000002,0.0,0.6153846153846154,0
0.03225806451612903,0.017311333513659724,0.8432249009572502,0.7923319437752597,0.00018402367771319823,0.00018402367771319823,0.6568955341333858,0.006904355812122802,1.0000000000000002,0.0,0.6153846153846154,0
0.0,0.0032458750338111974,0.8432249009572502,0.9992579878752782,0.00018402367771319823,0.00018402367771319823,0.6978490392812643,0.006904355812122802,1.0000000000000002,0.0,0.6153846153846154,0
0.0,0.0032458750338111974,0.8432249009572502,0.9992579878752782,0.00018402367771319823,0.00018402367771319823,0.6977506721752246,0.006904355812122802,1.0000000000000002,0.0,0.6153846153846154,0
0.03225806451612903,0.017311333513659724,0.8432249009572502,0.9992579878752782,0.00018402367771319823,0.00018402367771319823,0.6978162502459178,0.006904355812122802,1.0000000000000002,0.0,0.6153846153846154,0
0.0,0.0032458750338111974,0.8432249009572502,0.13449011522436638,0.00018402367771319823,0.00018402367771319823,0.8526132861171224,0.006904355812122802,1.0000000000000002,0.0,0.6153846153846154,0
0.0,0.0032458750338111974,0.8432249009572502,0.993581283355539,0.00018402367771319823,0.00018402367771319823,0.7872647386713882,0.006904355812122802,1.0000000000000002,0.0,0.6153846153846154,0
0.0,0.09331890722207195,0.8432249009572502,0.7923212008649364,0.00018402367771319823,0.00018402367771319823,0.6977834612105711,0.006904355812122802,1.0000000000000002,0.0,0.9230769230769231,0
0.06451612903225806,0.04192588585339464,0.8432249009572502,0.9935812822494478,0.00018402367771319823,0.00018402367771319823,0.7852318184799003,0.006904355812122802,1.0000000000000002,0.0,0.9230769230769231,0
0.0,0.013524479307546659,0.8432249009572502,0.23271194259650388,0.00018402367771319823,0.00018402367771319823,0.9429798675322971,0.006904355812122802,1.0000000000000002,0.0,0.9230769230769231,0
0.0,0.03732756288882878,0.8432249009572502,0.9789528429377129,0.00018402367771319823,0.00018402367771319823,0.6253524821299757,0.006904355812122802,1.0000000000000002,0.0,0.9230769230769231,0
0.0,0.0032458750338111974,0.8432249009572502,0.9935812764424691,0.00018402367771319823,0.00018402367771319823,0.6034821955538068,0.006904355812122802,1.0000000000000002,0.0,0.6153846153846154,0
0.0,0.0032458750338111974,0.8432249009572502,0.1527512247269644,0.00018402367771319823,0.00018402367771319823,0.9100924650796773,0.006904355812122802,1.0000000000000002,0.0,0.6153846153846154,0
0.0,0.0032458750338111974,0.8432249009572502,0.05480841852646259,0.00018402367771319823,0.00018402367771319823,0.8634664568168404,0.0009511939123589609,1.0000000000000002,0.0,0.6538461538461539,0
0.0,0.0,0.8432249009572502,0.8445562869865665,0.00018402367771319823,0.00018402367771319823,0.9903928126434519,0.006904355812122802,1.0000000000000002,0.0,0.15384615384615385,0
0.0,0.0032458750338111974,0.055091624617979486,0.5759249705033349,0.00018402367771319823,0.00018402367771319823,0.007262771329267492,0.9669050118079243,1.0000000000000002,0.0,0.6538461538461539,0
0.0,0.0032458750338111974,0.8432249009572502,0.054809309759409106,0.00018402367771319823,0.00018402367771319823,0.9669486523706472,0.006904355812122802,1.0000000000000002,0.0,0.6153846153846154,0
0.03225806451612903,0.017311333513659724,0.8432249009572502,0.05480930312286218,0.00018402367771319823,0.00018402367771319823,0.9781625024591776,0.006904355812122802,1.0000000000000002,0.0,0.6153846153846154,0
0.12903225806451613,0.07844197998377063,0.8432249009572502,0.9935812825259706,0.00018402367771319823,0.00018402367771319823,0.8376942750344284,0.006904355812122802,1.0000000000000002,0.0,0.9230769230769231,0
0.03225806451612903,0.017311333513659724,0.8432249009572502,0.9935812855677212,0.00018402367771319823,0.00018402367771319823,0.7698209718670076,0.006904355812122802,1.0000000000000002,0.0,0.6153846153846154,0
0.03225806451612903,0.017311333513659724,0.8432249009572502,0.7923212041832098,0.00018402367771319823,0.00018402367771319823,0.5780379041248606,0.006904355812122802,1.0000000000000002,0.0,0.6153846153846154,0
0.0,0.0032458750338111974,0.8432249009572502,0.9935820111635175,0.00018402367771319823,0.00018402367771319823,0.8362843465145254,0.006904355812122802,1.0000000000000002,0.0,0.6153846153846154,0
0.0,0.0032458750338111974,0.8432249009572502,0.7965428692956465,0.00018402367771319823,0.00018402367771319823,0.6576168929110106,0.006904355812122802,1.0000000000000002,0.0,0.6153846153846154,0
0.06451612903225806,0.03137679199350825,0.8432249009572502,0.3360099787075213,0.00018402367771319823,0.00018402367771319823,0.7919535707259492,0.006904355812122802,1.0000000000000002,0.0,0.6153846153846154,0
0.06451612903225806,0.03137679199350825,0.8432249009572502,0.3360099787075213,0.00018402367771319823,0.00018402367771319823,0.7919535707259492,0.006904355812122802,1.0000000000000002,0.0,0.6153846153846154,0
0.0,0.013794968893697591,0.8432249009572502,0.9935818275523861,0.00018402367771319823,0.00018402367771319823,0.9942291297790018,0.006904355812122802,1.0000000000000002,0.0,0.9230769230769231,0
0.0,0.0032458750338111974,0.8432249006789202,0.05480929786892921,0.00018402367771319823,0.00018402367771319823,0.901141058430061,0.006904355812122802,1.0000000000000002,0.0,0.6153846153846154,0
0.0,0.005409791723018665,0.055091612649785245,0.5759249705033349,0.00018402367771319823,0.00018402367771319823,0.007262771329267492,0.9015350301758068,1.0000000000000002,0.0,0.6923076923076923,0
0.06451612903225806,0.03137679199350825,0.8432249006789202,0.05480930312286218,0.00018402367771319823,0.00018402367771319823,0.8536953242835595,0.006904355812122802,1.0000000000000002,0.0,0.6153846153846154,0
0.0,0.0032458750338111974,0.8432249006789202,0.05480930450547612,0.00018402367771319823,0.00018402367771319823,0.9180929897042428,0.006904355812122802,1.0000000000000002,0.0,0.6153846153846154,0
0.0,0.0032458750338111974,0.8432249009572502,0.79655235568642,0.00018402367771319823,0.00018402367771319823,0.9483572693291362,0.006904355812122802,1.0000000000000002,0.0,0.6153846153846154,0
0.03225806451612903,0.017311333513659724,0.8432249006789202,0.7923319437752597,0.00018402367771319823,0.00018402367771319823,0.6978818283166108,0.006904355812122802,1.0000000000000002,0.0,0.6153846153846154,0
0.0967741935483871,0.0643765215039221,0.8432249009572502,0.9935812855677212,0.00018402367771319823,0.00018402367771319823,0.7698209718670076,0.006904355812122802,1.0000000000000002,0.0,0.9230769230769231,0
0.0,0.0032458750338111974,0.8432249009572502,0.9935812822494478,0.00018402367771319823,0.00018402367771319823,0.7899862286051544,0.006904355812122802,1.0000000000000002,0.0,0.6153846153846154,0
0.03225806451612903,0.017311333513659724,0.8432249009572502,0.79655235568642,0.00018402367771319823,0.00018402367771319823,0.9482589022230965,0.006904355812122802,1.0000000000000002,0.0,0.6153846153846154,0
0.0,0.0032458750338111974,0.8432249009572502,0.3360099787075213,0.00018402367771319823,0.00018402367771319823,0.791887992655256,0.006904355812122802,1.0000000000000002,0.0,0.6153846153846154,0
0.0,0.0032458750338111974,0.9999999969383689,0.5759249705033349,0.00018402367771319823,0.00018402367771319823,0.007262771329267492,0.995047231697717,1.0000000000000002,0.0,0.6538461538461539,0
0.6451612903225806,0.2845550446307817,0.8432249006789202,0.20436694957702994,0.00018402367771319823,0.00018402367771319823,0.9243229064200931,0.006904355812122802,1.0000000000000002,0.0,0.6153846153846154,0
0.0,0.011631052204490127,0.8432249006789202,0.20436694957702994,0.00018402367771319823,0.00018402367771319823,0.9247163748442521,0.006904355812122802,1.0000000000000002,0.0,0.9230769230769231,0
0.0,0.0032458750338111974,0.8432249009572502,0.05480929206195066,0.00018402367771319823,0.00018402367771319823,0.6445996458784182,0.006904355812122802,1.0000000000000002,0.0,0.6153846153846154,0
0.0,0.010819583446037328,0.8432248998439299,0.8378249165333039,1.0,0.00018402367771319823,0.0,0.02064746785620572,0.0,1.0,0.0,0
0.03225806451612903,0.017311333513659724,0.8432249009572502,7.542269658468957e-05,0.00018402367771319823,0.00018402367771319823,0.6740114105843006,0.0009511939123589609,1.0000000000000002,0.0,0.6538461538461539,0
0.06451612903225806,0.03137679199350825,0.8432249009572502,0.054809305611567286,0.00018402367771319823,0.00018402367771319823,0.537477867401141,0.006904355812122802,1.0000000000000002,0.0,0.6153846153846154,0
0.0,0.005409791723018665,0.8432249009572502,0.9935812855677212,0.00018402367771319823,0.00018402367771319823,0.7757229982293921,0.006904355812122802,1.0000000000000002,0.0,0.07692307692307693,0
0.06451612903225806,0.03137679199350825,0.8432249009572502,0.9935818222984533,0.00018402367771319823,0.00018402367771319823,0.7499180274116335,0.006904355812122802,1.0000000000000002,0.0,0.6153846153846154,0
0.03225806451612903,0.017311333513659724,0.8432249009572502,0.38865804331771014,0.00018402367771319823,0.00018402367771319823,0.6379762607384091,0.006904355812122802,1.0000000000000002,0.0,0.6153846153846154,0
0.0,0.0032458750338111974,0.8432249009572502,0.8503837423286816,0.00018402367771319823,0.00018402367771319823,0.9589481277460816,0.006904355812122802,1.0000000000000002,0.0,0.6153846153846154,0
0.0,0.0032458750338111974,0.8432249006789202,0.05480932026727506,0.00018402367771319823,0.00018402367771319823,0.7575906616827333,0.006904355812122802,1.0000000000000002,0.0,0.6153846153846154,0
0.0,0.0032458750338111974,0.8432249006789202,0.05480932026727506,0.00018402367771319823,0.00018402367771319823,0.7581152862482785,0.006904355812122802,1.0000000000000002,0.0,0.6153846153846154,0
0.06451612903225806,0.03137679199350825,0.8432249006789202,0.054809305611567286,0.00018402367771319823,0.00018402367771319823,0.8091022362122106,0.006904355812122802,1.0000000000000002,0.0,0.6153846153846154,0
0.0,0.0032458750338111974,0.8432249006789202,0.42523423404071564,0.00018402367771319823,0.00018402367771319823,0.867794609482589,0.0009511939123589609,1.0000000000000002,0.0,0.6153846153846154,0
0.06451612903225806,0.03137679199350825,0.8432249006789202,0.9935812825259706,0.00018402367771319823,0.00018402367771319823,0.5857105383959603,0.006904355812122802,1.0000000000000002,0.0,0.6153846153846154,0
0.0,0.005409791723018665,0.39112234214746844,0.5759249705033349,0.00018402367771319823,0.00018402367771319823,0.007262771329267492,0.6405471004985568,1.0000000000000002,0.0,0.6923076923076923,0
0.0,0.03732756288882878,0.8432249006789202,0.05480842820476019,0.00018402367771319823,0.00018402367771319823,0.780805298708112,0.006904355812122802,1.0000000000000002,0.0,0.9230769230769231,0
0.0,0.0032458750338111974,0.8432249006789202,0.2422587043781757,0.00018402367771319823,0.00018402367771319823,0.8444488163158239,0.006904355812122802,1.0000000000000002,0.0,0.6153846153846154,0
0.0,0.0032458750338111974,0.8432249009572502,0.054809305611567286,0.00018402367771319823,0.00018402367771319823,0.537477867401141,0.006904355812122802,1.0000000000000002,0.0,0.6153846153846154,0
0.03225806451612903,0.027860427373546118,0.8432249006789202,0.993581281972925,0.00018402367771319823,0.00018402367771319823,0.8444488163158239,0.006904355812122802,1.0000000000000002,0.0,0.9230769230769231,0
0.0,0.057884771436299706,0.8432249004005901,0.47520735379968987,0.00018402367771319823,0.00018402367771319823,0.6144993114302577,0.006904355812122802,1.0000000000000002,0.0,0.9230769230769231,0
0.0,0.0032458750338111974,0.8432249004005901,0.054809302569816615,0.00018402367771319823,0.00018402367771319823,0.632664437012263,0.006904355812122802,1.0000000000000002,0.0,0.6153846153846154,0
0.0,0.0032458750338111974,0.8432249009572502,0.05480929786892921,0.00018402367771319823,0.00018402367771319823,0.9881959472752311,0.006904355812122802,1.0000000000000002,0.0,0.6153846153846154,0
0.0,0.011631052204490127,0.8432249009572502,0.05480929786892921,0.00018402367771319823,0.00018402367771319823,0.988359892451964,0.006904355812122802,1.0000000000000002,0.0,0.9230769230769231,0
0.0967741935483871,0.045442250473356774,0.8432249009572502,0.05480930312286218,0.00018402367771319823,0.00018402367771319823,0.9915404288805822,0.006904355812122802,1.0000000000000002,0.0,0.6153846153846154,0
0.0,0.0032458750338111974,0.8432249009572502,0.9935818253402039,0.00018402367771319823,0.00018402367771319823,0.5815791199422913,0.006904355812122802,1.0000000000000002,0.0,0.6153846153846154,0
0.03225806451612903,0.017311333513659724,0.8432249009572502,0.7923319437752597,0.00018402367771319823,0.00018402367771319823,0.6750606597153911,0.006904355812122802,1.0000000000000002,0.0,0.6153846153846154,0
0.0,0.051122531782526376,0.8432249009572502,0.054809303952430555,0.00018402367771319823,0.00018402367771319823,0.6361728637943471,0.006904355812122802,1.0000000000000002,0.0,0.9230769230769231,0
0.0,0.020557208547470923,0.8432249009572502,0.9935820075687213,0.00018402367771319823,0.00018402367771319823,0.7211292543773362,0.006904355812122802,1.0000000000000002,0.0,0.9230769230769231,0
0.0,0.0032458750338111974,0.8432249009572502,7.541135915037182e-05,0.00018402367771319823,0.00018402367771319823,0.7878877303429732,0.006904355812122802,1.0000000000000002,0.0,0.6153846153846154,0
0.12903225806451613,0.0595077089532053,0.8432249009572502,7.541578351498435e-05,0.00018402367771319823,0.00018402367771319823,0.7459833431700439,0.006904355812122802,1.0000000000000002,0.0,0.6153846153846154,0
0.0,0.0032458750338111974,0.8432249009572502,0.05480930892984073,0.00018402367771319823,0.00018402367771319823,0.6547642468358581,0.006904355812122802,1.0000000000000002,0.0,0.6153846153846154,0
0.0,0.0032458750338111974,0.8432249009572502,0.9935818222984533,0.00018402367771319823,0.00018402367771319823,0.7577218178241195,0.006904355812122802,1.0000000000000002,0.0,0.6153846153846154,0
0.0,0.020557208547470923,0.8432249009572502,0.7923212097136656,0.00018402367771319823,0.00018402367771319823,0.8730736441733884,0.006904355812122802,1.0000000000000002,0.0,0.9230769230769231,0
0.0,0.0032458750338111974,0.8432249009572502,0.7923212097136656,0.00018402367771319823,0.00018402367771319823,0.8732048003147747,0.006904355812122802,1.0000000000000002,0.0,0.6153846153846154,0
0.0,0.0,0.8432249009572502,0.47341516785413984,0.00018402367771319823,0.00018402367771319823,0.959702275559053,0.006904355812122802,1.0000000000000002,0.0,0.6153846153846154,0
0.0,0.0032458750338111974,0.476433426212848,0.5759249705033349,0.00018402367771319823,0.00018402367771319823,0.007262771329267492,0.9602466544214117,1.0000000000000002,0.0,0.6923076923076923,0
0.0,0.0032458750338111974,0.8432249009572502,0.2444731663379936,0.00018402367771319823,0.00018402367771319823,0.8292347039150108,0.006904355812122802,1.0000000000000002,0.0,0.6153846153846154,0
0.0,0.0,0.8432249009572502,0.6928023425249723,0.00018402367771319823,0.00018402367771319823,0.971801429601941,0.006904355812122802,1.0000000000000002,0.0,0.15384615384615385,0
0.0,0.0032458750338111974,0.8432249009572502,0.2355245609543926,0.00018402367771319823,0.00018402367771319823,0.5987277854285527,0.006904355812122802,1.0000000000000002,0.0,0.6153846153846154,0
0.0,0.020557208547470923,0.8432249009572502,0.15717638434188375,0.00018402367771319823,0.00018402367771319823,0.9774739327168994,0.006904355812122802,1.0000000000000002,0.0,0.9230769230769231,0
0.0,0.0032458750338111974,0.8432249009572502,0.07750392212249338,0.00018402367771319823,0.00018402367771319823,0.870680044593088,0.006904355812122802,1.0000000000000002,0.0,0.6153846153846154,0
0.03225806451612903,0.014065458479848527,0.8432249009572502,0.851731459094025,0.00018402367771319823,0.00018402367771319823,0.684602269001246,0.006904355812122802,1.0000000000000002,0.0,0.7692307692307693,0
0.0,0.005409791723018665,0.8432249009572502,0.9986001824700325,0.00018402367771319823,0.00018402367771319823,0.6069906223358909,0.006904355812122802,1.0000000000000002,0.0,0.07692307692307693,0
0.0,0.0032458750338111974,0.8432249009572502,0.7923212033536415,0.00018402367771319823,0.00018402367771319823,0.9602596891599449,0.006904355812122802,1.0000000000000002,0.0,0.6153846153846154,0
0.03225806451612903,0.0643765215039221,0.8432249009572502,0.9935812822494478,0.00018402367771319823,0.00018402367771319823,0.8033641550265591,0.006904355812122802,1.0000000000000002,0.0,0.9230769230769231,0
0.0,0.0,0.8432249009572502,0.851731459094025,0.00018402367771319823,0.00018402367771319823,0.6854875729556036,0.006904355812122802,1.0000000000000002,0.0,0.15384615384615385,0
0.0,0.0,0.8432249009572502,0.851731459094025,0.00018402367771319823,0.00018402367771319823,0.6857498852383762,0.006904355812122802,1.0000000000000002,0.0,0.15384615384615385,0
0.0,0.0,0.8432249009572502,0.851731459094025,0.00018402367771319823,0.00018402367771319823,0.6858482523444159,0.006904355812122802,1.0000000000000002,0.0,0.15384615384615385,0
0.0,0.0,0.8432249009572502,0.851731459094025,0.00018402367771319823,0.00018402367771319823,0.6858810413797626,0.006904355812122802,1.0000000000000002,0.0,0.15384615384615385,0
0.0,0.0,0.8432249009572502,0.851731459094025,0.00018402367771319823,0.00018402367771319823,0.6861105646271887,0.006904355812122802,1.0000000000000002,0.0,0.15384615384615385,0
0.0,0.0,0.8432249009572502,0.851731459094025,0.00018402367771319823,0.00018402367771319823,0.6862089317332284,0.006904355812122802,1.0000000000000002,0.0,0.15384615384615385,0
0.0,0.0032458750338111974,0.8432249009572502,0.8493118429419495,0.00018402367771319823,0.00018402367771319823,0.716145321004656,0.006904355812122802,1.0000000000000002,0.0,0.6153846153846154,0
0.0,0.0032458750338111974,0.8432249009572502,0.851731459094025,0.00018402367771319823,0.00018402367771319823,0.6865040330513476,0.006904355812122802,1.0000000000000002,0.0,0.6153846153846154,0
0.0,0.0,0.8432249009572502,0.851731459094025,0.00018402367771319823,0.00018402367771319823,0.6866024001573873,0.006904355812122802,1.0000000000000002,0.0,0.15384615384615385,0
0.0,0.0,0.8432249009572502,0.851731459094025,0.00018402367771319823,0.00018402367771319823,0.6866679782280805,0.006904355812122802,1.0000000000000002,0.0,0.15384615384615385,0
0.0,0.0032458750338111974,0.8432249009572502,0.851731459094025,0.00018402367771319823,0.00018402367771319823,0.6867335562987736,0.006904355812122802,1.0000000000000002,0.0,0.6153846153846154,0
0.0,0.0,0.8432249009572502,0.851731459094025,0.00018402367771319823,0.00018402367771319823,0.6867663453341202,0.006904355812122802,1.0000000000000002,0.0,0.15384615384615385,0
0.0,0.0032458750338111974,0.8432249009572502,0.4194610540384314,0.00018402367771319823,0.00018402367771319823,0.6865696111220407,0.006904355812122802,1.0000000000000002,0.0,0.6153846153846154,0
0.0,0.14308899107384365,0.8432249009572502,0.851731459094025,0.00018402367771319823,0.00018402367771319823,0.6876188602531313,0.006904355812122802,1.0000000000000002,0.0,0.9230769230769231,0
0.0,0.0032458750338111974,0.8432249006789202,7.541744265171339e-05,0.00018402367771319823,0.00018402367771319823,0.9525214768181519,0.0009511939123589609,1.0000000000000002,0.0,0.6153846153846154,0
0.0,0.0032458750338111974,0.8432249006789202,0.05480929206195066,0.00018402367771319823,0.00018402367771319823,0.8945832513607449,0.006904355812122802,1.0000000000000002,0.0,0.6153846153846154,0
0.0,0.0,0.8432249009572502,0.851731459094025,0.00018402367771319823,0.00018402367771319823,0.6877828054298643,0.006904355812122802,1.0000000000000002,0.0,0.15384615384615385,0
0.0,0.0032458750338111974,0.8432249009572502,0.851731459094025,0.00018402367771319823,0.00018402367771319823,0.6882746409600629,0.006904355812122802,1.0000000000000002,0.0,0.6153846153846154,0
0.12903225806451613,0.0595077089532053,0.8432249006789202,0.054809309759409106,0.00018402367771319823,0.00018402367771319823,0.5514787854941308,0.006904355812122802,1.0000000000000002,0.0,0.6153846153846154,0
0.03225806451612903,0.014065458479848527,0.8432249009572502,0.851731459094025,0.00018402367771319823,0.00018402367771319823,0.6885697422781821,0.006904355812122802,1.0000000000000002,0.0,0.7692307692307693,0
0.0,0.0032458750338111974,0.8432249009572502,0.851731459094025,0.00018402367771319823,0.00018402367771319823,0.6888648435963014,0.006904355812122802,1.0000000000000002,0.0,0.6153846153846154,0
0.0,0.0032458750338111974,0.8432249009572502,0.851731459094025,0.00018402367771319823,0.00018402367771319823,0.6889632107023411,0.006904355812122802,1.0000000000000002,0.0,0.6153846153846154,0
0.0,0.0032458750338111974,0.8432249009572502,0.851731459094025,0.00018402367771319823,0.00018402367771319823,0.6889959997376877,0.006904355812122802,1.0000000000000002,0.0,0.6153846153846154,0
0.0,0.0032458750338111974,0.8432249006789202,0.9935812825259706,0.00018402367771319823,0.00018402367771319823,0.5988261525345924,0.006904355812122802,1.0000000000000002,0.0,0.6153846153846154,0
0.0,0.0,0.8432249009572502,0.851731459094025,0.00018402367771319823,0.00018402367771319823,0.6892911010558069,0.006904355812122802,1.0000000000000002,0.0,0.15384615384615385,0
0.0,0.0,0.8432249009572502,0.851731459094025,0.00018402367771319823,0.00018402367771319823,0.6893566791265,0.006904355812122802,1.0000000000000002,0.0,0.15384615384615385,0
0.0,0.0032458750338111974,0.8432249009572502,0.851731459094025,0.00018402367771319823,0.00018402367771319823,0.6894878352678864,0.006904355812122802,1.0000000000000002,0.0,0.6153846153846154,0
0.0,0.0,0.8432249009572502,0.851731459094025,0.00018402367771319823,0.00018402367771319823,0.6896845694799658,0.006904355812122802,1.0000000000000002,0.0,0.15384615384615385,0
0.0,0.0,0.8432249009572502,0.851731459094025,0.00018402367771319823,0.00018402367771319823,0.689750147550659,0.006904355812122802,1.0000000000000002,0.0,0.15384615384615385,0
0.0,0.0032458750338111974,0.8432249009572502,0.851731459094025,0.00018402367771319823,0.00018402367771319823,0.6897829365860056,0.006904355812122802,1.0000000000000002,0.0,0.6153846153846154,0
0.0,0.0,0.8432249009572502,0.851731459094025,0.00018402367771319823,0.00018402367771319823,0.6898813036920454,0.006904355812122802,1.0000000000000002,0.0,0.15384615384615385,0
0.03225806451612903,0.014065458479848527,0.8432249009572502,0.851731459094025,0.00018402367771319823,0.00018402367771319823,0.6901108269394713,0.006904355812122802,1.0000000000000002,0.0,0.7692307692307693,0
0.0,0.0032458750338111974,0.8432249006789202,0.8490255705132376,0.00018402367771319823,0.00018402367771319823,0.859203882221785,0.006904355812122802,1.0000000000000002,0.0,0.6153846153846154,0
0.0,0.0032458750338111974,0.8432249006789202,0.8490255705132376,0.00018402367771319823,0.00018402367771319823,0.8589415699390124,0.006904355812122802,1.0000000000000002,0.0,0.6153846153846154,0
0.0,0.0032458750338111974,0.8432249006789202,0.8490255705132376,0.00018402367771319823,0.00018402367771319823,0.8591710931864384,0.006904355812122802,1.0000000000000002,0.0,0.6153846153846154,0
0.0,0.0,0.8432249009572502,0.851731459094025,0.00018402367771319823,0.00018402367771319823,0.6903075611515509,0.006904355812122802,1.0000000000000002,0.0,0.15384615384615385,0
0.0,0.0032458750338111974,0.8432249006789202,0.05480932358554852,0.00018402367771319823,0.00018402367771319823,0.5975473801560758,0.006904355812122802,1.0000000000000002,0.0,0.6153846153846154,0
0.0,0.0032458750338111974,0.8432249009572502,0.851731459094025,0.00018402367771319823,0.00018402367771319823,0.6907993966817496,0.006904355812122802,1.0000000000000002,0.0,0.6153846153846154,0
0.0,0.005409791723018665,0.8432249006789202,0.414811391931761,0.00018402367771319823,0.00018402367771319823,0.7392943799593416,0.006904355812122802,1.0000000000000002,0.0,0.07692307692307693,0
0.0,0.1606708141736543,0.8432249006789202,0.414811391931761,0.00018402367771319823,0.00018402367771319823,0.7392288018886484,0.006904355812122802,1.0000000000000002,0.0,0.9230769230769231,0
0.0,0.0032458750338111974,0.8432249006789202,0.3811001846870539,0.00018402367771319823,0.00018402367771319823,0.8988786149911469,0.006904355812122802,1.0000000000000002,0.0,0.6153846153846154,0
0.0,0.0,0.8432249006789202,0.4732107057984211,0.00018402367771319823,0.00018402367771319823,0.609318643845498,0.006904355812122802,1.0000000000000002,0.0,0.6153846153846154,0
0.0,0.0032458750338111974,0.8432249006789202,0.4167427429479049,0.00018402367771319823,0.00018402367771319823,0.6533543183159551,0.006904355812122802,1.0000000000000002,0.0,0.6153846153846154,0
0.0,0.0064917500676223965,0.8432249006789202,0.8498713939935536,0.00018402367771319823,0.00018402367771319823,0.6187290969899665,0.006904355812122802,1.0000000000000002,0.0,0.6153846153846154,0
0.0,0.05599134433324317,0.8432249006789202,0.9935819547528687,0.00018402367771319823,0.00018402367771319823,0.8917306052855924,0.006904355812122802,1.0000000000000002,0.0,0.9230769230769231,0
0.0,0.0,0.8432249006789202,0.23563962374571765,0.00018402367771319823,0.00018402367771319823,0.7893960259689159,0.006904355812122802,1.0000000000000002,0.0,0.6153846153846154,0
0.0,0.005409791723018665,0.8432249009572502,0.993581281972925,0.00018402367771319823,0.00018402367771319823,0.7984457997245721,0.006904355812122802,1.0000000000000002,0.0,0.07692307692307693,0
0.0,0.0032458750338111974,0.8432249006789202,0.8490255705132376,0.00018402367771319823,0.00018402367771319823,0.8588759918683192,0.006904355812122802,1.0000000000000002,0.0,0.6538461538461539,0
0.0,0.0032458750338111974,0.8432249009572502,0.993581281972925,0.00018402367771319823,0.00018402367771319823,0.7985441668306118,0.006904355812122802,1.0000000000000002,0.0,0.6153846153846154,0
0.03225806451612903,0.017311333513659724,0.8432249009572502,0.9935819558589599,0.00018402367771319823,0.00018402367771319823,0.6733884189127155,0.006904355812122802,1.0000000000000002,0.0,0.6153846153846154,0
0.0,0.0,0.8432249009572502,0.851731459094025,0.00018402367771319823,0.00018402367771319823,0.6938487769689815,0.006904355812122802,1.0000000000000002,0.0,0.15384615384615385,0
0.0,0.0032458750338111974,0.8432249006789202,0.23270759952959172,0.00018402367771319823,0.00018402367771319823,0.886681093842219,0.006904355812122802,1.0000000000000002,0.0,0.6153846153846154,0
0.0,0.0032458750338111974,0.8432249006789202,0.09741560306118922,0.00018402367771319823,0.00018402367771319823,0.6593547117843792,0.0009511939123589609,1.0000000000000002,0.0,0.6153846153846154,0
0.0,0.0,0.8432249009572502,0.851731459094025,0.00018402367771319823,0.00018402367771319823,0.6948324480293789,0.006904355812122802,1.0000000000000002,0.0,0.15384615384615385,0
0.12903225806451613,0.0595077089532053,0.8432249006789202,0.9974929456831451,0.00018402367771319823,0.00018402367771319823,0.8431372549019607,0.006904355812122802,1.0000000000000002,0.0,0.6153846153846154,0
0.06451612903225806,0.510413849066811,0.9999999432206598,0.5759249705033349,0.00018402367771319823,0.00018402367771319823,0.001311561413863204,0.8916622933613224,1.0000000000000002,0.0,0.9230769230769231,0
0.0,0.0032458750338111974,0.8432249006789202,0.96361123282807,0.00018402367771319823,0.00018402367771319823,0.8805167551970621,0.006904355812122802,1.0000000000000002,0.0,0.6153846153846154,0
0.0,0.051122531782526376,0.8432249006789202,0.05480929427413296,0.00018402367771319823,0.00018402367771319823,0.7564758344809496,0.006904355812122802,1.0000000000000002,0.0,0.9230769230769231,0
0.0,0.0,0.8432249009572502,0.851731459094025,0.00018402367771319823,0.00018402367771319823,0.6949963932061118,0.006904355812122802,1.0000000000000002,0.0,0.15384615384615385,0
0.0,0.0032458750338111974,0.8432249009572502,0.851731459094025,0.00018402367771319823,0.00018402367771319823,0.6953570725949242,0.006904355812122802,1.0000000000000002,0.0,0.6153846153846154,0
0.0,0.0032458750338111974,0.8432249006789202,0.9935819553059143,0.00018402367771319823,0.00018402367771319823,0.7785756443045445,0.006904355812122802,1.0000000000000002,0.0,0.6153846153846154,0
0.0,0.0032458750338111974,0.8432249006789202,0.8490255705132376,0.00018402367771319823,0.00018402367771319823,0.864286182700505,0.006904355812122802,1.0000000000000002,0.0,0.6153846153846154,0
0.0967741935483871,0.045442250473356774,0.8432249006789202,0.1344901240730956,0.00018402367771319823,0.00018402367771319823,0.9508164469801298,0.006904355812122802,1.0000000000000002,0.0,0.6153846153846154,0
0.0,0.005409791723018665,0.41744662502525154,0.5759249705033349,0.00018402367771319823,0.00018402367771319823,0.007262771329267492,0.7432760430333245,1.0000000000000002,0.0,0.6923076923076923,0
0.0,0.062483094400865566,0.8432249006789202,0.47442242948607444,0.00018402367771319823,0.00018402367771319823,0.8187750016394517,0.006904355812122802,1.0000000000000002,0.0,0.9230769230769231,0
0.0,0.0032458750338111974,0.8432249009572502,0.851731459094025,0.00018402367771319823,0.00018402367771319823,0.6961112204078955,0.006904355812122802,1.0000000000000002,0.0,0.6153846153846154,0
0.0,0.0032458750338111974,0.8432249009572502,0.851731459094025,0.00018402367771319823,0.00018402367771319823,0.6962095875139352,0.006904355812122802,1.0000000000000002,0.0,0.6153846153846154,0
0.0,0.0,0.8432249009572502,0.851731459094025,0.00018402367771319823,0.00018402367771319823,0.6963407436553216,0.006904355812122802,1.0000000000000002,0.0,0.15384615384615385,0
0.0,0.0032458750338111974,0.8432249009572502,0.851731459094025,0.00018402367771319823,0.00018402367771319823,0.696471899796708,0.006904355812122802,1.0000000000000002,0.0,0.6153846153846154,0
0.0,0.0032458750338111974,0.8432249006789202,0.2424986407128299,0.00018402367771319823,0.00018402367771319823,0.9752770673486786,0.006904355812122802,1.0000000000000002,0.0,0.6153846153846154,0
0.0,0.0032458750338111974,0.8432249009572502,0.851731459094025,0.00018402367771319823,0.00018402367771319823,0.6968325791855203,0.006904355812122802,1.0000000000000002,0.0,0.6153846153846154,0
0.0,0.0032458750338111974,0.8432249006789202,0.05480929206195066,0.00018402367771319823,0.00018402367771319823,0.903633025116401,0.006904355812122802,1.0000000000000002,0.0,0.6153846153846154,0
0.0,0.011631052204490127,0.8432249006789202,0.6924167428342004,0.00018402367771319823,0.00018402367771319823,0.8151026296806347,0.006904355812122802,1.0000000000000002,0.0,0.9230769230769231,0
0.0,0.0032458750338111974,0.8432249006789202,0.6924167428342004,0.00018402367771319823,0.00018402367771319823,0.8152665748573676,0.006904355812122802,1.0000000000000002,0.0,0.6153846153846154,0
0.0,0.0064917500676223965,0.8432249006789202,0.9935812825259706,0.00018402367771319823,0.00018402367771319823,0.5991868319234048,0.006904355812122802,1.0000000000000002,0.0,0.6153846153846154,0
0.0,0.0032458750338111974,0.8432249006789202,0.6924167428342004,0.00018402367771319823,0.00018402367771319823,0.8152337858220211,0.006904355812122802,1.0000000000000002,0.0,0.6153846153846154,0
0.0,0.0032458750338111974,0.8432249006789202,0.40379590314129116,0.00018402367771319823,0.00018402367771319823,0.9545216079742933,0.006904355812122802,1.0000000000000002,0.0,0.6153846153846154,0
0.0,0.0,0.8432249006789202,0.47324746203700285,0.00018402367771319823,0.00018402367771319823,0.8338907469342252,0.006904355812122802,1.0000000000000002,0.0,0.6153846153846154,0
0.0,0.017040843927508792,0.8432249006789202,0.40379590314129116,0.00018402367771319823,0.00018402367771319823,0.9548822873631058,0.006904355812122802,1.0000000000000002,0.0,0.9230769230769231,0
0.0,0.0032458750338111974,0.8432249009572502,0.851731459094025,0.00018402367771319823,0.00018402367771319823,0.6984720309528493,0.006904355812122802,1.0000000000000002,0.0,0.6538461538461539,0
0.0,0.0032458750338111974,0.8432249009572502,0.851731459094025,0.00018402367771319823,0.00018402367771319823,0.6985376090235424,0.006904355812122802,1.0000000000000002,0.0,0.6153846153846154,0
0.0,0.0,0.8432249009572502,0.851731459094025,0.00018402367771319823,0.00018402367771319823,0.6985703980588891,0.006904355812122802,1.0000000000000002,0.0,0.15384615384615385,0
0.0,0.0,0.8432249009572502,0.851731459094025,0.00018402367771319823,0.00018402367771319823,0.6986687651649288,0.006904355812122802,1.0000000000000002,0.0,0.15384615384615385,0
0.0,0.0032458750338111974,0.8432249009572502,0.851731459094025,0.00018402367771319823,0.00018402367771319823,0.698734343235622,0.006904355812122802,1.0000000000000002,0.0,0.6153846153846154,0
0.0,0.0,0.8432249009572502,0.851731459094025,0.00018402367771319823,0.00018402367771319823,0.6987671322709685,0.006904355812122802,1.0000000000000002,0.0,0.15384615384615385,0
0.0,0.0032458750338111974,0.8432249009572502,0.8504076228366744,0.00018402367771319823,0.00018402367771319823,0.7841825693488097,0.006904355812122802,1.0000000000000002,0.0,0.6153846153846154,0
0.0,0.0032458750338111974,0.8432249009572502,0.28724021146183193,0.00018402367771319823,0.00018402367771319823,0.5747590005902026,0.006904355812122802,1.0000000000000002,0.0,0.6153846153846154,0
0.03225806451612903,0.017311333513659724,0.8432249006789202,0.15270301104317455,0.00018402367771319823,0.00018402367771319823,0.6369270116073185,0.006904355812122802,1.0000000000000002,0.0,0.6153846153846154,0
0.0,0.0032458750338111974,0.8432249009572502,0.9935819547528687,0.00018402367771319823,0.00018402367771319823,0.914879664240278,0.006904355812122802,1.0000000000000002,0.0,0.6153846153846154,0
0.0,0.0032458750338111974,0.8432249009572502,0.8517507496002557,0.00018402367771319823,0.00018402367771319823,0.7550331169257,0.006904355812122802,1.0000000000000002,0.0,0.6153846153846154,0
0.0,0.013794968893697591,0.8432249009572502,0.9935818220219305,0.00018402367771319823,0.00018402367771319823,0.5974490130500361,0.006904355812122802,1.0000000000000002,0.0,0.9230769230769231,0
0.0,0.03732756288882878,0.8432249006789202,0.40379590314129116,0.00018402367771319823,0.00018402367771319823,0.9570135746606334,0.006904355812122802,1.0000000000000002,0.0,0.9230769230769231,0
0.03225806451612903,0.05328644847173385,0.8432249009572502,0.9935820078452441,0.00018402367771319823,0.00018402367771319823,0.6384353072332611,0.006904355812122802,1.0000000000000002,0.0,0.9230769230769231,0
0.0,0.0032458750338111974,0.8432249009572502,0.28724021146183193,0.00018402367771319823,0.00018402367771319823,0.5592825759066168,0.006904355812122802,1.0000000000000002,0.0,0.6153846153846154,0
0.0,0.0,0.8432249009572502,0.851731459094025,0.00018402367771319823,0.00018402367771319823,0.7011935208866155,0.006904355812122802,1.0000000000000002,0.0,0.15384615384615385,0
0.0,0.0032458750338111974,0.8432249009572502,0.851731459094025,0.00018402367771319823,0.00018402367771319823,0.7012590989573086,0.006904355812122802,1.0000000000000002,0.0,0.6153846153846154,0
0.0,0.005409791723018665,0.8572223345410964,0.5759249705033349,0.00018402367771319823,0.00018402367771319823,0.007262771329267492,0.7012595119391235,1.0000000000000002,0.0,0.6923076923076923,0
0.0,0.0032458750338111974,0.8432249009572502,0.8517507496002557,0.00018402367771319823,0.00018402367771319823,0.7557872647386713,0.006904355812122802,1.0000000000000002,0.0,0.6153846153846154,0
0.0,0.0032458750338111974,0.8432249009572502,0.851731459094025,0.00018402367771319823,0.00018402367771319823,0.7015214112400813,0.006904355812122802,1.0000000000000002,0.0,0.6153846153846154,0
0.0,0.0,0.8432249009572502,0.851731459094025,0.00018402367771319823,0.00018402367771319823,0.7015869893107745,0.006904355812122802,1.0000000000000002,0.0,0.15384615384615385,0
0.03225806451612903,0.017311333513659724,0.8432249006789202,0.40379590314129116,0.00018402367771319823,0.00018402367771319823,0.9592760180995474,0.006904355812122802,1.0000000000000002,0.0,0.6153846153846154,0
0.0,0.0032458750338111974,0.8432249009572502,0.851731459094025,0.00018402367771319823,0.00018402367771319823,0.7033903862548363,0.006904355812122802,1.0000000000000002,0.0,0.6153846153846154,0
0.0,0.0,0.8432249009572502,0.851731459094025,0.00018402367771319823,0.00018402367771319823,0.7035871204669158,0.006904355812122802,1.0000000000000002,0.0,0.15384615384615385,0
0.0,0.0,0.8432249009572502,0.851731459094025,0.00018402367771319823,0.00018402367771319823,0.7038166437143418,0.006904355812122802,1.0000000000000002,0.0,0.15384615384615385,0
0.0,0.0032458750338111974,0.8432249009572502,0.851731459094025,0.00018402367771319823,0.00018402367771319823,0.703882221785035,0.006904355812122802,1.0000000000000002,0.0,0.6153846153846154,0
0.0,0.0032458750338111974,0.8432249009572502,0.851731459094025,0.00018402367771319823,0.00018402367771319823,0.7039477998557282,0.006904355812122802,1.0000000000000002,0.0,0.6153846153846154,0
0.0,0.0032458750338111974,0.8432249009572502,0.851731459094025,0.00018402367771319823,0.00018402367771319823,0.7041117450324611,0.006904355812122802,1.0000000000000002,0.0,0.6153846153846154,0
0.0,0.0,0.8432249009572502,0.851731459094025,0.00018402367771319823,0.00018402367771319823,0.7041445340678076,0.006904355812122802,1.0000000000000002,0.0,0.15384615384615385,0
0.0,0.0,0.8432249009572502,0.851731459094025,0.00018402367771319823,0.00018402367771319823,0.7043084792445405,0.006904355812122802,1.0000000000000002,0.0,0.15384615384615385,0
0.0,0.013794968893697591,0.8432249006789202,0.9935812825259706,0.00018402367771319823,0.00018402367771319823,0.5988261525345924,0.006904355812122802,1.0000000000000002,0.0,0.9230769230769231,0
0.0,0.0032458750338111974,0.8432249006789202,0.05480929206195066,0.00018402367771319823,0.00018402367771319823,0.8950422978555971,0.006904355812122802,1.0000000000000002,0.0,0.6538461538461539,0
0.0,0.0032458750338111974,0.8432249006789202,0.9935820081217669,0.00018402367771319823,0.00018402367771319823,0.9009771132533281,0.006904355812122802,1.0000000000000002,0.0,0.6153846153846154,0
0.0,0.0,0.8432249009572502,0.851731459094025,0.00018402367771319823,0.00018402367771319823,0.7045052134566201,0.006904355812122802,1.0000000000000002,0.0,0.15384615384615385,0
0.0,0.0,0.8432249009572502,0.851731459094025,0.00018402367771319823,0.00018402367771319823,0.704669158633353,0.006904355812122802,1.0000000000000002,0.0,0.15384615384615385,0
0.0,0.0,0.8432249009572502,0.851731459094025,0.00018402367771319823,0.00018402367771319823,0.7047347367040461,0.006904355812122802,1.0000000000000002,0.0,0.15384615384615385,0
0.0,0.03732756288882878,0.8432249009572502,0.851731459094025,0.00018402367771319823,0.00018402367771319823,0.7048003147747393,0.006904355812122802,1.0000000000000002,0.0,0.9230769230769231,0
0.0,0.0,0.8432249009572502,0.851731459094025,0.00018402367771319823,0.00018402367771319823,0.7048331038100859,0.006904355812122802,1.0000000000000002,0.0,0.15384615384615385,0
0.0,0.0032458750338111974,0.8432249009572502,0.28724021146183193,0.00018402367771319823,0.00018402367771319823,0.5592825759066168,0.006904355812122802,1.0000000000000002,0.0,0.6153846153846154,0
0.0,0.0032458750338111974,0.8432249009572502,0.23218955593111695,0.00018402367771319823,0.00018402367771319823,0.7060135090825628,0.006904355812122802,1.0000000000000002,0.0,0.6153846153846154,0
0.0,0.06140113605626184,0.8432249009572502,0.07750392212249338,0.00018402367771319823,0.00018402367771319823,0.870680044593088,0.006904355812122802,1.0000000000000002,0.0,0.9230769230769231,0
0.0,0.013794968893697591,0.8432249009572502,0.9935812822494478,0.00018402367771319823,0.00018402367771319823,0.8033641550265591,0.006904355812122802,1.0000000000000002,0.0,0.9230769230769231,0
0.0,0.0,0.8432249009572502,0.851731459094025,0.00018402367771319823,0.00018402367771319823,0.7063413994360286,0.006904355812122802,1.0000000000000002,0.0,0.15384615384615385,0
0.0,0.0032458750338111974,0.8432249009572502,0.851731459094025,0.00018402367771319823,0.00018402367771319823,0.7065053446127615,0.006904355812122802,1.0000000000000002,0.0,0.6153846153846154,0
0.0,0.0,0.8432249009572502,0.851731459094025,0.00018402367771319823,0.00018402367771319823,0.7067020788248409,0.006904355812122802,1.0000000000000002,0.0,0.15384615384615385,0
0.0,0.0032458750338111974,0.8432249009572502,0.851731459094025,0.00018402367771319823,0.00018402367771319823,0.7067676568955341,0.006904355812122802,1.0000000000000002,0.0,0.6153846153846154,0
0.0,0.0032458750338111974,0.8432249009572502,0.851731459094025,0.00018402367771319823,0.00018402367771319823,0.7068332349662273,0.006904355812122802,1.0000000000000002,0.0,0.6153846153846154,0
0.0,0.0,0.8432249009572502,0.851731459094025,0.00018402367771319823,0.00018402367771319823,0.7068660240015738,0.006904355812122802,1.0000000000000002,0.0,0.15384615384615385,0
0.0,0.0,0.8432249009572502,0.851731459094025,0.00018402367771319823,0.00018402367771319823,0.7069643911076136,0.006904355812122802,1.0000000000000002,0.0,0.15384615384615385,0
0.0,0.0032458750338111974,0.8432249009572502,0.851731459094025,0.00018402367771319823,0.00018402367771319823,0.7071939143550396,0.006904355812122802,1.0000000000000002,0.0,0.6153846153846154,0
0.0,0.01271301054909386,0.8432249004005901,0.474421719652077,0.00018402367771319823,0.00018402367771319823,0.6239425536100728,0.006904355812122802,1.0000000000000002,0.0,0.9230769230769231,0
0.0,0.0032458750338111974,0.8432249009572502,0.851731459094025,0.00018402367771319823,0.00018402367771319823,0.7073906485671191,0.006904355812122802,1.0000000000000002,0.0,0.6153846153846154,0
0.0,0.0,0.8432249009572502,0.851731459094025,0.00018402367771319823,0.00018402367771319823,0.7074234376024657,0.006904355812122802,1.0000000000000002,0.0,0.15384615384615385,0
0.0,0.0,0.8432249009572502,0.851731459094025,0.00018402367771319823,0.00018402367771319823,0.707554593743852,0.006904355812122802,1.0000000000000002,0.0,0.15384615384615385,0
0.0,0.0032458750338111974,0.8432249009572502,0.851731459094025,0.00018402367771319823,0.00018402367771319823,0.7076201718145452,0.006904355812122802,1.0000000000000002,0.0,0.6153846153846154,0
0.0,0.0,0.8432249009572502,0.851731459094025,0.00018402367771319823,0.00018402367771319823,0.7077185389205849,0.006904355812122802,1.0000000000000002,0.0,0.15384615384615385,0
0.0,0.12821206383554232,0.8432249009572502,0.851731459094025,0.00018402367771319823,0.00018402367771319823,0.7079152731326643,0.006904355812122802,1.0000000000000002,0.0,0.9230769230769231,0
0.0,0.0,0.8432249009572502,0.851731459094025,0.00018402367771319823,0.00018402367771319823,0.707948062168011,0.006904355812122802,1.0000000000000002,0.0,0.15384615384615385,0
0.0,0.0032458750338111974,0.8432249009572502,0.851731459094025,0.00018402367771319823,0.00018402367771319823,0.7080792183093972,0.006904355812122802,1.0000000000000002,0.0,0.6153846153846154,0
0.0,0.0,0.8432249009572502,0.851731459094025,0.00018402367771319823,0.00018402367771319823,0.7082759525214768,0.006904355812122802,1.0000000000000002,0.0,0.15384615384615385,0
0.0,0.0032458750338111974,0.8432249009572502,0.851731459094025,0.00018402367771319823,0.00018402367771319823,0.7083743196275165,0.006904355812122802,1.0000000000000002,0.0,0.6153846153846154,0
0.0,0.13497430348931566,0.8432249009572502,0.3811001846870539,0.00018402367771319823,0.00018402367771319823,0.6335169519312741,0.006904355812122802,1.0000000000000002,0.0,0.9230769230769231,0
0.0,0.0032458750338111974,0.8432249009572502,0.15253083661777955,0.00018402367771319823,0.00018402367771319823,0.574332743130697,0.006904355812122802,1.0000000000000002,0.0,0.6153846153846154,0
0.0,0.06572896943467677,0.8432249009572502,0.9935820078452441,0.00018402367771319823,0.00018402367771319823,0.6384353072332611,0.006904355812122802,1.0000000000000002,0.0,0.9230769230769231,0
0.0,0.7865837165269137,0.8432249009572502,0.23199718179256354,0.00018402367771319823,0.00018402367771319823,0.8060856449603252,0.006904355812122802,1.0000000000000002,0.0,0.6153846153846154,0
0.0,0.0,0.8432249009572502,0.851731459094025,0.00018402367771319823,0.00018402367771319823,0.7095219358646468,0.006904355812122802,1.0000000000000002,0.0,0.15384615384615385,0
0.0,0.03732756288882878,0.8432249009572502,0.851731459094025,0.00018402367771319823,0.00018402367771319823,0.7095875139353399,0.006904355812122802,1.0000000000000002,0.0,0.9230769230769231,0
0.0,0.0032458750338111974,0.8432249009572502,0.851731459094025,0.00018402367771319823,0.00018402367771319823,0.7096858810413798,0.006904355812122802,1.0000000000000002,0.0,0.6153846153846154,0
0.0,0.0,0.8432249009572502,0.851731459094025,0.00018402367771319823,0.00018402367771319823,0.7097842481474195,0.006904355812122802,1.0000000000000002,0.0,0.15384615384615385,0
0.0,0.011631052204490127,0.8432249009572502,0.851731459094025,0.00018402367771319823,0.00018402367771319823,0.7099481933241524,0.006904355812122802,1.0000000000000002,0.0,0.9230769230769231,0
0.0,0.005409791723018665,0.8432249009572502,0.851731459094025,0.00018402367771319823,0.00018402367771319823,0.7102760836776182,0.006904355812122802,1.0000000000000002,0.0,0.07692307692307693,0
0.0,0.0032458750338111974,0.8432249009572502,0.85175065779469,0.00018402367771319823,0.00018402367771319823,0.7217194570135747,0.006904355812122802,1.0000000000000002,0.0,0.6153846153846154,0
0.0,0.0,0.8432249009572502,0.851731459094025,0.00018402367771319823,0.00018402367771319823,0.7103416617483114,0.006904355812122802,1.0000000000000002,0.0,0.15384615384615385,0
0.03225806451612903,0.01622937516905599,0.8432249009572502,0.851731459094025,0.00018402367771319823,0.00018402367771319823,0.7104400288543511,0.006904355812122802,1.0000000000000002,0.0,0.23076923076923078,0
0.0,0.0,0.8432249009572502,0.851731459094025,0.00018402367771319823,0.00018402367771319823,0.7105056069250442,0.006904355812122802,1.0000000000000002,0.0,0.15384615384615385,0
0.0,0.0,0.8432249009572502,0.851731459094025,0.00018402367771319823,0.00018402367771319823,0.7107351301724703,0.006904355812122802,1.0000000000000002,0.0,0.15384615384615385,0
0.0,0.0032458750338111974,0.8432249009572502,0.851731459094025,0.00018402367771319823,0.00018402367771319823,0.7108007082431634,0.006904355812122802,1.0000000000000002,0.0,0.6153846153846154,0
0.0,0.011631052204490127,0.8432249009572502,0.851731459094025,0.00018402367771319823,0.00018402367771319823,0.7108990753492032,0.006904355812122802,1.0000000000000002,0.0,0.9230769230769231,0
0.0,0.03732756288882878,0.8432249009572502,0.851731459094025,0.00018402367771319823,0.00018402367771319823,0.7109646534198963,0.006904355812122802,1.0000000000000002,0.0,0.9230769230769231,0
0.0,0.0032458750338111974,0.8432249009572502,0.851731459094025,0.00018402367771319823,0.00018402367771319823,0.7111285985966292,0.006904355812122802,1.0000000000000002,0.0,0.6153846153846154,0
0.0,0.0,0.8432249009572502,0.851731459094025,0.00018402367771319823,0.00018402367771319823,0.7114236999147484,0.006904355812122802,1.0000000000000002,0.0,0.15384615384615385,0
0.0,0.0032458750338111974,0.8432249009572502,0.851731459094025,0.00018402367771319823,0.00018402367771319823,0.7115548560561348,0.006904355812122802,1.0000000000000002,0.0,0.6153846153846154,0
0.0,0.0032458750338111974,0.8432249009572502,0.851731459094025,0.00018402367771319823,0.00018402367771319823,0.7117515902682142,0.006904355812122802,1.0000000000000002,0.0,0.6153846153846154,0
0.0,0.0032458750338111974,0.8432249009572502,0.851731459094025,0.00018402367771319823,0.00018402367771319823,0.7118171683389074,0.006904355812122802,1.0000000000000002,0.0,0.6153846153846154,0
0.0,0.050852042196375444,0.8432249009572502,0.796547901457347,0.00018402367771319823,0.00018402367771319823,0.6050888582857892,0.006904355812122802,1.0000000000000002,0.0,0.9230769230769231,0
0.0,0.14308899107384365,0.8432249009572502,0.849311843494995,0.00018402367771319823,0.00018402367771319823,0.8411371237458194,0.006904355812122802,1.0000000000000002,0.0,0.9230769230769231,0
0.03225806451612903,0.017311333513659724,0.8432249009572502,0.1344901240730956,0.00018402367771319823,0.00018402367771319823,0.5431831595514459,0.006904355812122802,1.0000000000000002,0.0,0.6153846153846154,0
0.0,0.0032458750338111974,0.8432249009572502,7.541744265171339e-05,0.00018402367771319823,0.00018402367771319823,0.6275493474981966,0.0009511939123589609,1.0000000000000002,0.0,0.6153846153846154,0
0.0,0.0032458750338111974,0.8432249009572502,0.851731459094025,0.00018402367771319823,0.00018402367771319823,0.7131615187881172,0.006904355812122802,1.0000000000000002,0.0,0.6153846153846154,0
0.0,0.0,0.8432249009572502,0.851731459094025,0.00018402367771319823,0.00018402367771319823,0.7131943078234638,0.006904355812122802,1.0000000000000002,0.0,0.15384615384615385,0
0.0,0.0,0.8432249009572502,0.851731459094025,0.00018402367771319823,0.00018402367771319823,0.7132598858941569,0.006904355812122802,1.0000000000000002,0.0,0.15384615384615385,0
0.0,0.0,0.8432249009572502,0.851731459094025,0.00018402367771319823,0.00018402367771319823,0.7134238310708898,0.006904355812122802,1.0000000000000002,0.0,0.15384615384615385,0
0.0,0.013794968893697591,0.8432249009572502,0.7923212099901884,0.00018402367771319823,0.00018402367771319823,0.6259754738015607,0.006904355812122802,1.0000000000000002,0.0,0.9230769230769231,0
0.0,0.0,0.8432249009572502,0.851731459094025,0.00018402367771319823,0.00018402367771319823,0.7135221981769296,0.006904355812122802,1.0000000000000002,0.0,0.15384615384615385,0
0.0,0.0032458750338111974,0.8432249009572502,0.9935812822494478,0.00018402367771319823,0.00018402367771319823,0.8033641550265591,0.006904355812122802,1.0000000000000002,0.0,0.6153846153846154,0
0.0,0.0032458750338111974,0.8432249006789202,0.054809305611567286,0.00018402367771319823,0.00018402367771319823,0.8486786018755328,0.006904355812122802,1.0000000000000002,0.0,0.6153846153846154,0
0.0,0.0,0.8432249009572502,0.851731459094025,0.00018402367771319823,0.00018402367771319823,0.7147681815200996,0.006904355812122802,1.0000000000000002,0.0,0.15384615384615385,0
0.03225806451612903,0.017311333513659724,0.8432249006789202,0.054809309759409106,0.00018402367771319823,0.00018402367771319823,0.5783002164076333,0.006904355812122802,1.0000000000000002,0.0,0.6153846153846154,0
0.0,0.0032458750338111974,0.8432249006789202,0.9935818222984533,0.00018402367771319823,0.00018402367771319823,0.5920060331825038,0.006904355812122802,1.0000000000000002,0.0,0.6153846153846154,0
0.0,0.0032458750338111974,0.8432249006789202,0.7923319437752597,0.00018402367771319823,0.00018402367771319823,0.9948193324152402,0.0009511939123589609,1.0000000000000002,0.0,0.6153846153846154,0
0.03225806451612903,0.017311333513659724,0.8432249006789202,0.9935819550293915,0.00018402367771319823,0.00018402367771319823,0.8266115810872844,0.006904355812122802,1.0000000000000002,0.0,0.6153846153846154,0
0.0,0.0,0.8432249009572502,0.851731459094025,0.00018402367771319823,0.00018402367771319823,0.7160797429339628,0.006904355812122802,1.0000000000000002,0.0,0.15384615384615385,0
0.0,0.0032458750338111974,0.8432249009572502,0.42523423404071564,0.00018402367771319823,0.00018402367771319823,0.8610400682011935,0.0009511939123589609,1.0000000000000002,0.0,0.6153846153846154,0
0.0,0.0,0.8432249009572502,0.851731459094025,0.00018402367771319823,0.00018402367771319823,0.7162764771460424,0.006904355812122802,1.0000000000000002,0.0,0.15384615384615385,0
0.0,0.0,0.8432249009572502,0.851731459094025,0.00018402367771319823,0.00018402367771319823,0.7164404223227752,0.006904355812122802,1.0000000000000002,0.0,0.15384615384615385,0
0.0,0.0032458750338111974,0.8432249009572502,0.851731459094025,0.00018402367771319823,0.00018402367771319823,0.7165060003934683,0.006904355812122802,1.0000000000000002,0.0,0.6153846153846154,0
0.0,0.0,0.8432249009572502,0.851731459094025,0.00018402367771319823,0.00018402367771319823,0.716538789428815,0.006904355812122802,1.0000000000000002,0.0,0.15384615384615385,0
0.0,0.0032458750338111974,0.8572223345410964,0.5759249705033349,0.00018402367771319823,0.00018402367771319823,0.007262771329267492,0.7165114143269482,1.0000000000000002,0.0,0.7692307692307693,0
0.0,0.0,0.8432249009572502,0.851731459094025,0.00018402367771319823,0.00018402367771319823,0.7167027346055479,0.006904355812122802,1.0000000000000002,0.0,0.15384615384615385,0
0.0,0.0032458750338111974,0.8432249009572502,0.851731459094025,0.00018402367771319823,0.00018402367771319823,0.716768312676241,0.006904355812122802,1.0000000000000002,0.0,0.6153846153846154,0
0.0,0.14308899107384365,0.8432249009572502,0.851731459094025,0.00018402367771319823,0.00018402367771319823,0.7170634139943602,0.006904355812122802,1.0000000000000002,0.0,0.9230769230769231,0
0.0,0.0,0.8432249009572502,0.851731459094025,0.00018402367771319823,0.00018402367771319823,0.7171289920650534,0.006904355812122802,1.0000000000000002,0.0,0.15384615384615385,0
0.0,0.0032458750338111974,0.8432249009572502,0.851731459094025,0.00018402367771319823,0.00018402367771319823,0.7171945701357466,0.006904355812122802,1.0000000000000002,0.0,0.6153846153846154,0
0.0,0.0,0.8432249009572502,0.851731459094025,0.00018402367771319823,0.00018402367771319823,0.7172273591710931,0.006904355812122802,1.0000000000000002,0.0,0.15384615384615385,0
0.0,0.0,0.8432249009572502,0.851731459094025,0.00018402367771319823,0.00018402367771319823,0.7172929372417863,0.006904355812122802,1.0000000000000002,0.0,0.15384615384615385,0
0.0,0.0032458750338111974,0.8432249009572502,0.851731459094025,0.00018402367771319823,0.00018402367771319823,0.7173585153124794,0.006904355812122802,1.0000000000000002,0.0,0.6153846153846154,0
0.0,0.0,0.8432249009572502,0.851731459094025,0.00018402367771319823,0.00018402367771319823,0.717391304347826,0.006904355812122802,1.0000000000000002,0.0,0.15384615384615385,0
0.0,0.0,0.8432249009572502,0.851731459094025,0.00018402367771319823,0.00018402367771319823,0.7174568824185192,0.006904355812122802,1.0000000000000002,0.0,0.15384615384615385,0
0.0,0.0,0.8432249009572502,0.983218388068802,0.00018402367771319823,0.00018402367771319823,0.6830939733753032,0.006904355812122802,1.0000000000000002,0.0,0.6153846153846154,0
0.0,0.0,0.8432249009572502,0.9935818217454077,0.00018402367771319823,0.00018402367771319823,0.6955865958423503,0.006904355812122802,1.0000000000000002,0.0,0.15384615384615385,0
0.0,0.0,0.8432249009572502,0.851731459094025,0.00018402367771319823,0.00018402367771319823,0.7188668109384222,0.006904355812122802,1.0000000000000002,0.0,0.15384615384615385,0
0.0,0.0,0.8432249009572502,0.851731459094025,0.00018402367771319823,0.00018402367771319823,0.719030756115155,0.006904355812122802,1.0000000000000002,0.0,0.15384615384615385,0
0.0,0.0,0.8432249009572502,0.851731459094025,0.00018402367771319823,0.00018402367771319823,0.7191947012918879,0.006904355812122802,1.0000000000000002,0.0,0.15384615384615385,0
0.0,0.0,0.8432249009572502,0.98321839083403,0.00018402367771319823,0.00018402367771319823,0.7258508754672437,0.006904355812122802,1.0000000000000002,0.0,0.6153846153846154,0
0.0,0.0,0.8432249009572502,0.851731459094025,0.00018402367771319823,0.00018402367771319823,0.7193258574332743,0.006904355812122802,1.0000000000000002,0.0,0.15384615384615385,0
0.0,0.0032458750338111974,0.8432249009572502,0.851731459094025,0.00018402367771319823,0.00018402367771319823,0.7193914355039674,0.006904355812122802,1.0000000000000002,0.0,0.6538461538461539,0
0.0,0.0,0.8432249009572502,0.851731459094025,0.00018402367771319823,0.00018402367771319823,0.7194898026100072,0.006904355812122802,1.0000000000000002,0.0,0.15384615384615385,0
0.0,0.0032458750338111974,0.8432249009572502,0.851731459094025,0.00018402367771319823,0.00018402367771319823,0.7195553806807004,0.006904355812122802,1.0000000000000002,0.0,0.6153846153846154,0
0.0,0.0,0.8432249009572502,0.851731459094025,0.00018402367771319823,0.00018402367771319823,0.7196537477867401,0.006904355812122802,1.0000000000000002,0.0,0.15384615384615385,0
0.0,0.0032458750338111974,0.8432249009572502,0.851731459094025,0.00018402367771319823,0.00018402367771319823,0.7197193258574333,0.006904355812122802,1.0000000000000002,0.0,0.6153846153846154,0
0.0,0.0,0.8432249009572502,0.851731459094025,0.00018402367771319823,0.00018402367771319823,0.719817692963473,0.006904355812122802,1.0000000000000002,0.0,0.15384615384615385,0
0.0,0.0,0.8432249009572502,0.851731459094025,0.00018402367771319823,0.00018402367771319823,0.7199488491048592,0.006904355812122802,1.0000000000000002,0.0,0.15384615384615385,0
0.0,0.0032458750338111974,0.8432249009572502,0.851731459094025,0.00018402367771319823,0.00018402367771319823,0.7201783723522853,0.006904355812122802,1.0000000000000002,0.0,0.6153846153846154,0
0.0,0.0,0.8432249009572502,0.851731459094025,0.00018402367771319823,0.00018402367771319823,0.720211161387632,0.006904355812122802,1.0000000000000002,0.0,0.15384615384615385,0
0.0,0.0,0.8432249009572502,0.851731459094025,0.00018402367771319823,0.00018402367771319823,0.7203095284936717,0.006904355812122802,1.0000000000000002,0.0,0.15384615384615385,0
0.0,0.013794968893697591,0.8432249006789202,0.9935819550293915,0.00018402367771319823,0.00018402367771319823,0.8266115810872844,0.006904355812122802,1.0000000000000002,0.0,0.9230769230769231,0
0.0,0.0032458750338111974,0.8432249009572502,0.851731459094025,0.00018402367771319823,0.00018402367771319823,0.720440684635058,0.006904355812122802,1.0000000000000002,0.0,0.6153846153846154,0
0.0,0.0032458750338111974,0.8432249009572502,0.851731459094025,0.00018402367771319823,0.00018402367771319823,0.7205062627057511,0.006904355812122802,1.0000000000000002,0.0,0.6153846153846154,0
0.0,0.0,0.8432249009572502,0.851731459094025,0.00018402367771319823,0.00018402367771319823,0.7206046298117909,0.006904355812122802,1.0000000000000002,0.0,0.15384615384615385,0
0.0,0.0032458750338111974,0.8432249009572502,0.851731459094025,0.00018402367771319823,0.00018402367771319823,0.720670207882484,0.006904355812122802,1.0000000000000002,0.0,0.6153846153846154,0
0.0,0.0032458750338111974,0.8432249009572502,0.851731459094025,0.00018402367771319823,0.00018402367771319823,0.7207685749885238,0.006904355812122802,1.0000000000000002,0.0,0.6153846153846154,0
0.0,0.0032458750338111974,0.8432249006789202,0.6928023433545407,0.00018402367771319823,0.00018402367771319823,0.9064200931208604,0.006904355812122802,1.0000000000000002,0.0,0.6153846153846154,0
0.0,0.0032458750338111974,0.8432249006789202,0.6928023663059321,0.00018402367771319823,0.00018402367771319823,0.6162043412682798,0.006904355812122802,1.0000000000000002,0.0,0.6153846153846154,0
0.0,0.0032458750338111974,0.8432249006789202,0.9935819580711421,0.00018402367771319823,0.00018402367771319823,0.9127811659780969,0.006904355812122802,1.0000000000000002,0.0,0.6153846153846154,0
0.12903225806451613,0.0595077089532053,0.8432249006789202,0.6928023433545407,0.00018402367771319823,0.00018402367771319823,0.9063217260148206,0.006904355812122802,1.0000000000000002,0.0,0.6153846153846154,0
0.0,0.0032458750338111974,0.8432249009572502,0.851731459094025,0.00018402367771319823,0.00018402367771319823,0.7223752377205063,0.006904355812122802,1.0000000000000002,0.0,0.6538461538461539,0
0.0,0.0,0.8432249009572502,0.851731459094025,0.00018402367771319823,0.00018402367771319823,0.722473604826546,0.006904355812122802,1.0000000000000002,0.0,0.15384615384615385,0
0.0,0.0032458750338111974,0.8432249006789202,0.7923212011414592,0.00018402367771319823,0.00018402367771319823,0.8658928454324873,0.006904355812122802,1.0000000000000002,0.0,0.6153846153846154,0
0.0,0.0032458750338111974,0.8432249009572502,0.05480930892984073,0.00018402367771319823,0.00018402367771319823,0.6547642468358581,0.006904355812122802,1.0000000000000002,0.0,0.6153846153846154,0
0.0,0.0032458750338111974,0.8432249009572502,0.43300073464555766,0.00018402367771319823,0.00018402367771319823,0.8079874090104269,0.006904355812122802,1.0000000000000002,0.0,0.6153846153846154,0
0.0,0.0032458750338111974,0.8432249009572502,0.9935812822494478,0.00018402367771319823,0.00018402367771319823,0.8033641550265591,0.006904355812122802,1.0000000000000002,0.0,0.6153846153846154,0
0.0,0.0032458750338111974,0.8432249009572502,0.851731459094025,0.00018402367771319823,0.00018402367771319823,0.7235884320283297,0.006904355812122802,1.0000000000000002,0.0,0.6153846153846154,0
0.0,0.0,0.8432249009572502,0.851731459094025,0.00018402367771319823,0.00018402367771319823,0.7236540100990229,0.006904355812122802,1.0000000000000002,0.0,0.15384615384615385,0
0.0,0.0032458750338111974,0.8432249009572502,0.851731459094025,0.00018402367771319823,0.00018402367771319823,0.723719588169716,0.006904355812122802,1.0000000000000002,0.0,0.6153846153846154,0
0.0,0.0,0.8432249009572502,0.851731459094025,0.00018402367771319823,0.00018402367771319823,0.7237523772050626,0.006904355812122802,1.0000000000000002,0.0,0.15384615384615385,0
0.0,0.0,0.8432249009572502,0.851731459094025,0.00018402367771319823,0.00018402367771319823,0.7238507443111023,0.006904355812122802,1.0000000000000002,0.0,0.15384615384615385,0
0.0,0.0032458750338111974,0.8432249009572502,0.851731459094025,0.00018402367771319823,0.00018402367771319823,0.7240146894878352,0.006904355812122802,1.0000000000000002,0.0,0.6153846153846154,0
0.0,0.0032458750338111974,0.8432249009572502,0.851731459094025,0.00018402367771319823,0.00018402367771319823,0.7240802675585284,0.006904355812122802,1.0000000000000002,0.0,0.6153846153846154,0
0.0,0.0032458750338111974,0.8432249009572502,0.851731459094025,0.00018402367771319823,0.00018402367771319823,0.7242442127352613,0.006904355812122802,1.0000000000000002,0.0,0.6153846153846154,0
0.0,0.0,0.8432249009572502,0.851731459094025,0.00018402367771319823,0.00018402367771319823,0.7242770017706078,0.006904355812122802,1.0000000000000002,0.0,0.15384615384615385,0
0.0,0.0,0.8432249009572502,0.851731459094025,0.00018402367771319823,0.00018402367771319823,0.7244409469473407,0.006904355812122802,1.0000000000000002,0.0,0.15384615384615385,0
0.0,0.0032458750338111974,0.8432249009572502,0.851731459094025,0.00018402367771319823,0.00018402367771319823,0.7245393140533805,0.006904355812122802,1.0000000000000002,0.0,0.6153846153846154,0
0.0,0.0,0.8432249009572502,0.851731459094025,0.00018402367771319823,0.00018402367771319823,0.7247032592301134,0.006904355812122802,1.0000000000000002,0.0,0.15384615384615385,0
0.0,0.0,0.8432249009572502,0.851731459094025,0.00018402367771319823,0.00018402367771319823,0.7248016263361532,0.006904355812122802,1.0000000000000002,0.0,0.15384615384615385,0
0.0,0.0032458750338111974,0.8432249009572502,0.851731459094025,0.00018402367771319823,0.00018402367771319823,0.7248999934421929,0.006904355812122802,1.0000000000000002,0.0,0.6153846153846154,0
0.0,0.0,0.8432249009572502,0.851731459094025,0.00018402367771319823,0.00018402367771319823,0.7249655715128861,0.006904355812122802,1.0000000000000002,0.0,0.15384615384615385,0
0.0,0.0,0.8432249009572502,0.851731459094025,0.00018402367771319823,0.00018402367771319823,0.7250639386189258,0.006904355812122802,1.0000000000000002,0.0,0.15384615384615385,0
0.0,0.0,0.8432249009572502,0.851731459094025,0.00018402367771319823,0.00018402367771319823,0.7251623057249655,0.006904355812122802,1.0000000000000002,0.0,0.15384615384615385,0
0.0,0.0,0.8432249009572502,0.851731459094025,0.00018402367771319823,0.00018402367771319823,0.7253262509016984,0.006904355812122802,1.0000000000000002,0.0,0.15384615384615385,0
0.0,0.12821206383554232,0.8432249009572502,0.851731459094025,0.00018402367771319823,0.00018402367771319823,0.7254574070430847,0.006904355812122802,1.0000000000000002,0.0,0.9230769230769231,0
0.0,0.0032458750338111974,0.8432249009572502,0.8517506835113093,0.00018402367771319823,0.00018402367771319823,0.74995081644698,0.006904355812122802,1.0000000000000002,0.0,0.6153846153846154,0
0.0,0.005409791723018665,0.8432249009572502,0.9832183891748931,0.00018402367771319823,0.00018402367771319823,0.8375959079283887,0.006904355812122802,1.0000000000000002,0.0,0.07692307692307693,0
0.0,0.0032458750338111974,0.8432249009572502,0.28724021146183193,0.00018402367771319823,0.00018402367771319823,0.5592825759066168,0.006904355812122802,1.0000000000000002,0.0,0.6153846153846154,0
0.0,0.0032458750338111974,0.8432249009572502,0.4750838684007577,0.00018402367771319823,0.00018402367771319823,0.5667912650009836,0.006904355812122802,1.0000000000000002,0.0,0.6153846153846154,0
0.0,0.0,0.8432249009572502,0.8517313678415049,0.00018402367771319823,0.00018402367771319823,0.8209062889369794,0.006904355812122802,1.0000000000000002,0.0,0.15384615384615385,0
0.0,0.0,0.8432249009572502,0.8517313678415049,0.00018402367771319823,0.00018402367771319823,0.8210046560430192,0.006904355812122802,1.0000000000000002,0.0,0.15384615384615385,0
0.0,0.0032458750338111974,0.8432249009572502,0.8517313678415049,0.00018402367771319823,0.00018402367771319823,0.8210702341137123,0.006904355812122802,1.0000000000000002,0.0,0.6153846153846154,0
0.03225806451612903,0.027860427373546118,0.8432249009572502,0.85175065779469,0.00018402367771319823,0.00018402367771319823,0.7392288018886484,0.006904355812122802,1.0000000000000002,0.0,0.9230769230769231,0
0.0,0.0032458750338111974,0.8432249009572502,0.8517313678415049,0.00018402367771319823,0.00018402367771319823,0.8216932257852974,0.006904355812122802,1.0000000000000002,0.0,0.6153846153846154,0
0.0,0.010819583446037328,0.8432248998439299,0.8378249162567811,1.0,0.00018402367771319823,0.0,0.02064746785620572,0.0,1.0,0.0,0
0.0,0.0032458750338111974,0.8432249006789202,0.05480932192641179,0.00018402367771319823,0.00018402367771319823,0.9382582464423896,0.006904355812122802,1.0000000000000002,0.0,0.6538461538461539,0
0.0,0.0032458750338111974,0.857222242692164,0.5759249705033349,0.00018402367771319823,0.00018402367771319823,0.007262771329267492,0.8221923379690369,1.0000000000000002,0.0,0.7692307692307693,0
0.0,0.0,0.8432249009572502,0.8517313678415049,0.00018402367771319823,0.00018402367771319823,0.822349006492229,0.006904355812122802,1.0000000000000002,0.0,0.15384615384615385,0
0.0,0.0032458750338111974,0.8432249009572502,0.8517313678415049,0.00018402367771319823,0.00018402367771319823,0.8224145845629222,0.006904355812122802,1.0000000000000002,0.0,0.6153846153846154,0
0.0,0.0,0.8432249009572502,0.8517313678415049,0.00018402367771319823,0.00018402367771319823,0.8224473735982687,0.006904355812122802,1.0000000000000002,0.0,0.15384615384615385,0
0.0,0.0032458750338111974,0.8432249009572502,0.8517313678415049,0.00018402367771319823,0.00018402367771319823,0.8226113187750016,0.006904355812122802,1.0000000000000002,0.0,0.6153846153846154,0
0.0,0.0,0.8432249009572502,0.8517313678415049,0.00018402367771319823,0.00018402367771319823,0.8227096858810413,0.006904355812122802,1.0000000000000002,0.0,0.15384615384615385,0
0.0,0.0032458750338111974,0.8432249009572502,0.8517313678415049,0.00018402367771319823,0.00018402367771319823,0.8227752639517345,0.006904355812122802,1.0000000000000002,0.0,0.6153846153846154,0
0.0,0.0,0.8432249009572502,0.8517313678415049,0.00018402367771319823,0.00018402367771319823,0.8229392091284674,0.006904355812122802,1.0000000000000002,0.0,0.15384615384615385,0
0.0,0.0032458750338111974,0.8432249009572502,0.8517313678415049,0.00018402367771319823,0.00018402367771319823,0.8230703652698537,0.006904355812122802,1.0000000000000002,0.0,0.6153846153846154,0
0.0,0.0032458750338111974,0.8432249009572502,0.8504076228366744,0.00018402367771319823,0.00018402367771319823,0.8140205915141976,0.006904355812122802,1.0000000000000002,0.0,0.6153846153846154,0
0.0,0.0032458750338111974,0.8432249009572502,0.28724021146183193,0.00018402367771319823,0.00018402367771319823,0.5592825759066168,0.006904355812122802,1.0000000000000002,0.0,0.6153846153846154,0
0.0,0.024885041925885858,0.8432249009572502,0.32902553653411737,0.00018402367771319823,0.00018402367771319823,0.8701554200275428,0.006904355812122802,1.0000000000000002,0.0,0.9230769230769231,0
0.0,0.0032458750338111974,0.8432249009572502,0.7923212097136656,0.00018402367771319823,0.00018402367771319823,0.8732375893501213,0.006904355812122802,1.0000000000000002,0.0,0.6153846153846154,0
0.0,0.0032458750338111974,0.8432249009572502,0.8517313678415049,0.00018402367771319823,0.00018402367771319823,0.8240540363302511,0.006904355812122802,1.0000000000000002,0.0,0.6153846153846154,0
0.0,0.0032458750338111974,0.8432249009572502,0.9935812822494478,0.00018402367771319823,0.00018402367771319823,0.8033641550265591,0.006904355812122802,1.0000000000000002,0.0,0.6153846153846154,0
0.0,0.0,0.8432249009572502,0.8517313678415049,0.00018402367771319823,0.00018402367771319823,0.8243491376483704,0.006904355812122802,1.0000000000000002,0.0,0.15384615384615385,0
0.0,0.0032458750338111974,0.8432249009572502,0.8517313678415049,0.00018402367771319823,0.00018402367771319823,0.8244147157190634,0.006904355812122802,1.0000000000000002,0.0,0.6153846153846154,0
0.0,0.0032458750338111974,0.8432249009572502,0.8517313678415049,0.00018402367771319823,0.00018402367771319823,0.8245458718604498,0.006904355812122802,1.0000000000000002,0.0,0.6153846153846154,0
0.0,0.0032458750338111974,0.8432249009572502,0.8517313678415049,0.00018402367771319823,0.00018402367771319823,0.8247098170371827,0.006904355812122802,1.0000000000000002,0.0,0.6153846153846154,0
0.0,0.0,0.8432249009572502,0.8517313678415049,0.00018402367771319823,0.00018402367771319823,0.8247426060725292,0.006904355812122802,1.0000000000000002,0.0,0.15384615384615385,0
0.0,0.14308899107384365,0.8432249009572502,0.8517313678415049,0.00018402367771319823,0.00018402367771319823,0.8248737622139156,0.006904355812122802,1.0000000000000002,0.0,0.9230769230769231,0
0.0,0.0032458750338111974,0.8432249009572502,0.8517506647077597,0.00018402367771319823,0.00018402367771319823,0.7957243097908059,0.006904355812122802,1.0000000000000002,0.0,0.6153846153846154,0
0.0,0.0,0.8432249009572502,0.8517313678415049,0.00018402367771319823,0.00018402367771319823,0.8250377073906485,0.006904355812122802,1.0000000000000002,0.0,0.15384615384615385,0
0.0,0.0,0.8432249009572502,0.8517313678415049,0.00018402367771319823,0.00018402367771319823,0.8252672306380746,0.006904355812122802,1.0000000000000002,0.0,0.15384615384615385,0
0.0,0.12821206383554232,0.8432249009572502,0.8517313678415049,0.00018402367771319823,0.00018402367771319823,0.8253328087087677,0.006904355812122802,1.0000000000000002,0.0,0.9230769230769231,0
0.0,0.0,0.8432249009572502,0.8517313678415049,0.00018402367771319823,0.00018402367771319823,0.8253655977441143,0.006904355812122802,1.0000000000000002,0.0,0.15384615384615385,0
0.0,0.0032458750338111974,0.8432249009572502,0.8517313678415049,0.00018402367771319823,0.00018402367771319823,0.8254311758148075,0.006904355812122802,1.0000000000000002,0.0,0.6153846153846154,0
0.0,0.03732756288882878,0.8432249009572502,0.8517313678415049,0.00018402367771319823,0.00018402367771319823,0.8257590661682733,0.006904355812122802,1.0000000000000002,0.0,0.9230769230769231,0
0.0,0.0,0.8432249009572502,0.8517313678415049,0.00018402367771319823,0.00018402367771319823,0.8257918552036199,0.006904355812122802,1.0000000000000002,0.0,0.15384615384615385,0
0.0,0.005409791723018665,0.857222242692164,0.5759249705033349,0.00018402367771319823,0.00018402367771319823,0.007262771329267492,0.8258331146680661,1.0000000000000002,0.0,0.6923076923076923,0
0.0,0.0,0.8432249009572502,0.8517313678415049,0.00018402367771319823,0.00018402367771319823,0.8259558003803528,0.006904355812122802,1.0000000000000002,0.0,0.15384615384615385,0
0.0,0.0032458750338111974,0.8432249009572502,0.8517313678415049,0.00018402367771319823,0.00018402367771319823,0.826086956521739,0.006904355812122802,1.0000000000000002,0.0,0.6153846153846154,0
0.0,0.0,0.8432249009572502,0.8517313678415049,0.00018402367771319823,0.00018402367771319823,0.8264148468752048,0.006904355812122802,1.0000000000000002,0.0,0.15384615384615385,0
0.0,0.03381119826886665,0.8432249009572502,0.7923212099901884,0.00018402367771319823,0.00018402367771319823,0.6259754738015607,0.006904355812122802,1.0000000000000002,0.0,0.9230769230769231,0
0.0,0.0032458750338111974,0.8432249009572502,0.05480930892984073,0.00018402367771319823,0.00018402367771319823,0.6547642468358581,0.006904355812122802,1.0000000000000002,0.0,0.6153846153846154,0
0.0,0.0032458750338111974,0.8432249009572502,0.28724021146183193,0.00018402367771319823,0.00018402367771319823,0.5592825759066168,0.006904355812122802,1.0000000000000002,0.0,0.6153846153846154,0
0.0,0.05653232350554503,0.8432249009572502,0.9935812822494478,0.00018402367771319823,0.00018402367771319823,0.8033641550265591,0.006904355812122802,1.0000000000000002,0.0,0.9230769230769231,0
0.0,0.0,0.8432249009572502,0.8517313678415049,0.00018402367771319823,0.00018402367771319823,0.8271034166174831,0.006904355812122802,1.0000000000000002,0.0,0.15384615384615385,0
0.0,0.0032458750338111974,0.8432249009572502,0.8517313678415049,0.00018402367771319823,0.00018402367771319823,0.8271689946881762,0.006904355812122802,1.0000000000000002,0.0,0.6153846153846154,0
0.0,0.0,0.8432249009572502,0.8517313678415049,0.00018402367771319823,0.00018402367771319823,0.827267361794216,0.006904355812122802,1.0000000000000002,0.0,0.15384615384615385,0
0.0,0.0,0.8432249009572502,0.8517313678415049,0.00018402367771319823,0.00018402367771319823,0.8273657289002557,0.006904355812122802,1.0000000000000002,0.0,0.15384615384615385,0
0.0,0.0,0.8432249009572502,0.8517313678415049,0.00018402367771319823,0.00018402367771319823,0.8274313069709489,0.006904355812122802,1.0000000000000002,0.0,0.15384615384615385,0
0.0,0.0032458750338111974,0.8432249009572502,0.8517313678415049,0.00018402367771319823,0.00018402367771319823,0.827496885041642,0.006904355812122802,1.0000000000000002,0.0,0.6153846153846154,0
0.0,0.0,0.8432249009572502,0.8517313678415049,0.00018402367771319823,0.00018402367771319823,0.8275296740769886,0.006904355812122802,1.0000000000000002,0.0,0.15384615384615385,0
0.0,0.0032458750338111974,0.8432249009572502,0.8517313678415049,0.00018402367771319823,0.00018402367771319823,0.8276280411830284,0.006904355812122802,1.0000000000000002,0.0,0.6153846153846154,0
0.0,0.0032458750338111974,0.8432249009572502,0.8517313678415049,0.00018402367771319823,0.00018402367771319823,0.8276936192537215,0.006904355812122802,1.0000000000000002,0.0,0.6153846153846154,0
0.0,0.12821206383554232,0.8432249009572502,0.8517313678415049,0.00018402367771319823,0.00018402367771319823,0.8278575644304544,0.006904355812122802,1.0000000000000002,0.0,0.9230769230769231,0
0.0,0.0,0.8432249009572502,0.8517313678415049,0.00018402367771319823,0.00018402367771319823,0.8279887205718407,0.006904355812122802,1.0000000000000002,0.0,0.15384615384615385,0
0.0,0.0,0.8432249009572502,0.8517313678415049,0.00018402367771319823,0.00018402367771319823,0.8280542986425339,0.006904355812122802,1.0000000000000002,0.0,0.15384615384615385,0
0.0,0.0,0.8432249009572502,0.8517313678415049,0.00018402367771319823,0.00018402367771319823,0.8286445012787723,0.006904355812122802,1.0000000000000002,0.0,0.15384615384615385,0
0.0,0.0032458750338111974,0.8432249004005901,0.05480929925154315,0.00018402367771319823,0.00018402367771319823,0.9954423240868253,0.006904355812122802,1.0000000000000002,0.0,0.6153846153846154,0
0.0,0.011631052204490127,0.8432249004005901,0.05480929925154315,0.00018402367771319823,0.00018402367771319823,0.9955734802282116,0.006904355812122802,1.0000000000000002,0.0,0.9230769230769231,0
0.0,0.0032458750338111974,0.8432249009572502,0.8517313678415049,0.00018402367771319823,0.00018402367771319823,0.8292347039150108,0.006904355812122802,1.0000000000000002,0.0,0.6153846153846154,0
0.03225806451612903,0.017311333513659724,0.8432249004005901,0.054809309759409106,0.00018402367771319823,0.00018402367771319823,0.8186438454980653,0.006904355812122802,1.0000000000000002,0.0,0.6153846153846154,0
0.0,0.0032458750338111974,0.8432249004005901,0.05480929925154315,0.00018402367771319823,0.00018402367771319823,0.9959997376877172,0.006904355812122802,1.0000000000000002,0.0,0.6153846153846154,0
0.0,0.0,0.8432249009572502,0.8517313678415049,0.00018402367771319823,0.00018402367771319823,0.8296281723391697,0.006904355812122802,1.0000000000000002,0.0,0.15384615384615385,0
0.0,0.0032458750338111974,0.8432249009572502,0.8517313678415049,0.00018402367771319823,0.00018402367771319823,0.8299888517279821,0.006904355812122802,1.0000000000000002,0.0,0.6153846153846154,0
0.0,0.0032458750338111974,0.8432249009572502,0.8517313678415049,0.00018402367771319823,0.00018402367771319823,0.8300872188340218,0.006904355812122802,1.0000000000000002,0.0,0.6153846153846154,0
0.0967741935483871,0.045442250473356774,0.8432249004005901,0.9935812825259706,0.00018402367771319823,0.00018402367771319823,0.6872253918289724,0.006904355812122802,1.0000000000000002,0.0,0.6153846153846154,0
0.0,0.0032458750338111974,0.8432249009572502,0.8517313678415049,0.00018402367771319823,0.00018402367771319823,0.8310053118237261,0.006904355812122802,1.0000000000000002,0.0,0.6153846153846154,0
0.0,0.0032458750338111974,0.8432249006789202,0.05480930312286218,0.00018402367771319823,0.00018402367771319823,0.9207161125319693,0.006904355812122802,1.0000000000000002,0.0,0.6153846153846154,0
0.0,0.011631052204490127,0.8432249006789202,0.05480932026727506,0.00018402367771319823,0.00018402367771319823,0.8193652042756902,0.006904355812122802,1.0000000000000002,0.0,0.9230769230769231,0
0.0,0.005409791723018665,0.05509160930982405,0.5759249705033349,0.00018402367771319823,0.00018402367771319823,0.007262771329267492,0.9467659406979795,1.0000000000000002,0.0,0.6923076923076923,0
0.0,0.10576142818501488,0.8432249006789202,0.42523423404071564,0.00018402367771319823,0.00018402367771319823,0.9300609876057446,0.0009511939123589609,1.0000000000000002,0.0,0.9230769230769231,0
0.0,0.0,0.8432249009572502,0.8517313678415049,0.00018402367771319823,0.00018402367771319823,0.8324808184143222,0.006904355812122802,1.0000000000000002,0.0,0.15384615384615385,0
0.0,0.0032458750338111974,0.8432249006789202,0.7923319437752597,0.00018402367771319823,0.00018402367771319823,0.7655583972719522,0.006904355812122802,1.0000000000000002,0.0,0.6153846153846154,0
0.0,0.0,0.8432249009572502,0.8517313678415049,0.00018402367771319823,0.00018402367771319823,0.8325463964850154,0.006904355812122802,1.0000000000000002,0.0,0.15384615384615385,0
0.0,0.005409791723018665,0.8432249004005901,0.4162061728756634,0.00018402367771319823,0.00018402367771319823,0.7176864056659452,0.006904355812122802,1.0000000000000002,0.0,0.07692307692307693,0
0.0,0.05382742764403571,0.8432249004005901,0.4162061728756634,0.00018402367771319823,0.00018402367771319823,0.7177519837366384,0.006904355812122802,1.0000000000000002,0.0,0.9230769230769231,0
0.0,0.0032458750338111974,0.8432249009572502,0.9935820075687213,0.00018402367771319823,0.00018402367771319823,0.7211292543773362,0.006904355812122802,1.0000000000000002,0.0,0.6153846153846154,0
0.0,0.0032458750338111974,0.8432249009572502,0.7923319432222141,0.00018402367771319823,0.00018402367771319823,0.9698012984457997,0.006904355812122802,1.0000000000000002,0.0,0.6153846153846154,0
0.0,0.0032458750338111974,0.8432249009572502,0.8517313678415049,0.00018402367771319823,0.00018402367771319823,0.8331365991212538,0.006904355812122802,1.0000000000000002,0.0,0.6153846153846154,0
0.0,0.04381931295645118,0.8432249009572502,0.054809303952430555,0.00018402367771319823,0.00018402367771319823,0.6361728637943471,0.006904355812122802,1.0000000000000002,0.0,0.9230769230769231,0
0.0,0.015688395996754124,0.8432249009572502,0.054809316672478806,0.00018402367771319823,0.00018402367771319823,0.7323758935012131,0.006904355812122802,1.0000000000000002,0.0,0.9230769230769231,0
0.0,0.0032458750338111974,0.8547076822190569,0.5759249705033349,0.00018402367771319823,0.00018402367771319823,0.007262771329267492,0.7033258987142481,1.0000000000000002,0.0,0.6538461538461539,0
0.0,0.0032458750338111974,0.8432249006789202,0.9935819550293915,0.00018402367771319823,0.00018402367771319823,0.8505147878549413,0.006904355812122802,1.0000000000000002,0.0,0.6153846153846154,0
0.03225806451612903,0.017311333513659724,0.8432249006789202,0.9935812852911984,0.00018402367771319823,0.00018402367771319823,0.9856711915535444,0.006904355812122802,1.0000000000000002,0.0,0.6153846153846154,0
0.06451612903225806,0.03137679199350825,0.8432249006789202,0.7965428604469174,0.00018402367771319823,0.00018402367771319823,0.7414584562922159,0.006904355812122802,1.0000000000000002,0.0,0.6153846153846154,0
0.0,0.0032458750338111974,0.8432249006789202,0.33600997787795295,0.00018402367771319823,0.00018402367771319823,0.9766214177978884,0.006904355812122802,1.0000000000000002,0.0,0.6538461538461539,0
0.0,0.0032458750338111974,0.8432249006789202,0.7965428604469174,0.00018402367771319823,0.00018402367771319823,0.7413600891861761,0.006904355812122802,1.0000000000000002,0.0,0.6153846153846154,0
0.0,0.0032458750338111974,0.8432249006789202,0.7965428692956465,0.00018402367771319823,0.00018402367771319823,0.5660699062233588,0.006904355812122802,1.0000000000000002,0.0,0.6153846153846154,0
0.06451612903225806,0.1712199080335407,0.8432249006789202,0.7965428607234402,0.00018402367771319823,0.00018402367771319823,0.9990491179749491,0.006904355812122802,1.0000000000000002,0.0,0.9230769230769231,0
0.32258064516129037,0.5647822558831486,0.8432249006789202,0.7923319468170104,0.00018402367771319823,0.00018402367771319823,0.9600301659125188,0.006904355812122802,1.0000000000000002,0.0,0.9230769230769231,0
0.0,0.0032458750338111974,0.8432249006789202,0.9615976624617291,0.00018402367771319823,0.00018402367771319823,0.6789953439569807,0.006904355812122802,1.0000000000000002,0.0,0.6153846153846154,0
0.06451612903225806,0.03137679199350825,0.8432249006789202,0.9615976624617291,0.00018402367771319823,0.00018402367771319823,0.6790281329923273,0.006904355812122802,1.0000000000000002,0.0,0.6153846153846154,0
0.03225806451612903,0.017311333513659724,0.8432249006789202,0.336009987003205,0.00018402367771319823,0.00018402367771319823,0.9972457210308872,0.006904355812122802,1.0000000000000002,0.0,0.6153846153846154,0
0.0,0.0032458750338111974,0.8432249009572502,0.054809302569816615,0.00018402367771319823,0.00018402367771319823,0.6284018624172076,0.006904355812122802,1.0000000000000002,0.0,0.6153846153846154,0
0.03225806451612903,0.017311333513659724,0.8432249009572502,0.054809309759409106,0.00018402367771319823,0.00018402367771319823,0.5795134107154567,0.006904355812122802,1.0000000000000002,0.0,0.6153846153846154,0
0.0,0.0032458750338111974,0.8432249009572502,0.9935819550293915,0.00018402367771319823,0.00018402367771319823,0.6554200275427896,0.006904355812122802,1.0000000000000002,0.0,0.6153846153846154,0
0.0,0.0032458750338111974,0.8432249009572502,0.7923319437752597,0.00018402367771319823,0.00018402367771319823,0.7368679913436946,0.006904355812122802,1.0000000000000002,0.0,0.6153846153846154,0
0.0,0.013794968893697591,0.8432249009572502,0.9935819580711421,0.00018402367771319823,0.00018402367771319823,0.9027805101973899,0.006904355812122802,1.0000000000000002,0.0,0.9230769230769231,0
0.0,0.0032458750338111974,0.8432249006789202,0.336009987003205,0.00018402367771319823,0.00018402367771319823,0.9972129319955406,0.006904355812122802,1.0000000000000002,0.0,0.6153846153846154,0
0.0,0.0032458750338111974,0.8432249006789202,0.7923319468170104,0.00018402367771319823,0.00018402367771319823,0.9600301659125188,0.006904355812122802,1.0000000000000002,0.0,0.6153846153846154,0
0.0,0.368406816337571,0.8432249006789202,0.336009987003205,0.00018402367771319823,0.00018402367771319823,0.9994097973637615,0.006904355812122802,1.0000000000000002,0.0,0.9230769230769231,0
0.0,0.013794968893697591,0.8432249006789202,0.9935818217454077,0.00018402367771319823,0.00018402367771319823,0.8791396157125057,0.006904355812122802,1.0000000000000002,0.0,0.9230769230769231,0
0.0,0.005409791723018665,0.7974345925701563,0.5759249705033349,0.00018402367771319823,0.00018402367771319823,0.007262771329267492,0.5689779585410653,1.0000000000000002,0.0,0.6923076923076923,0
0.0,0.0032458750338111974,0.8432249009572502,0.7923212099901884,0.00018402367771319823,0.00018402367771319823,0.6884713751721424,0.006904355812122802,1.0000000000000002,0.0,0.6153846153846154,0
0.0,0.05139302136867731,0.8432249009572502,0.792321210543234,0.00018402367771319823,0.00018402367771319823,0.9983277591973243,0.006904355812122802,1.0000000000000002,0.0,0.9230769230769231,0
0.0,0.0032458750338111974,0.8432249009572502,0.23551377739521945,0.00018402367771319823,0.00018402367771319823,0.789232080792183,0.006904355812122802,1.0000000000000002,0.0,0.6153846153846154,0
0.0,0.0032458750338111974,0.8432249009572502,0.05480929786892921,0.00018402367771319823,0.00018402367771319823,0.5877762476227949,0.006904355812122802,1.0000000000000002,0.0,0.6153846153846154,0
0.0,0.05599134433324317,0.8432249009572502,0.9935820089513353,0.00018402367771319823,0.00018402367771319823,0.8325463964850154,0.006904355812122802,1.0000000000000002,0.0,0.9230769230769231,0
0.0,0.0032458750338111974,0.8432249006789202,7.541744265171339e-05,0.00018402367771319823,0.00018402367771319823,0.5467899534395698,0.0009511939123589609,1.0000000000000002,0.0,0.6153846153846154,0
0.0,0.017040843927508792,0.8432249006789202,0.05480932026727506,0.00018402367771319823,0.00018402367771319823,0.8279231425011475,0.006904355812122802,1.0000000000000002,0.0,0.9230769230769231,0
0.0,0.0032458750338111974,0.8432249006789202,0.054809305335044495,0.00018402367771319823,0.00018402367771319823,0.961964718997967,0.006904355812122802,1.0000000000000002,0.0,0.6153846153846154,0
0.0,0.0032458750338111974,0.8432249006789202,0.05480930312286218,0.00018402367771319823,0.00018402367771319823,0.929634730146239,0.006904355812122802,1.0000000000000002,0.0,0.6153846153846154,0
0.0,0.0032458750338111974,0.6972545309764513,0.5759249705033349,0.00018402367771319823,0.00018402367771319823,0.007262771329267492,0.7068682760430333,1.0000000000000002,0.0,0.6538461538461539,0
0.0,0.0032458750338111974,0.8432249006789202,0.42523423404071564,0.00018402367771319823,0.00018402367771319823,0.9380287231949636,0.0009511939123589609,1.0000000000000002,0.0,0.6153846153846154,0
0.0,0.005409791723018665,0.7974345978584281,0.5759249705033349,0.00018402367771319823,0.00018402367771319823,0.007262771329267492,0.8395762267121489,1.0000000000000002,0.0,0.6923076923076923,0
0.0,0.011631052204490127,0.8432249006789202,0.6928023914695058,0.00018402367771319823,0.00018402367771319823,0.7073250704964259,0.006904355812122802,1.0000000000000002,0.0,0.9230769230769231,0
0.0967741935483871,0.045442250473356774,0.8432249006789202,0.6928023914695058,0.00018402367771319823,0.00018402367771319823,0.7071283362843465,0.006904355812122802,1.0000000000000002,0.0,0.6153846153846154,0
0.03225806451612903,0.15363808493373005,0.8432249006789202,0.7541015403640807,0.00018402367771319823,0.00018402367771319823,0.9968194635713816,0.006904355812122802,1.0000000000000002,0.0,0.9230769230769231,0
0.06451612903225806,0.02704895861509332,0.8432249006789202,0.7541015403640807,0.00018402367771319823,0.00018402367771319823,0.9966883074299954,0.006904355812122802,1.0000000000000002,0.0,0.6153846153846154,0
0.0,0.0032458750338111974,0.8432249006789202,0.13449011522436638,0.00018402367771319823,0.00018402367771319823,0.9955734802282116,0.006904355812122802,1.0000000000000002,0.0,0.6153846153846154,0
0.03225806451612903,0.014065458479848527,0.8432249006789202,0.7541015403640807,0.00018402367771319823,0.00018402367771319823,0.9967538855006886,0.006904355812122802,1.0000000000000002,0.0,0.6153846153846154,0
0.06451612903225806,0.16932648093048416,0.8432249006789202,0.6928023914695058,0.00018402367771319823,0.00018402367771319823,0.706931602072267,0.006904355812122802,1.0000000000000002,0.0,0.9230769230769231,0
0.0,0.0032458750338111974,0.8432249006789202,0.15695823357857858,0.00018402367771319823,0.00018402367771319823,0.8906157780838088,0.006904355812122802,1.0000000000000002,0.0,0.6153846153846154,0
0.0,0.10089261563429808,0.8432249009572502,0.05480932026727506,0.00018402367771319823,0.00018402367771319823,0.8349727851006623,0.006904355812122802,1.0000000000000002,0.0,0.9230769230769231,0
0.0,0.0032458750338111974,0.8432249009572502,0.054809309759409106,0.00018402367771319823,0.00018402367771319823,0.5869237327037838,0.006904355812122802,1.0000000000000002,0.0,0.6153846153846154,0
0.03225806451612903,0.017311333513659724,0.8432249009572502,0.05480930312286218,0.00018402367771319823,0.00018402367771319823,0.5980064266509278,0.006904355812122802,1.0000000000000002,0.0,0.6153846153846154,0
0.0,0.0,0.8432249009572502,0.2446323865003277,0.00018402367771319823,0.00018402367771319823,0.5396091546986688,0.006904355812122802,1.0000000000000002,0.0,0.15384615384615385,0
0.03225806451612903,0.017311333513659724,0.8432249009572502,0.792321201417982,0.00018402367771319823,0.00018402367771319823,0.5900059020263624,0.006904355812122802,1.0000000000000002,0.0,0.6153846153846154,0
0.0,0.04192588585339464,0.8432249009572502,0.7923212011414592,0.00018402367771319823,0.00018402367771319823,0.8961571250573808,0.006904355812122802,1.0000000000000002,0.0,0.9230769230769231,0
0.0,0.0032458750338111974,0.8432249006789202,0.6927930472114455,0.00018402367771319823,0.00018402367771319823,0.631024985244934,0.006904355812122802,1.0000000000000002,0.0,0.6153846153846154,0
0.03225806451612903,0.010819583446037328,0.8432249009572502,0.4732194643812159,0.00018402367771319823,0.00018402367771319823,0.6394845563643518,0.006904355812122802,1.0000000000000002,0.0,0.6153846153846154,0
0.0,0.0,0.8432249009572502,0.4732443110598308,0.00018402367771319823,0.00018402367771319823,0.9439635385926946,0.006904355812122802,1.0000000000000002,0.0,0.6153846153846154,0
0.0,0.0,0.8432249006789202,0.7541015403640807,0.00018402367771319823,0.00018402367771319823,0.9967866745360351,0.006904355812122802,1.0000000000000002,0.0,0.15384615384615385,0
0.0,0.005409791723018665,0.8432249006789202,0.15695823357857858,0.00018402367771319823,0.00018402367771319823,0.8941897829365859,0.006904355812122802,1.0000000000000002,0.0,0.07692307692307693,0
0.0,0.0032458750338111974,0.8432249009572502,0.13449011522436638,0.00018402367771319823,0.00018402367771319823,0.9416027280477408,0.006904355812122802,1.0000000000000002,0.0,0.6153846153846154,0
0.0,0.0032458750338111974,0.8432249009572502,0.7923212011414592,0.00018402367771319823,0.00018402367771319823,0.8961571250573808,0.006904355812122802,1.0000000000000002,0.0,0.6153846153846154,0
0.0,0.0032458750338111974,0.8432249004005901,0.05480932026727506,0.00018402367771319823,0.00018402367771319823,0.7207357859531772,0.006904355812122802,1.0000000000000002,0.0,0.6153846153846154,0
0.0,0.0032458750338111974,0.8432249004005901,7.542878008603114e-05,0.00018402367771319823,0.00018402367771319823,0.870286576168929,0.006904355812122802,1.0000000000000002,0.0,0.6153846153846154,0
0.0,0.14308899107384365,0.8432249004005901,0.054809309759409106,0.00018402367771319823,0.00018402367771319823,0.8373008066102695,0.006904355812122802,1.0000000000000002,0.0,0.9230769230769231,0
0.06451612903225806,0.03137679199350825,0.8432249004005901,0.054809309759409106,0.00018402367771319823,0.00018402367771319823,0.837497540822349,0.006904355812122802,1.0000000000000002,0.0,0.6153846153846154,0
0.06451612903225806,0.1712199080335407,0.8432249004005901,0.9935812825259706,0.00018402367771319823,0.00018402367771319823,0.7059479310118696,0.006904355812122802,1.0000000000000002,0.0,0.9230769230769231,0
0.0,0.0032458750338111974,0.8432249004005901,0.9935819564120055,0.00018402367771319823,0.00018402367771319823,0.5378385467899534,0.006904355812122802,1.0000000000000002,0.0,0.6153846153846154,0
0.0,0.0032458750338111974,0.7974237805591439,0.5759249705033349,0.00018402367771319823,0.00018402367771319823,0.007262771329267492,0.8702112306481238,1.0000000000000002,0.0,0.6538461538461539,0
0.0,0.0032458750338111974,0.8432249004005901,0.13449011522436638,0.00018402367771319823,0.00018402367771319823,0.682798872057184,0.006904355812122802,1.0000000000000002,0.0,0.6153846153846154,0
0.0,0.008385177170678928,0.8432249006789202,0.7541015403640807,0.00018402367771319823,0.00018402367771319823,0.9967538855006886,0.006904355812122802,1.0000000000000002,0.0,0.9230769230769231,0
0.0,0.0032458750338111974,0.8432249006789202,0.23201997141815664,0.00018402367771319823,0.00018402367771319823,0.924093383172667,0.006904355812122802,1.0000000000000002,0.0,0.6153846153846154,0
0.0,0.0032458750338111974,0.8432249006789202,0.6928023914695058,0.00018402367771319823,0.00018402367771319823,0.7071283362843465,0.006904355812122802,1.0000000000000002,0.0,0.6153846153846154,0
0.0,0.0,0.8432249009572502,0.4732518996747086,0.00018402367771319823,0.00018402367771319823,0.8739261590923995,0.006904355812122802,1.0000000000000002,0.0,0.6153846153846154,0
0.0,0.0032458750338111974,0.8432249009572502,0.792321206671915,0.00018402367771319823,0.00018402367771319823,0.9096006295494786,0.006904355812122802,1.0000000000000002,0.0,0.6153846153846154,0
0.0,0.0,0.8432249009572502,0.4732518996747086,0.00018402367771319823,0.00018402367771319823,0.8739261590923995,0.006904355812122802,1.0000000000000002,0.0,0.6153846153846154,0
0.0,0.0032458750338111974,0.8432249009572502,0.7923212011414592,0.00018402367771319823,0.00018402367771319823,0.8961571250573808,0.006904355812122802,1.0000000000000002,0.0,0.6153846153846154,0
0.0,0.0032458750338111974,0.8432249009572502,0.13449011522436638,0.00018402367771319823,0.00018402367771319823,0.9416027280477408,0.006904355812122802,1.0000000000000002,0.0,0.6153846153846154,0
0.0,0.013794968893697591,0.8432249004005901,0.1344901240730956,0.00018402367771319823,0.00018402367771319823,0.9894747196537477,0.006904355812122802,1.0000000000000002,0.0,0.9230769230769231,0
0.0,0.0032458750338111974,0.8432249006789202,0.6928023914695058,0.00018402367771319823,0.00018402367771319823,0.706931602072267,0.006904355812122802,1.0000000000000002,0.0,0.6153846153846154,0
0.0,0.017040843927508792,0.8432249006789202,0.15695823357857858,0.00018402367771319823,0.00018402367771319823,0.8982228342842153,0.006904355812122802,1.0000000000000002,0.0,0.9230769230769231,0
0.0,0.010819583446037328,0.8432248998439299,0.8378249165333039,1.0,0.00018402367771319823,0.0,0.02064746785620572,0.0,1.0,0.0,0
0.0,0.0032458750338111974,0.8432249009572502,0.05480932026727506,0.00018402367771319823,0.00018402367771319823,0.8353990425601678,0.006904355812122802,1.0000000000000002,0.0,0.6538461538461539,0
0.03225806451612903,0.04165539626724371,0.8432249006789202,0.6928023914695058,0.00018402367771319823,0.00018402367771319823,0.706931602072267,0.006904355812122802,1.0000000000000002,0.0,0.9230769230769231,0
0.0,0.0032458750338111974,0.8432249004005901,0.05480929925154315,0.00018402367771319823,0.00018402367771319823,0.5553151026296806,0.006904355812122802,1.0000000000000002,0.0,0.6153846153846154,0
0.03225806451612903,0.017311333513659724,0.8432249004005901,0.054809303952430555,0.00018402367771319823,0.00018402367771319823,0.9915732179159289,0.006904355812122802,1.0000000000000002,0.0,0.6153846153846154,0
0.0,0.0032458750338111974,0.8432249004005901,0.9935820081217669,0.00018402367771319823,0.00018402367771319823,0.858810413797626,0.006904355812122802,1.0000000000000002,0.0,0.6153846153846154,0
0.0,0.0032458750338111974,0.8432249004005901,0.9935812855677212,0.00018402367771319823,0.00018402367771319823,0.753000196734212,0.006904355812122802,1.0000000000000002,0.0,0.6153846153846154,0
0.0,0.09575331349743035,0.8432249004005901,0.7923319437752597,0.00018402367771319823,0.00018402367771319823,0.6334185848252344,0.006904355812122802,1.0000000000000002,0.0,0.9230769230769231,0
0.0,0.02975385447660265,0.8432249006789202,0.6928023914695058,0.00018402367771319823,0.00018402367771319823,0.7071283362843465,0.006904355812122802,1.0000000000000002,0.0,0.9230769230769231,0
0.03225806451612903,0.017311333513659724,0.8432249004005901,0.4162061684512988,0.00018402367771319823,0.00018402367771319823,0.9056003672371958,0.006904355812122802,1.0000000000000002,0.0,0.6153846153846154,0
0.0,0.14308899107384365,0.8432249004005901,0.4162061684512988,0.00018402367771319823,0.00018402367771319823,0.9058626795199685,0.006904355812122802,1.0000000000000002,0.0,0.9230769230769231,0
0.0,0.0032458750338111974,0.8432249006789202,0.15695823357857858,0.00018402367771319823,0.00018402367771319823,0.9015017378188733,0.006904355812122802,1.0000000000000002,0.0,0.6153846153846154,0
0.0,0.02461455233973492,0.8432249006789202,0.6927930472114455,0.00018402367771319823,0.00018402367771319823,0.631024985244934,0.006904355812122802,1.0000000000000002,0.0,0.9230769230769231,0
0.0,0.0032458750338111974,0.8432249009572502,0.05480932026727506,0.00018402367771319823,0.00018402367771319823,0.8462850022952324,0.006904355812122802,1.0000000000000002,0.0,0.6153846153846154,0
0.06451612903225806,0.03137679199350825,0.8432249009572502,0.054809303952430555,0.00018402367771319823,0.00018402367771319823,0.716145321004656,0.006904355812122802,1.0000000000000002,0.0,0.6153846153846154,0
0.0,0.0032458750338111974,0.8432249009572502,0.7923319437752597,0.00018402367771319823,0.00018402367771319823,0.7561807331628303,0.006904355812122802,1.0000000000000002,0.0,0.6153846153846154,0
0.0,0.0032458750338111974,0.8432249009572502,0.9935819547528687,0.00018402367771319823,0.00018402367771319823,0.9957702144402911,0.006904355812122802,1.0000000000000002,0.0,0.6153846153846154,0
0.0,0.0064917500676223965,0.8432249004005901,0.4162061684512988,0.00018402367771319823,0.00018402367771319823,0.9056003672371958,0.006904355812122802,1.0000000000000002,0.0,0.6153846153846154,0
0.03225806451612903,0.025696510684338654,0.8432249009572502,0.006534492588057052,0.00018402367771319823,0.00018402367771319823,0.9663256606990621,0.006904355812122802,1.0000000000000002,0.0,0.9230769230769231,0
0.0,0.055720854747092236,0.8432249009572502,0.4194870565823012,0.00018402367771319823,0.00018402367771319823,0.6928651059085841,0.006904355812122802,1.0000000000000002,0.0,0.9230769230769231,0
0.0,0.0032458750338111974,0.8432249009572502,0.474800241465561,0.00018402367771319823,0.00018402367771319823,0.6002688700898419,0.006904355812122802,1.0000000000000002,0.0,0.6153846153846154,0
0.03225806451612903,0.017311333513659724,0.8432249009572502,0.07747457309984032,0.00018402367771319823,0.00018402367771319823,0.969932454587186,0.006904355812122802,1.0000000000000002,0.0,0.6153846153846154,0
0.0,0.005409791723018665,0.8432249006789202,0.7541015403640807,0.00018402367771319823,0.00018402367771319823,0.5500688569742278,0.006904355812122802,1.0000000000000002,0.0,0.07692307692307693,0
0.0,0.026507979442791457,0.8432249006789202,0.6928023914695058,0.00018402367771319823,0.00018402367771319823,0.7071283362843465,0.006904355812122802,1.0000000000000002,0.0,0.9230769230769231,0
0.0,0.025426021098187722,0.8432249006789202,0.15695823357857858,0.00018402367771319823,0.00018402367771319823,0.9052068988130368,0.006904355812122802,1.0000000000000002,0.0,0.9230769230769231,0
0.03225806451612903,0.017311333513659724,0.8432249009572502,0.07747457309984032,0.00018402367771319823,0.00018402367771319823,0.969932454587186,0.006904355812122802,1.0000000000000002,0.0,0.6153846153846154,0
0.0,0.0064917500676223965,0.8432249009572502,0.4742318897996982,0.00018402367771319823,0.00018402367771319823,0.8416945373467112,0.006904355812122802,1.0000000000000002,0.0,0.6153846153846154,0
0.0,0.0032458750338111974,0.8432249009572502,0.05480932358554852,0.00018402367771319823,0.00018402367771319823,0.7381467637222112,0.006904355812122802,1.0000000000000002,0.0,0.6153846153846154,0
0.0,0.0032458750338111974,0.8432249009572502,0.474800241465561,0.00018402367771319823,0.00018402367771319823,0.6002688700898419,0.006904355812122802,1.0000000000000002,0.0,0.6153846153846154,0
0.0,0.0032458750338111974,0.8432249006789202,0.6928023914695058,0.00018402367771319823,0.00018402367771319823,0.7071283362843465,0.006904355812122802,1.0000000000000002,0.0,0.6153846153846154,0
0.0,0.14660535569380578,0.8432249006789202,0.15695823357857858,0.00018402367771319823,0.00018402367771319823,0.9014361597481801,0.006904355812122802,1.0000000000000002,0.0,0.9230769230769231,0
0.0967741935483871,0.045442250473356774,0.8432249009572502,0.054809305611567286,0.00018402367771319823,0.00018402367771319823,0.6303364155026558,0.006904355812122802,1.0000000000000002,0.0,0.6153846153846154,0
0.0967741935483871,0.045442250473356774,0.8432249009572502,0.7923319437752597,0.00018402367771319823,0.00018402367771319823,0.7602465735458063,0.006904355812122802,1.0000000000000002,0.0,0.6153846153846154,0
0.0,0.013794968893697591,0.8432249009572502,0.7923212011414592,0.00018402367771319823,0.00018402367771319823,0.9120925962358187,0.006904355812122802,1.0000000000000002,0.0,0.9230769230769231,0
0.0,0.0032458750338111974,0.8432249004005901,0.05480932026727506,0.00018402367771319823,0.00018402367771319823,0.734343235622008,0.006904355812122802,1.0000000000000002,0.0,0.6153846153846154,0
0.06451612903225806,0.03137679199350825,0.8432249004005901,0.054809309759409106,0.00018402367771319823,0.00018402367771319823,0.8507771001377139,0.006904355812122802,1.0000000000000002,0.0,0.6153846153846154,0
0.03225806451612903,0.017311333513659724,0.8432249004005901,0.9935819550293915,0.00018402367771319823,0.00018402367771319823,0.8341858482523443,0.006904355812122802,1.0000000000000002,0.0,0.6153846153846154,0
0.0,0.0032458750338111974,0.8432249009572502,0.9935819550293915,0.00018402367771319823,0.00018402367771319823,0.5459374385205586,0.0009511939123589609,1.0000000000000002,0.0,0.6153846153846154,0
0.0967741935483871,0.045442250473356774,0.8432249009572502,0.7923319468170104,0.00018402367771319823,0.00018402367771319823,0.6933241524034363,0.006904355812122802,1.0000000000000002,0.0,0.6153846153846154,0
0.0,0.0032458750338111974,0.8432249009572502,0.9935818222984533,0.00018402367771319823,0.00018402367771319823,0.8454980654469145,0.006904355812122802,1.0000000000000002,0.0,0.6153846153846154,0
0.22580645161290322,0.10170408439275087,0.8432249009572502,0.7536743392024315,0.00018402367771319823,0.00018402367771319823,0.8384812118827464,0.006904355812122802,1.0000000000000002,0.0,0.6153846153846154,0
0.0,0.0032458750338111974,0.8432249009572502,0.7923319468170104,0.00018402367771319823,0.00018402367771319823,0.6962423765492819,0.006904355812122802,1.0000000000000002,0.0,0.6153846153846154,0
0.0,0.0032458750338111974,0.8432249009572502,0.9935819602833246,0.00018402367771319823,0.00018402367771319823,0.9089776378778935,0.006904355812122802,1.0000000000000002,0.0,0.6153846153846154,0
0.0,0.0032458750338111974,0.8432249004005901,0.7965523294167551,0.00018402367771319823,0.00018402367771319823,0.620335759721949,0.006904355812122802,1.0000000000000002,0.0,0.6153846153846154,0
0.03225806451612903,0.017311333513659724,0.8432249004005901,0.9935812852911984,0.00018402367771319823,0.00018402367771319823,0.6465997770345596,0.006904355812122802,1.0000000000000002,0.0,0.6153846153846154,0
0.0,0.0032458750338111974,0.8432249004005901,0.9935820081217669,0.00018402367771319823,0.00018402367771319823,0.869434061249918,0.006904355812122802,1.0000000000000002,0.0,0.6153846153846154,0
0.0,0.0032458750338111974,0.8432249004005901,0.7923212008649364,0.00018402367771319823,0.00018402367771319823,0.8134303888779592,0.006904355812122802,1.0000000000000002,0.0,0.6153846153846154,0
0.0,0.0032458750338111974,0.8432249004005901,0.9615976223659248,0.00018402367771319823,0.00018402367771319823,0.6239425536100728,0.006904355812122802,1.0000000000000002,0.0,0.6153846153846154,0
0.0,0.0032458750338111974,0.8432249004005901,0.9615976223659248,0.00018402367771319823,0.00018402367771319823,0.6239097645747261,0.006904355812122802,1.0000000000000002,0.0,0.6153846153846154,0
0.0,0.0032458750338111974,0.15790817809107002,0.5759249705033349,0.00018402367771319823,0.00018402367771319823,0.007262771329267492,0.9075045919706113,1.0000000000000002,0.0,0.6538461538461539,0
0.0,0.0032458750338111974,0.8432249006789202,0.6928023914695058,0.00018402367771319823,0.00018402367771319823,0.706931602072267,0.006904355812122802,1.0000000000000002,0.0,0.6153846153846154,0
0.06451612903225806,0.04192588585339464,0.8432249004005901,0.7923319468170104,0.00018402367771319823,0.00018402367771319823,0.9492753623188405,0.006904355812122802,1.0000000000000002,0.0,0.9230769230769231,0
0.03225806451612903,0.06329456315931836,0.8432249009572502,0.07747457309984032,0.00018402367771319823,0.00018402367771319823,0.9773099875401665,0.006904355812122802,1.0000000000000002,0.0,0.9230769230769231,0
0.0,0.0032458750338111974,0.8432249004005901,0.7965523294167551,0.00018402367771319823,0.00018402367771319823,0.6203029706866023,0.006904355812122802,1.0000000000000002,0.0,0.6153846153846154,0
0.0,0.0032458750338111974,0.8432249009572502,0.7536743392024315,0.00018402367771319823,0.00018402367771319823,0.8384812118827464,0.006904355812122802,1.0000000000000002,0.0,0.6153846153846154,0
0.0,0.0032458750338111974,0.8432249004005901,0.3360099789840441,0.00018402367771319823,0.00018402367771319823,0.9983277591973243,0.006904355812122802,1.0000000000000002,0.0,0.6153846153846154,0
0.0,0.0032458750338111974,0.8432249004005901,0.3360099789840441,0.00018402367771319823,0.00018402367771319823,0.9982949701619778,0.006904355812122802,1.0000000000000002,0.0,0.6153846153846154,0
0.0,0.0032458750338111974,0.8432249004005901,0.7923319468170104,0.00018402367771319823,0.00018402367771319823,0.9492753623188405,0.006904355812122802,1.0000000000000002,0.0,0.6153846153846154,0
0.0,0.0032458750338111974,0.8432249004005901,0.7965523294167551,0.00018402367771319823,0.00018402367771319823,0.620335759721949,0.006904355812122802,1.0000000000000002,0.0,0.6153846153846154,0
0.0,0.0032458750338111974,0.8432249004005901,0.7965523294167551,0.00018402367771319823,0.00018402367771319823,0.6202373926159092,0.006904355812122802,1.0000000000000002,0.0,0.6153846153846154,0
0.0,0.005409791723018665,0.8432249004005901,0.9935820111635175,0.00018402367771319823,0.00018402367771319823,0.5873827791986359,0.006904355812122802,1.0000000000000002,0.0,0.07692307692307693,0
0.0,0.0032458750338111974,0.8432249009572502,0.7923212099901884,0.00018402367771319823,0.00018402367771319823,0.70834153059217,0.006904355812122802,1.0000000000000002,0.0,0.6153846153846154,0
0.0,0.0032458750338111974,0.9999999432206598,0.5759249705033349,0.00018402367771319823,0.00018402367771319823,0.007262771329267492,0.9957360272894252,1.0000000000000002,0.0,0.6538461538461539,0
0.0,0.19421152285637003,0.8432249006789202,0.7541015403640807,0.00018402367771319823,0.00018402367771319823,0.5500688569742278,0.006904355812122802,1.0000000000000002,0.0,0.9230769230769231,0
0.0,0.0032458750338111974,0.8432249006789202,0.23201997141815664,0.00018402367771319823,0.00018402367771319823,0.924093383172667,0.006904355812122802,1.0000000000000002,0.0,0.6153846153846154,0
0.0,0.0032458750338111974,0.8432249006789202,0.15695823357857858,0.00018402367771319823,0.00018402367771319823,0.9131418453669092,0.006904355812122802,1.0000000000000002,0.0,0.6153846153846154,0
0.0,0.0064917500676223965,0.8432249006789202,0.15695823357857858,0.00018402367771319823,0.00018402367771319823,0.9131090563315627,0.006904355812122802,1.0000000000000002,0.0,0.6153846153846154,0
0.0,0.010819583446037328,0.8432248998439299,0.8378249162567811,1.0,0.00018402367771319823,0.0,0.02064746785620572,0.0,1.0,0.0,0
0.0,0.0032458750338111974,0.8432249006789202,0.05480932026727506,0.00018402367771319823,0.00018402367771319823,0.8536625352482129,0.006904355812122802,1.0000000000000002,0.0,0.6538461538461539,0
0.0,0.0032458750338111974,0.8432249004005901,0.05480929925154315,0.00018402367771319823,0.00018402367771319823,0.570201324677028,0.006904355812122802,1.0000000000000002,0.0,0.6153846153846154,0
0.0,0.0032458750338111974,0.8432249004005901,0.054809309759409106,0.00018402367771319823,0.00018402367771319823,0.8561872909698997,0.006904355812122802,1.0000000000000002,0.0,0.6153846153846154,0
0.0,0.0032458750338111974,0.8432249004005901,0.7923319437752597,0.00018402367771319823,0.00018402367771319823,0.648206439766542,0.006904355812122802,1.0000000000000002,0.0,0.6153846153846154,0
0.03225806451612903,0.017311333513659724,0.8432249004005901,0.9935812825259706,0.00018402367771319823,0.00018402367771319823,0.7246704701947668,0.006904355812122802,1.0000000000000002,0.0,0.6153846153846154,0
0.0,0.0032458750338111974,0.8432249004005901,0.7923212102667112,0.00018402367771319823,0.00018402367771319823,0.772608039871467,0.0009511939123589609,1.0000000000000002,0.0,0.6153846153846154,0
0.0,0.0,0.8432249006789202,0.7541015403640807,0.00018402367771319823,0.00018402367771319823,0.5605613482851334,0.006904355812122802,1.0000000000000002,0.0,0.6153846153846154,0
0.0,0.0032458750338111974,0.8432249006789202,0.9935812783781287,0.00018402367771319823,0.00018402367771319823,0.6321398124467178,0.006904355812122802,1.0000000000000002,0.0,0.6153846153846154,0
0.0,0.0032458750338111974,0.8432249004005901,0.792321201417982,0.00018402367771319823,0.00018402367771319823,0.8893042166699455,0.006904355812122802,1.0000000000000002,0.0,0.6153846153846154,0
0.0,0.0,0.8432249004005901,0.47331948571547444,0.00018402367771319823,0.00018402367771319823,0.7178831398780248,0.006904355812122802,1.0000000000000002,0.0,0.6153846153846154,0
0.0,0.0032458750338111974,0.8432249009572502,0.054809305611567286,0.00018402367771319823,0.00018402367771319823,0.6403698603187093,0.006904355812122802,1.0000000000000002,0.0,0.6153846153846154,0
0.06451612903225806,0.03137679199350825,0.8432249009572502,0.054809305611567286,0.00018402367771319823,0.00018402367771319823,0.6404354383894025,0.006904355812122802,1.0000000000000002,0.0,0.6153846153846154,0
0.03225806451612903,0.1182039491479578,0.8432249009572502,0.05480929206195066,0.00018402367771319823,0.00018402367771319823,0.7480490523968785,0.006904355812122802,1.0000000000000002,0.0,0.9230769230769231,0
0.06451612903225806,0.07546659453611036,0.8432249009572502,0.7923319437752597,0.00018402367771319823,0.00018402367771319823,0.7703455964325528,0.006904355812122802,1.0000000000000002,0.0,0.9230769230769231,0
0.03225806451612903,0.050852042196375444,0.8432249009572502,0.10094262384948473,0.00018402367771319823,0.00018402367771319823,0.7325070496425995,0.006904355812122802,1.0000000000000002,0.0,0.9230769230769231,0
0.0,0.0032458750338111974,0.8432249009572502,6.549525196394325e-05,0.00018402367771319823,0.00018402367771319823,0.9649813102498523,0.006904355812122802,1.0000000000000002,0.0,0.6153846153846154,0
0.0,0.005409791723018665,0.10152645895289601,0.5759249705033349,0.00018402367771319823,0.00018402367771319823,0.007262771329267492,0.7327145106271319,1.0000000000000002,0.16666666666666666,0.6923076923076923,0
0.0,0.04138490668109278,0.8432249009572502,0.10094262384948473,0.00018402367771319823,0.00018402367771319823,0.7328021509607187,0.006904355812122802,1.0000000000000002,0.0,0.9230769230769231,0
0.0,0.0,0.8432249006789202,0.7541015403640807,0.00018402367771319823,0.00018402367771319823,0.5605613482851334,0.006904355812122802,1.0000000000000002,0.0,0.6153846153846154,0
0.0,0.0,0.8432249006789202,0.15695823357857858,0.00018402367771319823,0.00018402367771319823,0.9196012853301855,0.006904355812122802,1.0000000000000002,0.0,0.15384615384615385,0
0.0,0.005409791723018665,0.8432249004005901,7.542269658468957e-05,0.00018402367771319823,0.00018402367771319823,0.9659321922749032,0.0009511939123589609,1.0000000000000002,0.0,0.07692307692307693,0
0.0,0.0032458750338111974,0.8432249004005901,0.05480932026727506,0.00018402367771319823,0.00018402367771319823,0.7461800773821233,0.006904355812122802,1.0000000000000002,0.0,0.6153846153846154,0
0.0967741935483871,0.045442250473356774,0.8432249004005901,0.05480930312286218,0.00018402367771319823,0.00018402367771319823,0.872942488032002,0.006904355812122802,1.0000000000000002,0.0,0.6153846153846154,0
0.0,0.0032458750338111974,0.8432249004005901,0.7923319437752597,0.00018402367771319823,0.00018402367771319823,0.6546658797298183,0.006904355812122802,1.0000000000000002,0.0,0.6153846153846154,0
0.0,0.010819583446037328,0.8432248998439299,0.8378249165333039,1.0,0.00018402367771319823,0.0,0.02064746785620572,0.0,1.0,0.0,0
0.0,0.0032458750338111974,0.8432249009572502,0.7923319437752597,0.00018402367771319823,0.00018402367771319823,0.7897239163223817,0.0009511939123589609,1.0000000000000002,0.0,0.6538461538461539,0
0.0,0.0032458750338111974,0.8432249006789202,0.05480932026727506,0.00018402367771319823,0.00018402367771319823,0.8630074103219882,0.006904355812122802,1.0000000000000002,0.0,0.6153846153846154,0
0.0,0.03732756288882878,0.8432249006789202,0.05480932026727506,0.00018402367771319823,0.00018402367771319823,0.8634008787461472,0.006904355812122802,1.0000000000000002,0.0,0.9230769230769231,0
0.0967741935483871,0.045442250473356774,0.8432249006789202,0.054809309759409106,0.00018402367771319823,0.00018402367771319823,0.6439766542068331,0.006904355812122802,1.0000000000000002,0.0,0.6153846153846154,0
0.03225806451612903,0.017311333513659724,0.8432249006789202,0.7923319437752597,0.00018402367771319823,0.00018402367771319823,0.8089055020001311,0.006904355812122802,1.0000000000000002,0.0,0.6153846153846154,0
0.06451612903225806,0.03137679199350825,0.8432249004005901,0.054809309759409106,0.00018402367771319823,0.00018402367771319823,0.8650403305134763,0.006904355812122802,1.0000000000000002,0.0,0.6153846153846154,0
0.0,0.0032458750338111974,0.8432249006789202,0.9935812734007184,0.00018402367771319823,0.00018402367771319823,0.7900845957111942,0.006904355812122802,1.0000000000000002,0.0,0.6153846153846154,0
0.0,0.0032458750338111974,0.8432249004005901,0.7923319468170104,0.00018402367771319823,0.00018402367771319823,0.9612105711849956,0.006904355812122802,1.0000000000000002,0.0,0.6153846153846154,0
0.0,0.013794968893697591,0.8432249004005901,0.7923319437752597,0.00018402367771319823,0.00018402367771319823,0.6546658797298183,0.006904355812122802,1.0000000000000002,0.0,0.9230769230769231,0
0.06451612903225806,0.04192588585339464,0.8432249006789202,0.7923319437752597,0.00018402367771319823,0.00018402367771319823,0.8089055020001311,0.006904355812122802,1.0000000000000002,0.0,0.9230769230769231,0
0.0,0.0032458750338111974,0.8432249006789202,0.6928023242744683,0.00018402367771319823,0.00018402367771319823,0.5832185717096202,0.006904355812122802,1.0000000000000002,0.0,0.6153846153846154,0
0.0967741935483871,0.18528536651338923,0.8432249006789202,0.6928023242744683,0.00018402367771319823,0.00018402367771319823,0.583480883992393,0.006904355812122802,1.0000000000000002,0.0,0.9230769230769231,0
0.0,0.0032458750338111974,0.8432249006789202,0.05480839170375214,0.00018402367771319823,0.00018402367771319823,0.6951275493474981,0.0009511939123589609,1.0000000000000002,0.0,0.6153846153846154,0
0.0,0.14308899107384365,0.8432249004005901,0.05480932026727506,0.00018402367771319823,0.00018402367771319823,0.7508361204013377,0.006904355812122802,1.0000000000000002,0.0,0.9230769230769231,0
0.0,0.0032458750338111974,0.8432249004005901,0.054809309759409106,0.00018402367771319823,0.00018402367771319823,0.8670732507049642,0.006904355812122802,1.0000000000000002,0.0,0.6153846153846154,0
0.03225806451612903,0.017311333513659724,0.8432249004005901,0.054809309759409106,0.00018402367771319823,0.00018402367771319823,0.8671388287756574,0.006904355812122802,1.0000000000000002,0.0,0.6153846153846154,0
0.0,0.0032458750338111974,0.8432249004005901,0.9935818222984533,0.00018402367771319823,0.00018402367771319823,0.6064659977703456,0.006904355812122802,1.0000000000000002,0.0,0.6153846153846154,0
0.03225806451612903,0.027860427373546118,0.8432249004005901,0.7923319437752597,0.00018402367771319823,0.00018402367771319823,0.65905961046626,0.006904355812122802,1.0000000000000002,0.0,0.9230769230769231,0
0.0,0.11225317825263728,0.8432249004005901,0.05480932026727506,0.00018402367771319823,0.00018402367771319823,0.7524427831333201,0.006904355812122802,1.0000000000000002,0.0,0.9230769230769231,0
0.0,0.005409791723018665,0.8432249004005901,0.054809302569816615,0.00018402367771319823,0.00018402367771319823,0.7394583251360745,0.006904355812122802,1.0000000000000002,0.0,0.07692307692307693,0
0.0,0.10089261563429808,0.8432249004005901,0.05480932026727506,0.00018402367771319823,0.00018402367771319823,0.7529674076988655,0.006904355812122802,1.0000000000000002,0.0,0.9230769230769231,0
0.0,0.1206383554233162,0.8432249004005901,0.05480929593326969,0.00018402367771319823,0.00018402367771319823,0.8719260279362581,0.006904355812122802,1.0000000000000002,0.0,0.9230769230769231,0
0.0,0.0032458750338111974,0.8432249004005901,0.054809303952430555,0.00018402367771319823,0.00018402367771319823,0.5562331956193849,0.006904355812122802,1.0000000000000002,0.0,0.6153846153846154,0
0.03225806451612903,0.017311333513659724,0.8432249004005901,0.9935818222984533,0.00018402367771319823,0.00018402367771319823,0.6081710276083677,0.006904355812122802,1.0000000000000002,0.0,0.6153846153846154,0
0.0,0.0032458750338111974,0.8432249006789202,0.6928023242744683,0.00018402367771319823,0.00018402367771319823,0.5832185717096202,0.006904355812122802,1.0000000000000002,0.0,0.6153846153846154,0
0.0,0.0,0.8432249004005901,0.473215723027891,0.00018402367771319823,0.00018402367771319823,0.638140205915142,0.006904355812122802,1.0000000000000002,0.0,0.6153846153846154,0
0.03225806451612903,0.017311333513659724,0.8432249004005901,0.00010277356556989865,0.00018402367771319823,0.00018402367771319823,0.8635976129582267,0.006904355812122802,1.0000000000000002,0.0,0.6153846153846154,0
0.0,0.0032458750338111974,0.8432249004005901,0.7923319434987369,0.00018402367771319823,0.00018402367771319823,0.6521083349727851,0.006904355812122802,1.0000000000000002,0.0,0.6153846153846154,0
0.0,0.0032458750338111974,0.8432249004005901,0.8502663993304448,0.00018402367771319823,0.00018402367771319823,0.6544691455177388,0.006904355812122802,1.0000000000000002,0.0,0.6153846153846154,0
0.03225806451612903,0.017311333513659724,0.8432249004005901,0.7923212097136656,0.00018402367771319823,0.00018402367771319823,0.9001901764050101,0.006904355812122802,1.0000000000000002,0.0,0.6153846153846154,0
0.0,0.0032458750338111974,0.8432249004005901,0.7923319437752597,0.00018402367771319823,0.00018402367771319823,0.6625352482129976,0.006904355812122802,1.0000000000000002,0.0,0.6153846153846154,0
0.0,0.0032458750338111974,0.8432249004005901,0.4732156522380572,0.00018402367771319823,0.00018402367771319823,0.6032526723063807,0.006904355812122802,1.0000000000000002,0.0,0.6153846153846154,0
0.0,0.013524479307546659,0.8432249004005901,0.23272728573993237,0.00018402367771319823,0.00018402367771319823,0.8822217850350842,0.006904355812122802,1.0000000000000002,0.0,0.9230769230769231,0
0.0,0.0032458750338111974,0.8432249009572502,0.23175784551235984,0.00018402367771319823,0.00018402367771319823,0.9939340284608826,0.006904355812122802,1.0000000000000002,0.0,0.6153846153846154,0
0.0,0.0032458750338111974,0.8432249004005901,0.7923319434987369,0.00018402367771319823,0.00018402367771319823,0.6521083349727851,0.006904355812122802,1.0000000000000002,0.0,0.6153846153846154,0
0.0,0.011631052204490127,0.8432249004005901,0.9789528429377129,0.00018402367771319823,0.00018402367771319823,0.7216538789428815,0.006904355812122802,1.0000000000000002,0.0,0.9230769230769231,0
0.03225806451612903,0.017311333513659724,0.8432249004005901,0.0978818445396511,0.00018402367771319823,0.00018402367771319823,0.6505016722408027,0.006904355812122802,1.0000000000000002,0.0,0.6153846153846154,0
0.0,0.0032458750338111974,0.8432249006789202,0.6928023242744683,0.00018402367771319823,0.00018402367771319823,0.5832185717096202,0.006904355812122802,1.0000000000000002,0.0,0.6153846153846154,0
0.0,0.14308899107384365,0.8432249004005901,0.10100282396657659,0.00018402367771319823,0.00018402367771319823,0.65905961046626,0.006904355812122802,1.0000000000000002,0.0,0.9230769230769231,0
0.0,0.0,0.8432249004005901,1.0,0.00018402367771319823,0.00018402367771319823,0.6157452947734278,0.006904355812122802,1.0000000000000002,0.0,0.6153846153846154,0
0.0,0.005409791723018665,0.055091614041435734,0.5759249705033349,0.00018402367771319823,0.00018402367771319823,0.007262771329267492,0.5887562319601154,1.0000000000000002,0.0,0.6923076923076923,0
0.0,0.0032458750338111974,0.8432249006789202,0.6928023242744683,0.00018402367771319823,0.00018402367771319823,0.5832185717096202,0.006904355812122802,1.0000000000000002,0.0,0.6153846153846154,0
0.0,0.0032458750338111974,0.8432249004005901,0.054809305611567286,0.00018402367771319823,0.00018402367771319823,0.6255164273067086,0.006904355812122802,1.0000000000000002,0.0,0.6153846153846154,0
0.03225806451612903,0.017311333513659724,0.8432249004005901,0.054809303952430555,0.00018402367771319823,0.00018402367771319823,0.5621024329464227,0.006904355812122802,1.0000000000000002,0.0,0.6153846153846154,0
0.0967741935483871,0.045442250473356774,0.8432249004005901,0.9935819550293915,0.00018402367771319823,0.00018402367771319823,0.8580234769493081,0.006904355812122802,1.0000000000000002,0.0,0.6153846153846154,0
0.0,0.0032458750338111974,0.8432249004005901,0.9935819550293915,0.00018402367771319823,0.00018402367771319823,0.8580234769493081,0.006904355812122802,1.0000000000000002,0.0,0.6153846153846154,0
0.0,0.0032458750338111974,0.8432249004005901,0.7923212102667112,0.00018402367771319823,0.00018402367771319823,0.7920519378319889,0.0009511939123589609,1.0000000000000002,0.0,0.6153846153846154,0
0.0,0.0032458750338111974,0.8432249009572502,0.0001328152778075093,0.00018402367771319823,0.00018402367771319823,0.6302052593612696,0.0009511939123589609,1.0000000000000002,0.0,0.6153846153846154,0
0.0,0.0032458750338111974,0.8432249009572502,0.05480932026727506,0.00018402367771319823,0.00018402367771319823,0.8791396157125057,0.006904355812122802,1.0000000000000002,0.0,0.6153846153846154,0
0.0,0.0032458750338111974,0.8432249009572502,0.05480932026727506,0.00018402367771319823,0.00018402367771319823,0.8794675060659715,0.006904355812122802,1.0000000000000002,0.0,0.6153846153846154,0
0.03225806451612903,0.017311333513659724,0.8432249009572502,0.054809303952430555,0.00018402367771319823,0.00018402367771319823,0.7487704111745032,0.006904355812122802,1.0000000000000002,0.0,0.6153846153846154,0
0.0,0.14308899107384365,0.8432249009572502,0.9935818253402039,0.00018402367771319823,0.00018402367771319823,0.695061971276805,0.006904355812122802,1.0000000000000002,0.0,0.9230769230769231,0
0.03225806451612903,0.017311333513659724,0.8432249009572502,0.7923319437752597,0.00018402367771319823,0.00018402367771319823,0.7885107220145583,0.006904355812122802,1.0000000000000002,0.0,0.6153846153846154,0
0.0,0.0032458750338111974,0.8432249009572502,0.9935820111635175,0.00018402367771319823,0.00018402367771319823,0.9628828119876712,0.006904355812122802,1.0000000000000002,0.0,0.6153846153846154,0
0.0967741935483871,0.045442250473356774,0.8432249009572502,0.7923212133084618,0.00018402367771319823,0.00018402367771319823,0.7832316873237589,0.006904355812122802,1.0000000000000002,0.0,0.6153846153846154,0
0.0,0.0032458750338111974,0.8432249009572502,0.7923212130319391,0.00018402367771319823,0.00018402367771319823,0.7323103154305199,0.006904355812122802,1.0000000000000002,0.0,0.6153846153846154,0
0.0,0.0032458750338111974,0.8432249009572502,0.9935819569650511,0.00018402367771319823,0.00018402367771319823,0.8286117122434258,0.006904355812122802,1.0000000000000002,0.0,0.6153846153846154,0
0.0,0.0032458750338111974,0.8432249009572502,0.7923212155206442,0.00018402367771319823,0.00018402367771319823,0.9548822873631058,0.006904355812122802,1.0000000000000002,0.0,0.6153846153846154,0
0.0,0.0032458750338111974,0.8432249009572502,0.9935819544763459,0.00018402367771319823,0.00018402367771319823,0.8531706997180143,0.006904355812122802,1.0000000000000002,0.0,0.6153846153846154,0
0.0,0.0032458750338111974,0.8432249009572502,0.9935820111635175,0.00018402367771319823,0.00018402367771319823,0.9633090694471768,0.006904355812122802,1.0000000000000002,0.0,0.6153846153846154,0
0.03225806451612903,0.017311333513659724,0.8432249009572502,0.7965428604469174,0.00018402367771319823,0.00018402367771319823,0.5392156862745098,0.006904355812122802,1.0000000000000002,0.0,0.6153846153846154,0
0.0,0.0032458750338111974,0.8432249009572502,0.9935819550293915,0.00018402367771319823,0.00018402367771319823,0.5744311102367368,0.0009511939123589609,1.0000000000000002,0.0,0.6153846153846154,0
0.0,0.0032458750338111974,0.8432249004005901,0.9935818222984533,0.00018402367771319823,0.00018402367771319823,0.6192209325201652,0.006904355812122802,1.0000000000000002,0.0,0.6153846153846154,0
0.0,0.0032458750338111974,0.8432249004005901,0.9935819550293915,0.00018402367771319823,0.00018402367771319823,0.8634664568168404,0.006904355812122802,1.0000000000000002,0.0,0.6153846153846154,0
0.0,0.0032458750338111974,0.8432249009572502,0.7965428604469174,0.00018402367771319823,0.00018402367771319823,0.5392156862745098,0.006904355812122802,1.0000000000000002,0.0,0.6153846153846154,0
0.16129032258064516,0.07357316743305382,0.8432249004005901,0.054809309759409106,0.00018402367771319823,0.00018402367771319823,0.8801232867729031,0.006904355812122802,1.0000000000000002,0.0,0.6153846153846154,0
0.03225806451612903,0.06086015688395997,0.8432249004005901,0.4162061728756634,0.00018402367771319823,0.00018402367771319823,0.7762148337595908,0.006904355812122802,1.0000000000000002,0.0,0.9230769230769231,0
0.0,0.0064917500676223965,0.8432249009572502,0.9935819544763459,0.00018402367771319823,0.00018402367771319823,0.8531706997180143,0.006904355812122802,1.0000000000000002,0.0,0.6153846153846154,0
0.0,0.0032458750338111974,0.8432249004005901,0.05480929925154315,0.00018402367771319823,0.00018402367771319823,0.5946291560102301,0.006904355812122802,1.0000000000000002,0.0,0.6153846153846154,0
0.0,0.0032458750338111974,0.8432249009572502,0.9935812855677212,0.00018402367771319823,0.00018402367771319823,0.8977309987540166,0.006904355812122802,1.0000000000000002,0.0,0.6153846153846154,0
0.06451612903225806,0.03137679199350825,0.8432249009572502,0.33600997787795295,0.00018402367771319823,0.00018402367771319823,0.6279756049577021,0.006904355812122802,1.0000000000000002,0.0,0.6153846153846154,0
0.0,0.0032458750338111974,0.8432249009572502,0.9935819550293915,0.00018402367771319823,0.00018402367771319823,0.574332743130697,0.0009511939123589609,1.0000000000000002,0.0,0.6153846153846154,0
0.0,0.0032458750338111974,0.8432249009572502,0.9935820111635175,0.00018402367771319823,0.00018402367771319823,0.9633090694471768,0.006904355812122802,1.0000000000000002,0.0,0.6153846153846154,0
0.0,0.0032458750338111974,0.8432249009572502,0.3360149782395328,0.00018402367771319823,0.00018402367771319823,0.748475309856384,0.006904355812122802,1.0000000000000002,0.0,0.6153846153846154,0
0.0,0.0032458750338111974,0.8432249009572502,0.05480932026727506,0.00018402367771319823,0.00018402367771319823,0.8794675060659715,0.006904355812122802,1.0000000000000002,0.0,0.6153846153846154,0
0.0,0.0032458750338111974,0.8432249009572502,0.7965428604469174,0.00018402367771319823,0.00018402367771319823,0.53911731916847,0.006904355812122802,1.0000000000000002,0.0,0.6538461538461539,0
0.0,0.0032458750338111974,0.8432249009572502,0.9935819550293915,0.00018402367771319823,0.00018402367771319823,0.5783002164076333,0.0009511939123589609,1.0000000000000002,0.0,0.6538461538461539,0
0.0,0.0032458750338111974,0.8432249006789202,0.05480929925154315,0.00018402367771319823,0.00018402367771319823,0.5673158895665289,0.006904355812122802,1.0000000000000002,0.0,0.6153846153846154,0
0.0,0.0032458750338111974,0.8432249006789202,0.054809305335044495,0.00018402367771319823,0.00018402367771319823,0.552626401731261,0.006904355812122802,1.0000000000000002,0.0,0.6153846153846154,0
0.12903225806451613,0.0595077089532053,0.8432249006789202,0.054809305611567286,0.00018402367771319823,0.00018402367771319823,0.9330120007869368,0.006904355812122802,1.0000000000000002,0.0,0.6153846153846154,0
0.0,0.011631052204490127,0.8432249006789202,0.9935819550293915,0.00018402367771319823,0.00018402367771319823,0.9107810348219555,0.006904355812122802,1.0000000000000002,0.0,0.9230769230769231,0
0.0,0.005409791723018665,0.8432249006789202,0.9935812855677212,0.00018402367771319823,0.00018402367771319823,0.9655387238507442,0.006904355812122802,1.0000000000000002,0.0,0.07692307692307693,0
0.03225806451612903,0.027860427373546118,0.8432249006789202,0.9935819550293915,0.00018402367771319823,0.00018402367771319823,0.9106498786805691,0.006904355812122802,1.0000000000000002,0.0,0.9230769230769231,0
0.0,0.0032458750338111974,0.8432249006789202,0.7923212099901884,0.00018402367771319823,0.00018402367771319823,0.5718735654797036,0.006904355812122802,1.0000000000000002,0.0,0.6153846153846154,0
0.1935483870967742,0.08763862591290235,0.8432249006789202,0.9935820111635175,0.00018402367771319823,0.00018402367771319823,0.8507443111023673,0.006904355812122802,1.0000000000000002,0.0,0.6153846153846154,0
0.0,0.0032458750338111974,0.8432249006789202,0.7923212130319391,0.00018402367771319823,0.00018402367771319823,0.6821103023149059,0.006904355812122802,1.0000000000000002,0.0,0.6153846153846154,0
0.0,0.0032458750338111974,0.8432249006789202,0.9935818217454077,0.00018402367771319823,0.00018402367771319823,0.939635385926946,0.006904355812122802,1.0000000000000002,0.0,0.6153846153846154,0
0.0,0.05842575060860157,0.8432249006789202,0.9935812855677212,0.00018402367771319823,0.00018402367771319823,0.966489605875795,0.006904355812122802,1.0000000000000002,0.0,0.9230769230769231,0
0.0967741935483871,0.045442250473356774,0.8432249006789202,0.3360033775555204,0.00018402367771319823,0.00018402367771319823,0.9376680438061512,0.006904355812122802,1.0000000000000002,0.0,0.6153846153846154,0
0.0,0.10035163646199621,0.8432249006789202,0.3360033775555204,0.00018402367771319823,0.00018402367771319823,0.9377008328414977,0.006904355812122802,1.0000000000000002,0.0,0.9230769230769231,0
0.0,0.0032458750338111974,0.8432249006789202,0.7923212155206442,0.00018402367771319823,0.00018402367771319823,0.5519050429536363,0.006904355812122802,1.0000000000000002,0.0,0.6153846153846154,0
0.0,0.009737625101433596,0.8432249004005901,0.4027007539950462,0.00018402367771319823,0.00018402367771319823,0.6028919929175683,0.006904355812122802,1.0000000000000002,0.0,0.9230769230769231,0
0.0967741935483871,0.045442250473356774,0.8432249004005901,0.054809309759409106,0.00018402367771319823,0.00018402367771319823,0.8860253131352875,0.006904355812122802,1.0000000000000002,0.0,0.6153846153846154,0
0.03225806451612903,0.017311333513659724,0.8432249004005901,0.9935812825259706,0.00018402367771319823,0.00018402367771319823,0.7545084923601547,0.006904355812122802,1.0000000000000002,0.0,0.6153846153846154,0
0.0,0.14308899107384365,0.8432249009572502,0.05480932026727506,0.00018402367771319823,0.00018402367771319823,0.889730474129451,0.006904355812122802,1.0000000000000002,0.0,0.9230769230769231,0
0.0,0.0032458750338111974,0.8432249009572502,0.054809305611567286,0.00018402367771319823,0.00018402367771319823,0.6690274772116204,0.006904355812122802,1.0000000000000002,0.0,0.6153846153846154,0
0.03225806451612903,0.017311333513659724,0.8432249009572502,0.05480930312286218,0.00018402367771319823,0.00018402367771319823,0.6528296937504098,0.006904355812122802,1.0000000000000002,0.0,0.6153846153846154,0
0.06451612903225806,0.1582364078982959,0.8432249009572502,0.9935819550293915,0.00018402367771319823,0.00018402367771319823,0.7175880385599055,0.006904355812122802,1.0000000000000002,0.0,0.9230769230769231,0
0.0,0.0032458750338111974,0.8432249009572502,0.9935812855677212,0.00018402367771319823,0.00018402367771319823,0.907534920322644,0.006904355812122802,1.0000000000000002,0.0,0.6153846153846154,0
0.03225806451612903,0.037598052474979715,0.8432249009572502,0.2890582727507691,0.00018402367771319823,0.00018402367771319823,0.6982425077054233,0.006904355812122802,1.0000000000000002,0.0,0.9230769230769231,0
0.0,0.0032458750338111974,0.8432249009572502,0.2890582727507691,0.00018402367771319823,0.00018402367771319823,0.6984064528821562,0.006904355812122802,1.0000000000000002,0.0,0.6153846153846154,0
0.0,0.05031106302407357,0.8432249004005901,0.9935812825259706,0.00018402367771319823,0.00018402367771319823,0.7545084923601547,0.006904355812122802,1.0000000000000002,0.0,0.9230769230769231,0
0.0,0.017581823099810656,0.8432249009572502,0.2890582727507691,0.00018402367771319823,0.00018402367771319823,0.6983080857761165,0.006904355812122802,1.0000000000000002,0.0,0.9230769230769231,0
0.0,0.0032458750338111974,0.8432249009572502,0.2890582727507691,0.00018402367771319823,0.00018402367771319823,0.698963866483048,0.006904355812122802,1.0000000000000002,0.0,0.6153846153846154,0
0.0,0.010819583446037328,0.8432248998439299,0.8378249165333039,1.0,0.00018402367771319823,0.0,0.02064746785620572,0.0,1.0,0.0,0
0.0,0.0032458750338111974,0.8432249009572502,0.05480930312286218,0.00018402367771319823,0.00018402367771319823,0.6528296937504098,0.006904355812122802,1.0000000000000002,0.0,0.6538461538461539,0
0.03225806451612903,0.017311333513659724,0.8432249006789202,0.054809309759409106,0.00018402367771319823,0.00018402367771319823,0.6707652960849891,0.006904355812122802,1.0000000000000002,0.0,0.6153846153846154,0
0.0,0.0032458750338111974,0.8432249006789202,0.7923319437752597,0.00018402367771319823,0.00018402367771319823,0.8357269329136336,0.006904355812122802,1.0000000000000002,0.0,0.6153846153846154,0
0.0,0.0032458750338111974,0.8432249006789202,0.7923319437752597,0.00018402367771319823,0.00018402367771319823,0.8359564561610597,0.006904355812122802,1.0000000000000002,0.0,0.6153846153846154,0
0.0,0.0032458750338111974,0.8432249004005901,0.9935812825259706,0.00018402367771319823,0.00018402367771319823,0.7545084923601547,0.006904355812122802,1.0000000000000002,0.0,0.6153846153846154,0
0.0,0.0032458750338111974,0.8432249006789202,0.05480932413859409,0.00018402367771319823,0.00018402367771319823,0.6245983343170044,0.006904355812122802,1.0000000000000002,0.0,0.6153846153846154,0
0.0,0.0032458750338111974,0.8432249006789202,0.05480932413859409,0.00018402367771319823,0.00018402367771319823,0.6244999672109646,0.006904355812122802,1.0000000000000002,0.0,0.6153846153846154,0
0.0,0.0032458750338111974,0.8432249006789202,0.05480932413859409,0.00018402367771319823,0.00018402367771319823,0.6244343891402715,0.006904355812122802,1.0000000000000002,0.0,0.6153846153846154,0
0.0,0.0032458750338111974,0.8432249006789202,0.05480932413859409,0.00018402367771319823,0.00018402367771319823,0.6245655452816578,0.006904355812122802,1.0000000000000002,0.0,0.6153846153846154,0
0.03225806451612903,0.017311333513659724,0.8432249006789202,0.05480932413859409,0.00018402367771319823,0.00018402367771319823,0.624467178175618,0.006904355812122802,1.0000000000000002,0.0,0.6153846153846154,0
0.0,0.005409791723018665,0.797423780837474,0.5759249705033349,0.00018402367771319823,0.00018402367771319823,0.007262771329267492,0.8228155339805825,1.0000000000000002,0.0,0.6923076923076923,0
0.0,0.0032458750338111974,0.8432249006789202,0.05480932413859409,0.00018402367771319823,0.00018402367771319823,0.6245655452816578,0.006904355812122802,1.0000000000000002,0.0,0.6153846153846154,0
0.0,0.0032458750338111974,0.8432249006789202,0.7923319437752597,0.00018402367771319823,0.00018402367771319823,0.6240409207161125,0.0009511939123589609,1.0000000000000002,0.0,0.6153846153846154,0
0.03225806451612903,0.057884771436299706,0.8432249004005901,0.899364270819206,0.00018402367771319823,0.00018402367771319823,0.7220145583316938,0.006904355812122802,1.0000000000000002,0.0,0.9230769230769231,0
0.06451612903225806,0.02163916689207466,0.8432249004005901,0.9770508741269565,0.00018402367771319823,0.00018402367771319823,0.5620368548757295,0.006904355812122802,1.0000000000000002,0.0,0.6153846153846154,0
0.0,0.09981065728969435,0.8432249004005901,0.899364270819206,0.00018402367771319823,0.00018402367771319823,0.7221129254377335,0.006904355812122802,1.0000000000000002,0.0,0.9230769230769231,0
0.0,0.005409791723018665,0.8432249004005901,0.7923212102667112,0.00018402367771319823,0.00018402367771319823,0.8098235949898354,0.0009511939123589609,1.0000000000000002,0.0,0.07692307692307693,0
0.0,0.0032458750338111974,0.8432249004005901,0.899364270819206,0.00018402367771319823,0.00018402367771319823,0.7221457144730802,0.006904355812122802,1.0000000000000002,0.0,0.6153846153846154,0
0.0,0.0032458750338111974,0.8432249009572502,0.05480932026727506,0.00018402367771319823,0.00018402367771319823,0.8966161715522328,0.006904355812122802,1.0000000000000002,0.0,0.6153846153846154,0
0.0,0.0032458750338111974,0.8432249009572502,0.054809309759409106,0.00018402367771319823,0.00018402367771319823,0.6486326972260475,0.006904355812122802,1.0000000000000002,0.0,0.6153846153846154,0
0.0,0.14308899107384365,0.8432249009572502,0.1558410538617942,0.00018402367771319823,0.00018402367771319823,0.9277329660961374,0.006904355812122802,1.0000000000000002,0.0,0.9230769230769231,0
0.0,0.0032458750338111974,0.8432249009572502,0.054809305611567286,0.00018402367771319823,0.00018402367771319823,0.6762738540232146,0.006904355812122802,1.0000000000000002,0.0,0.6153846153846154,0
0.22580645161290322,0.10170408439275087,0.8432249009572502,0.054809305611567286,0.00018402367771319823,0.00018402367771319823,0.6763722211292543,0.006904355812122802,1.0000000000000002,0.0,0.6153846153846154,0
0.0,0.0032458750338111974,0.8432249009572502,0.7923319437752597,0.00018402367771319823,0.00018402367771319823,0.8065119024198307,0.006904355812122802,1.0000000000000002,0.0,0.6153846153846154,0
0.0,0.0032458750338111974,0.8432249009572502,0.7923319437752597,0.00018402367771319823,0.00018402367771319823,0.8062823791724046,0.006904355812122802,1.0000000000000002,0.0,0.6153846153846154,0
0.0,0.0,0.8432249004005901,0.9770508741269565,0.00018402367771319823,0.00018402367771319823,0.5620368548757295,0.006904355812122802,1.0000000000000002,0.0,0.6153846153846154,0
0.0,0.0032458750338111974,0.8432249004005901,0.899364270819206,0.00018402367771319823,0.00018402367771319823,0.722080136402387,0.006904355812122802,1.0000000000000002,0.0,0.6153846153846154,0
0.0,0.0032458750338111974,0.8432249004005901,0.899364270819206,0.00018402367771319823,0.00018402367771319823,0.7247032592301134,0.006904355812122802,1.0000000000000002,0.0,0.6153846153846154,0
0.22580645161290322,0.10170408439275087,0.8432249006789202,0.05480932413859409,0.00018402367771319823,0.00018402367771319823,0.6245983343170044,0.006904355812122802,1.0000000000000002,0.0,0.6153846153846154,0
0.22580645161290322,0.10170408439275087,0.8432249006789202,0.05480932413859409,0.00018402367771319823,0.00018402367771319823,0.6244343891402715,0.006904355812122802,1.0000000000000002,0.0,0.6153846153846154,0
0.25806451612903225,0.1157695428725994,0.8432249006789202,0.05480932413859409,0.00018402367771319823,0.00018402367771319823,0.6282707062758214,0.006904355812122802,1.0000000000000002,0.0,0.6153846153846154,0
0.5806451612903226,0.25642412767108463,0.8432249006789202,0.05480932413859409,0.00018402367771319823,0.00018402367771319823,0.6283034953111679,0.006904355812122802,1.0000000000000002,0.0,0.6153846153846154,0
0.16129032258064516,0.07357316743305382,0.8432249006789202,0.05480932413859409,0.00018402367771319823,0.00018402367771319823,0.6283362843465145,0.006904355812122802,1.0000000000000002,0.0,0.6153846153846154,0
0.4516129032258065,0.20016229375169053,0.8432249006789202,0.05480932413859409,0.00018402367771319823,0.00018402367771319823,0.6245655452816578,0.006904355812122802,1.0000000000000002,0.0,0.6153846153846154,0
0.0,0.0032458750338111974,0.8432249006789202,0.05480929206195066,0.00018402367771319823,0.00018402367771319823,0.5512820512820512,0.006904355812122802,1.0000000000000002,0.0,0.6153846153846154,0
0.0,0.0032458750338111974,0.8432249004005901,0.899364270819206,0.00018402367771319823,0.00018402367771319823,0.7247032592301134,0.006904355812122802,1.0000000000000002,0.0,0.6153846153846154,0
0.0,0.0032458750338111974,0.8432249004005901,0.899364270819206,0.00018402367771319823,0.00018402367771319823,0.7221457144730802,0.006904355812122802,1.0000000000000002,0.0,0.6153846153846154,0
0.0,0.0032458750338111974,0.8432249004005901,0.899364270819206,0.00018402367771319823,0.00018402367771319823,0.7221129254377335,0.006904355812122802,1.0000000000000002,0.0,0.6153846153846154,0
0.0,0.010819583446037328,0.8432248998439299,0.8378249165333039,1.0,0.00018402367771319823,0.0,0.02064746785620572,0.0,1.0,0.0,0
0.0,0.0032458750338111974,0.8432249009572502,0.05480932026727506,0.00018402367771319823,0.00018402367771319823,0.8995343956980785,0.006904355812122802,1.0000000000000002,0.0,0.6538461538461539,0
0.0,0.005409791723018665,0.7974345931268164,0.5759249705033349,0.00018402367771319823,0.00018402367771319823,0.007262771329267492,0.8089084229860928,1.0000000000000002,0.0,0.6923076923076923,0
0.0,0.0032458750338111974,0.8432249009572502,0.7923319437752597,0.00018402367771319823,0.00018402367771319823,0.8092333923535969,0.006904355812122802,1.0000000000000002,0.0,0.6153846153846154,0
0.0,0.0032458750338111974,0.8432249009572502,0.7923319437752597,0.00018402367771319823,0.00018402367771319823,0.8090038691061708,0.006904355812122802,1.0000000000000002,0.0,0.6153846153846154,0
0.0,0.0032458750338111974,0.8432249009572502,0.7923212099901884,0.00018402367771319823,0.00018402367771319823,0.759951472227687,0.006904355812122802,1.0000000000000002,0.0,0.6153846153846154,0
0.0,0.0,0.8432249004005901,0.9770508741269565,0.00018402367771319823,0.00018402367771319823,0.5620368548757295,0.006904355812122802,1.0000000000000002,0.0,0.6153846153846154,0
0.06451612903225806,0.03137679199350825,0.8432249004005901,0.899364270819206,0.00018402367771319823,0.00018402367771319823,0.722080136402387,0.006904355812122802,1.0000000000000002,0.0,0.6153846153846154,0
0.0,0.0032458750338111974,0.8432249006789202,0.7923319468170104,0.00018402367771319823,0.00018402367771319823,0.5681356154501934,0.006904355812122802,1.0000000000000002,0.0,0.6153846153846154,0
0.0,0.0032458750338111974,0.8432249004005901,0.899364270819206,0.00018402367771319823,0.00018402367771319823,0.722080136402387,0.006904355812122802,1.0000000000000002,0.0,0.6153846153846154,0
0.0,0.10657289694346768,0.8432249009572502,0.7923212102667112,0.00018402367771319823,0.00018402367771319823,0.6407633287428683,0.0009511939123589609,1.0000000000000002,0.0,0.9230769230769231,0
0.0,0.0032458750338111974,0.8432249009572502,0.9935818220219305,0.00018402367771319823,0.00018402367771319823,0.7309331759459636,0.006904355812122802,1.0000000000000002,0.0,0.6153846153846154,0
0.0,0.05517987557479037,0.8432249009572502,0.898737641699198,0.00018402367771319823,0.00018402367771319823,0.8408420224277001,0.006904355812122802,1.0000000000000002,0.0,0.9230769230769231,0
0.03225806451612903,0.017311333513659724,0.8432249006789202,0.054809309759409106,0.00018402367771319823,0.00018402367771319823,0.6801757492294577,0.006904355812122802,1.0000000000000002,0.0,0.6153846153846154,0
0.0,0.009737625101433596,0.8432249006789202,0.9935812855677212,0.00018402367771319823,0.00018402367771319823,0.9837366384680962,0.006904355812122802,1.0000000000000002,0.0,0.9230769230769231,0
0.03225806451612903,0.017311333513659724,0.8432249006789202,0.7923212133084618,0.00018402367771319823,0.00018402367771319823,0.9303888779592103,0.006904355812122802,1.0000000000000002,0.0,0.6153846153846154,0
0.0,0.0032458750338111974,0.8432249006789202,0.7923319437752597,0.00018402367771319823,0.00018402367771319823,0.8458915338710734,0.006904355812122802,1.0000000000000002,0.0,0.6153846153846154,0
0.0,0.0032458750338111974,0.8432249006789202,0.9935818250636811,0.00018402367771319823,0.00018402367771319823,0.6718473342514263,0.006904355812122802,1.0000000000000002,0.0,0.6153846153846154,0
0.0,0.0032458750338111974,0.8432249006789202,0.9935819602833246,0.00018402367771319823,0.00018402367771319823,0.9317660174437667,0.006904355812122802,1.0000000000000002,0.0,0.6153846153846154,0
0.0,0.0032458750338111974,0.8432249006789202,0.7923212022475503,0.00018402367771319823,0.00018402367771319823,0.6184995737425405,0.006904355812122802,1.0000000000000002,0.0,0.6153846153846154,0
0.06451612903225806,0.03137679199350825,0.8432249006789202,0.3360033772789976,0.00018402367771319823,0.00018402367771319823,0.8711390910879402,0.006904355812122802,1.0000000000000002,0.0,0.6153846153846154,0
0.0,0.013794968893697591,0.8432249006789202,0.9935812767189919,0.00018402367771319823,0.00018402367771319823,0.6472227687061446,0.006904355812122802,1.0000000000000002,0.0,0.9230769230769231,0
0.0,0.0032458750338111974,0.8432249009572502,0.05480929206195066,0.00018402367771319823,0.00018402367771319823,0.7919207816906026,0.006904355812122802,1.0000000000000002,0.0,0.6153846153846154,0
0.0967741935483871,0.045442250473356774,0.8432249009572502,0.05480930312286218,0.00018402367771319823,0.00018402367771319823,0.6684700636107286,0.006904355812122802,1.0000000000000002,0.0,0.6153846153846154,0
0.0,0.0032458750338111974,0.8432249009572502,0.7923319437752597,0.00018402367771319823,0.00018402367771319823,0.8150698406452882,0.006904355812122802,1.0000000000000002,0.0,0.6153846153846154,0
0.03225806451612903,0.017311333513659724,0.8432249009572502,0.7923319437752597,0.00018402367771319823,0.00018402367771319823,0.8148403173978621,0.006904355812122802,1.0000000000000002,0.0,0.6153846153846154,0
0.0,0.07222071950229916,0.8432249009572502,0.9935812822494478,0.00018402367771319823,0.00018402367771319823,0.9429798675322971,0.006904355812122802,1.0000000000000002,0.0,0.9230769230769231,0
0.0,0.0032458750338111974,0.8432249009572502,0.4162061684512988,0.00018402367771319823,0.00018402367771319823,0.8428421535838415,0.006904355812122802,1.0000000000000002,0.0,0.6153846153846154,0
0.0,0.0032458750338111974,0.8432249009572502,0.4162061728756634,0.00018402367771319823,0.00018402367771319823,0.5849891796183356,0.006904355812122802,1.0000000000000002,0.0,0.6153846153846154,0
0.0,0.0032458750338111974,0.8432249004005901,0.899364270819206,0.00018402367771319823,0.00018402367771319823,0.7337202439504229,0.006904355812122802,1.0000000000000002,0.0,0.6153846153846154,0
0.0,0.0032458750338111974,0.8432249006789202,0.05480932026727506,0.00018402367771319823,0.00018402367771319823,0.9054692110958095,0.006904355812122802,1.0000000000000002,0.0,0.6153846153846154,0
0.03225806451612903,0.017311333513659724,0.8432249006789202,0.054809303952430555,0.00018402367771319823,0.00018402367771319823,0.7379500295101318,0.006904355812122802,1.0000000000000002,0.0,0.6153846153846154,0
0.0,0.10576142818501488,0.8432249006789202,0.42523423404071564,0.00018402367771319823,0.00018402367771319823,0.5525280346252213,0.0009511939123589609,1.0000000000000002,0.0,0.9230769230769231,0
0.0,0.14308899107384365,0.8432249006789202,0.24365210657945602,0.00018402367771319823,0.00018402367771319823,0.7197193258574333,0.006904355812122802,1.0000000000000002,0.0,0.9230769230769231,0
0.03225806451612903,0.017311333513659724,0.8432249006789202,0.9935819550293915,0.00018402367771319823,0.00018402367771319823,0.9342251950947602,0.006904355812122802,1.0000000000000002,0.0,0.6153846153846154,0
0.0,0.0032458750338111974,0.8432249006789202,0.10105696878765148,0.00018402367771319823,0.00018402367771319823,0.8329398649091743,0.006904355812122802,1.0000000000000002,0.0,0.6153846153846154,0
0.0,0.005409791723018665,0.10161265834110943,0.5759249705033349,0.00018402367771319823,0.00018402367771319823,0.007262771329267492,0.6581605877722382,1.0000000000000002,0.0,0.6923076923076923,0
0.0967741935483871,0.045442250473356774,0.8432249006789202,0.10102826351004945,0.00018402367771319823,0.00018402367771319823,0.6583054626532887,0.006904355812122802,1.0000000000000002,0.0,0.6153846153846154,0
0.0,0.0032458750338111974,0.8432249006789202,4.5955322178267005e-06,0.00018402367771319823,0.00018402367771319823,0.8115286248278575,0.006904355812122802,1.0000000000000002,0.0,0.6153846153846154,0
0.0,0.0032458750338111974,0.8432249006789202,0.22269580384447427,0.00018402367771319823,0.00018402367771319823,0.9839661617155223,0.006904355812122802,1.0000000000000002,0.0,0.6153846153846154,0
0.03225806451612903,0.017311333513659724,0.8432249006789202,6.546400488887175e-05,0.00018402367771319823,0.00018402367771319823,0.7744442258508755,0.006904355812122802,1.0000000000000002,0.0,0.6153846153846154,0
0.0,0.005409791723018665,0.15032394536802557,0.5759249705033349,0.00018402367771319823,0.00018402367771319823,0.007262771329267492,0.6011217528207818,1.0000000000000002,0.0,0.6923076923076923,0
0.0,0.10576142818501488,0.8432249006789202,0.42523423404071564,0.00018402367771319823,0.00018402367771319823,0.5525280346252213,0.0009511939123589609,1.0000000000000002,0.0,0.9230769230769231,0
0.03225806451612903,0.017311333513659724,0.8432249004005901,0.054809305611567286,0.00018402367771319823,0.00018402367771319823,0.6615515771526002,0.006904355812122802,1.0000000000000002,0.0,0.6153846153846154,0
0.0,0.0032458750338111974,0.8432249004005901,0.7923319437752597,0.00018402367771319823,0.00018402367771319823,0.702636238441865,0.006904355812122802,1.0000000000000002,0.0,0.6153846153846154,0
0.0,0.005409791723018665,0.7974345934051466,0.5759249705033349,0.00018402367771319823,0.00018402367771319823,0.007262771329267492,0.8971726580949881,1.0000000000000002,0.0,0.6923076923076923,0
0.0,0.0032458750338111974,0.8432249009572502,0.05480929786892921,0.00018402367771319823,0.00018402367771319823,0.6743393009377664,0.006904355812122802,1.0000000000000002,0.0,0.6153846153846154,0
0.0,0.0032458750338111974,0.8432249009572502,0.05480929925154315,0.00018402367771319823,0.00018402367771319823,0.6518460226900125,0.006904355812122802,1.0000000000000002,0.0,0.6153846153846154,0
0.03225806451612903,0.017311333513659724,0.8432249009572502,0.054809303952430555,0.00018402367771319823,0.00018402367771319823,0.7841497803134632,0.006904355812122802,1.0000000000000002,0.0,0.6153846153846154,0
0.03225806451612903,0.017311333513659724,0.8432249009572502,0.9935812825259706,0.00018402367771319823,0.00018402367771319823,0.9999999999999999,0.006904355812122802,1.0000000000000002,0.0,0.6153846153846154,0
0.03225806451612903,0.017311333513659724,0.8432249006789202,0.10105696878765148,0.00018402367771319823,0.00018402367771319823,0.8329398649091743,0.006904355812122802,1.0000000000000002,0.0,0.6153846153846154,0
0.0,0.009737625101433596,0.8432249006789202,0.9935819550293915,0.00018402367771319823,0.00018402367771319823,0.9342251950947602,0.006904355812122802,1.0000000000000002,0.0,0.9230769230769231,0
0.0,0.0,0.8432249009572502,0.4162061728756634,0.00018402367771319823,0.00018402367771319823,0.5952849367171618,0.006904355812122802,1.0000000000000002,0.0,0.15384615384615385,0
0.03225806451612903,0.017311333513659724,0.8432249009572502,0.4162061684512988,0.00018402367771319823,0.00018402367771319823,0.8531051216473211,0.006904355812122802,1.0000000000000002,0.0,0.6153846153846154,0
0.0,0.0032458750338111974,0.8432249009572502,0.4162061728756634,0.00018402367771319823,0.00018402367771319823,0.595350514787855,0.006904355812122802,1.0000000000000002,0.0,0.6153846153846154,0
0.0,0.0032458750338111974,0.8432249009572502,0.4162061684512988,0.00018402367771319823,0.00018402367771319823,0.8533674339300937,0.006904355812122802,1.0000000000000002,0.0,0.6153846153846154,0
0.0,0.05490938598863944,0.8432249004005901,0.7923319437752597,0.00018402367771319823,0.00018402367771319823,0.702636238441865,0.006904355812122802,1.0000000000000002,0.0,0.9230769230769231,0
0.0,0.0,0.8432249004005901,0.4732121218716197,0.00018402367771319823,0.00018402367771319823,0.6222375237720505,0.006904355812122802,1.0000000000000002,0.0,0.6153846153846154,0
0.0,0.0032458750338111974,0.8432249004005901,0.24374558814977254,0.00018402367771319823,0.00018402367771319823,0.6077447701488622,0.006904355812122802,1.0000000000000002,0.0,0.6153846153846154,0
0.0,0.0032458750338111974,0.8432249006789202,0.05480929206195066,0.00018402367771319823,0.00018402367771319823,0.5776444357007017,0.006904355812122802,1.0000000000000002,0.0,0.6153846153846154,0
0.0,0.00865566675682986,0.8432249004005901,0.9935257617275014,0.00018402367771319823,0.00018402367771319823,0.9052068988130368,0.0009511939123589609,1.0000000000000002,0.0,0.6153846153846154,0
0.06451612903225806,0.03137679199350825,0.8432249006789202,0.054809309759409106,0.00018402367771319823,0.00018402367771319823,0.6976523050691849,0.006904355812122802,1.0000000000000002,0.0,0.6153846153846154,0
0.0,0.0,0.8432249006789202,0.7923319468170104,0.00018402367771319823,0.00018402367771319823,0.5944324217981507,0.006904355812122802,1.0000000000000002,0.0,0.15384615384615385,0
0.03225806451612903,0.017311333513659724,0.8432249006789202,0.9935819550293915,0.00018402367771319823,0.00018402367771319823,0.9459308807134893,0.006904355812122802,1.0000000000000002,0.0,0.6153846153846154,0
0.0,0.0032458750338111974,0.8432249006789202,0.24220074492523702,0.00018402367771319823,0.00018402367771319823,0.6712243425798412,0.006904355812122802,1.0000000000000002,0.0,0.6153846153846154,0
0.0,0.03381119826886665,0.8432249006789202,0.4162061684512988,0.00018402367771319823,0.00018402367771319823,0.853269066824054,0.006904355812122802,1.0000000000000002,0.0,0.9230769230769231,0
0.0,0.0032458750338111974,0.8432249006789202,0.4162061728756634,0.00018402367771319823,0.00018402367771319823,0.8087743458587447,0.006904355812122802,1.0000000000000002,0.0,0.6153846153846154,0
0.0,0.0032458750338111974,0.8432249009572502,0.9935818253402039,0.00018402367771319823,0.00018402367771319823,0.7304085513804184,0.006904355812122802,1.0000000000000002,0.0,0.6153846153846154,0
0.0,0.0032458750338111974,0.8432249009572502,7.541744265171339e-05,0.00018402367771319823,0.00018402367771319823,0.7649681946357137,0.0009511939123589609,1.0000000000000002,0.0,0.6153846153846154,0
0.0,0.005409791723018665,0.0,0.5759249705033349,0.00018402367771319823,0.00018402367771319823,0.001311561413863204,0.7067370768827079,1.0000000000000002,0.0,0.6923076923076923,0
0.0,0.0032458750338111974,0.8432249004005901,0.05480929786892921,0.00018402367771319823,0.00018402367771319823,0.9794084858023476,0.006904355812122802,1.0000000000000002,0.0,0.6153846153846154,0
0.06451612903225806,0.03137679199350825,0.8432249004005901,0.054809303952430555,0.00018402367771319823,0.00018402367771319823,0.6088923863859925,0.006904355812122802,1.0000000000000002,0.0,0.6153846153846154,0
0.03225806451612903,0.017311333513659724,0.8432249004005901,0.7923319437752597,0.00018402367771319823,0.00018402367771319823,0.7136205652829694,0.006904355812122802,1.0000000000000002,0.0,0.6153846153846154,0
0.0,0.044360292128753046,0.8432249004005901,0.8445483510590667,0.00018402367771319823,0.00018402367771319823,0.69693094629156,0.006904355812122802,1.0000000000000002,0.0,0.9230769230769231,0
0.0,0.0,0.8432249004005901,0.8445483510590667,0.00018402367771319823,0.00018402367771319823,0.6971932585743327,0.006904355812122802,1.0000000000000002,0.0,0.15384615384615385,0
0.0,0.0,0.8432249004005901,0.47324449826575843,0.00018402367771319823,0.00018402367771319823,0.7968719260279362,0.006904355812122802,1.0000000000000002,0.0,0.6153846153846154,0
0.0,0.0032458750338111974,0.8432249004005901,0.9935819547528687,0.00018402367771319823,0.00018402367771319823,0.7248016263361532,0.006904355812122802,1.0000000000000002,0.0,0.6153846153846154,0
0.0,0.0032458750338111974,0.8432249004005901,0.993581281972925,0.00018402367771319823,0.00018402367771319823,0.7383434979342908,0.006904355812122802,1.0000000000000002,0.0,0.6153846153846154,0
0.0,0.0032458750338111974,0.8432249004005901,0.7923319437752597,0.00018402367771319823,0.00018402367771319823,0.8790084595711194,0.0009511939123589609,1.0000000000000002,0.0,0.6153846153846154,0
0.0,0.0,0.8432249004005901,0.32893662477939933,0.00018402367771319823,0.00018402367771319823,0.540756770935799,0.006904355812122802,1.0000000000000002,0.0,0.15384615384615385,0
0.03225806451612903,0.017311333513659724,0.8432249009572502,0.4162061684512988,0.00018402367771319823,0.00018402367771319823,0.8531051216473211,0.006904355812122802,1.0000000000000002,0.0,0.6153846153846154,0
0.03225806451612903,0.017311333513659724,0.8432249004005901,0.054809305611567286,0.00018402367771319823,0.00018402367771319823,0.6763394320939078,0.006904355812122802,1.0000000000000002,0.0,0.6153846153846154,0
0.0,0.01271301054909386,0.8432249004005901,0.7923319437752597,0.00018402367771319823,0.00018402367771319823,0.7175880385599055,0.006904355812122802,1.0000000000000002,0.0,0.9230769230769231,0
0.0,0.0032458750338111974,0.8432249006789202,0.054809302569816615,0.00018402367771319823,0.00018402367771319823,0.6740441996196471,0.006904355812122802,1.0000000000000002,0.0,0.6153846153846154,0
0.12903225806451613,0.0595077089532053,0.8432249006789202,0.054809303952430555,0.00018402367771319823,0.00018402367771319823,0.7586726998491704,0.006904355812122802,1.0000000000000002,0.0,0.6153846153846154,0
0.0,0.0032458750338111974,0.8432249006789202,0.7923319437752597,0.00018402367771319823,0.00018402367771319823,0.8716309266181388,0.006904355812122802,1.0000000000000002,0.0,0.6153846153846154,0
0.0,0.0032458750338111974,0.8432249006789202,0.9935820081217669,0.00018402367771319823,0.00018402367771319823,0.5913174634402255,0.006904355812122802,1.0000000000000002,0.0,0.6153846153846154,0
0.0,0.0032458750338111974,0.8432249006789202,0.7923319437752597,0.00018402367771319823,0.00018402367771319823,0.8719916060069512,0.006904355812122802,1.0000000000000002,0.0,0.6153846153846154,0
0.0,0.0032458750338111974,0.8432249006789202,0.9935812767189919,0.00018402367771319823,0.00018402367771319823,0.67296216145321,0.006904355812122802,1.0000000000000002,0.0,0.6153846153846154,0
0.0,0.020557208547470923,0.8432249006789202,0.9935819547528687,0.00018402367771319823,0.00018402367771319823,0.5818742212604104,0.006904355812122802,1.0000000000000002,0.0,0.9230769230769231,0
0.0,0.0032458750338111974,0.8432249006789202,9.188105641818115e-05,0.00018402367771319823,0.00018402367771319823,0.9270116073185126,0.006904355812122802,1.0000000000000002,0.0,0.6153846153846154,0
0.0,0.024885041925885858,0.8432249006789202,9.18807798953921e-05,0.00018402367771319823,0.00018402367771319823,0.5528559249786871,0.006904355812122802,1.0000000000000002,0.0,0.9230769230769231,0
0.0,0.0032458750338111974,0.8432249006789202,9.188105641818115e-05,0.00018402367771319823,0.00018402367771319823,0.9274378647780182,0.006904355812122802,1.0000000000000002,0.0,0.6153846153846154,0
0.0,0.03381119826886665,0.8432249006789202,0.1572387742429357,0.00018402367771319823,0.00018402367771319823,0.6124008131680766,0.006904355812122802,1.0000000000000002,0.0,0.9230769230769231,0
0.0,0.0032458750338111974,0.8432249006789202,0.6928022852847552,0.00018402367771319823,0.00018402367771319823,0.5803659256344678,0.006904355812122802,1.0000000000000002,0.0,0.6153846153846154,0
0.0,0.0032458750338111974,0.8432249006789202,0.13449011522436638,0.00018402367771319823,0.00018402367771319823,0.6311233523509738,0.006904355812122802,1.0000000000000002,0.0,0.6153846153846154,0
0.0,0.0032458750338111974,0.8432249006789202,0.42523423404071564,0.00018402367771319823,0.00018402367771319823,0.575349203226441,0.0009511939123589609,1.0000000000000002,0.0,0.6153846153846154,0
0.0,0.0032458750338111974,0.8432249006789202,0.23556956337904258,0.00018402367771319823,0.00018402367771319823,0.5740704308479244,0.006904355812122802,1.0000000000000002,0.0,0.6153846153846154,0
0.0,0.0032458750338111974,0.8432249006789202,0.008243269858897924,0.00018402367771319823,0.00018402367771319823,0.9264869827529674,0.006904355812122802,1.0000000000000002,0.0,0.6153846153846154,0
0.0,0.0032458750338111974,0.8432249006789202,0.8493118531732926,0.00018402367771319823,0.00018402367771319823,0.9199291756836513,0.006904355812122802,1.0000000000000002,0.0,0.6153846153846154,0
0.0,0.0032458750338111974,0.8432249006789202,0.47734064608981497,0.00018402367771319823,0.00018402367771319823,0.9237982818545478,0.006904355812122802,1.0000000000000002,0.0,0.6153846153846154,0
0.0,0.013524479307546659,0.8432249009572502,0.05480929925154315,0.00018402367771319823,0.00018402367771319823,0.6711587645091481,0.006904355812122802,1.0000000000000002,0.0,0.9230769230769231,0
0.0,0.0032458750338111974,0.8432249006789202,0.47734064608981497,0.00018402367771319823,0.00018402367771319823,0.9242245393140534,0.006904355812122802,1.0000000000000002,0.0,0.6153846153846154,0
0.0,0.0032458750338111974,0.8432249006789202,0.05480929925154315,0.00018402367771319823,0.00018402367771319823,0.6121385008853039,0.006904355812122802,1.0000000000000002,0.0,0.6153846153846154,0
0.0,0.0,0.8432249006789202,0.97895386911378,0.00018402367771319823,0.00018402367771319823,0.6539773099875401,0.006904355812122802,1.0000000000000002,0.0,0.6153846153846154,0
0.0,0.0032458750338111974,0.8432249006789202,0.402696544212118,0.00018402367771319823,0.00018402367771319823,0.9767853629746213,0.006904355812122802,1.0000000000000002,0.0,0.6153846153846154,0
0.0,0.14308899107384365,0.8432249006789202,0.47734064608981497,0.00018402367771319823,0.00018402367771319823,0.924945898091678,0.006904355812122802,1.0000000000000002,0.0,0.9230769230769231,0
0.0,0.009737625101433596,0.8432249004005901,0.7923319437752597,0.00018402367771319823,0.00018402367771319823,0.7249655715128861,0.006904355812122802,1.0000000000000002,0.0,0.9230769230769231,0
0.7419354838709677,0.32675142007032726,0.8432249004005901,0.3670624091119196,0.00018402367771319823,0.00018402367771319823,0.9567840514132073,0.006904355812122802,1.0000000000000002,0.0,0.6153846153846154,0
0.03225806451612903,0.017311333513659724,0.8432249004005901,0.9935818253402039,0.00018402367771319823,0.00018402367771319823,0.8167420814479638,0.006904355812122802,1.0000000000000002,0.0,0.6153846153846154,0
0.03225806451612903,0.13470381390316472,0.8432249006789202,0.4026964913962654,0.00018402367771319823,0.00018402367771319823,0.803757623450718,0.006904355812122802,1.0000000000000002,0.0,0.9230769230769231,0
0.0,0.0032458750338111974,0.8432249006789202,0.15717638434188375,0.00018402367771319823,0.00018402367771319823,0.8095284936717161,0.006904355812122802,1.0000000000000002,0.0,0.6153846153846154,0
0.0,0.005409791723018665,0.8432249006789202,7.541744265171339e-05,0.00018402367771319823,0.00018402367771319823,0.6526985376090235,0.0009511939123589609,1.0000000000000002,0.0,0.07692307692307693,0
0.0,0.0032458750338111974,0.8432249006789202,2.0341292826013546e-05,0.00018402367771319823,0.00018402367771319823,0.6575841038756639,0.006904355812122802,1.0000000000000002,0.0,0.6153846153846154,0
0.0,0.03949147957803625,0.8432249006789202,0.1572387742429357,0.00018402367771319823,0.00018402367771319823,0.6124008131680766,0.006904355812122802,1.0000000000000002,0.0,0.9230769230769231,0
0.0,0.7822558831484988,0.8432249006789202,0.05480932192641179,0.00018402367771319823,0.00018402367771319823,0.5934815397730998,0.006904355812122802,1.0000000000000002,0.0,0.6153846153846154,0
0.03225806451612903,0.052474979713281036,0.8432249006789202,0.7923212110962796,0.00018402367771319823,0.00018402367771319823,0.860613810741688,0.006904355812122802,1.0000000000000002,0.0,0.9230769230769231,0
0.0,0.0,0.8432249006789202,0.7293317820932149,0.00018402367771319823,0.00018402367771319823,0.5986622073578595,0.006904355812122802,1.0000000000000002,0.0,0.6153846153846154,0
0.03225806451612903,0.017311333513659724,0.8432249004005901,0.054809309759409106,0.00018402367771319823,0.00018402367771319823,0.9365532166043674,0.006904355812122802,1.0000000000000002,0.0,0.6153846153846154,0
0.0,0.0032458750338111974,0.055091614041435734,0.5759249705033349,0.00018402367771319823,0.00018402367771319823,0.007262771329267492,0.6506822356336919,1.0000000000000002,0.0,0.6538461538461539,0
0.03225806451612903,0.017311333513659724,0.8432249004005901,0.9935812825259706,0.00018402367771319823,0.00018402367771319823,0.8053314971473539,0.006904355812122802,1.0000000000000002,0.0,0.6153846153846154,0
0.0,0.0032458750338111974,0.8432249004005901,0.7923212133084618,0.00018402367771319823,0.00018402367771319823,0.9666207620171814,0.006904355812122802,1.0000000000000002,0.0,0.6153846153846154,0
0.0967741935483871,0.032458750338111984,0.8432249004005901,0.9770508741269565,0.00018402367771319823,0.00018402367771319823,0.6064659977703456,0.006904355812122802,1.0000000000000002,0.0,0.6153846153846154,0
0.0,0.0032458750338111974,0.8432249004005901,0.899364270819206,0.00018402367771319823,0.00018402367771319823,0.7664437012263099,0.006904355812122802,1.0000000000000002,0.0,0.6153846153846154,0
0.03225806451612903,0.017311333513659724,0.8432249004005901,0.899364270819206,0.00018402367771319823,0.00018402367771319823,0.7666404354383893,0.006904355812122802,1.0000000000000002,0.0,0.6153846153846154,0
0.0,0.013794968893697591,0.8432249004005901,0.7923319457109192,0.00018402367771319823,0.00018402367771319823,0.6306643058561217,0.006904355812122802,1.0000000000000002,0.0,0.9230769230769231,0
0.0,0.005409791723018665,0.4803845607704693,0.5759249705033349,0.00018402367771319823,0.00018402367771319823,0.007262771329267492,0.9303332458672263,1.0000000000000002,0.0,0.6923076923076923,0
0.0,0.0032458750338111974,0.8432249006789202,2.0341292826013546e-05,0.00018402367771319823,0.00018402367771319823,0.6575841038756639,0.006904355812122802,1.0000000000000002,0.0,0.6153846153846154,0
0.0,0.0032458750338111974,0.8432249004005901,0.9935818253402039,0.00018402367771319823,0.00018402367771319823,0.8167420814479638,0.006904355812122802,1.0000000000000002,0.0,0.6153846153846154,0
0.0,0.013794968893697591,0.8432249006789202,0.9935819547528687,0.00018402367771319823,0.00018402367771319823,0.5815463309069446,0.006904355812122802,1.0000000000000002,0.0,0.9230769230769231,0
0.0,0.0032458750338111974,0.8432249006789202,0.9935812825259706,0.00018402367771319823,0.00018402367771319823,0.5486261394189783,0.0009511939123589609,1.0000000000000002,0.0,0.6153846153846154,0
0.0,0.0032458750338111974,0.8432249006789202,7.503722381787745e-05,0.00018402367771319823,0.00018402367771319823,0.6789297658862876,0.0009511939123589609,1.0000000000000002,0.0,0.6153846153846154,0
0.0,0.02867189613199892,0.8432249006789202,0.7923319434987369,0.00018402367771319823,0.00018402367771319823,0.6348285133451373,0.006904355812122802,1.0000000000000002,0.0,0.9230769230769231,0
0.0,0.027319448201244254,0.8432249006789202,0.820753911337206,0.00018402367771319823,0.00018402367771319823,0.9577677224736048,0.006904355812122802,1.0000000000000002,0.0,0.9230769230769231,0
0.0967741935483871,0.045442250473356774,0.8432249004005901,0.054809305611567286,0.00018402367771319823,0.00018402367771319823,0.6909633418584825,0.006904355812122802,1.0000000000000002,0.0,0.6153846153846154,0
0.0,0.0032458750338111974,0.8432249006789202,0.9935818220219305,0.00018402367771319823,0.00018402367771319823,0.9809167814282903,0.006904355812122802,1.0000000000000002,0.0,0.6153846153846154,0
0.0,0.13984311604003244,0.8432249006789202,0.7293317820932149,0.00018402367771319823,0.00018402367771319823,0.6020066889632106,0.006904355812122802,1.0000000000000002,0.0,0.9230769230769231,0
0.0,0.0032458750338111974,0.8432249004005901,0.7923319437752597,0.00018402367771319823,0.00018402367771319823,0.7324742606072528,0.006904355812122802,1.0000000000000002,0.0,0.6153846153846154,0
0.0,0.005409791723018665,0.9999992696618211,0.5759249705033349,0.00018402367771319823,0.00018402367771319823,0.007262771329267492,0.8520729467331408,1.0000000000000002,0.0,0.6923076923076923,0
0.03225806451612903,0.027860427373546118,0.8432249004005901,0.7923319437752597,0.00018402367771319823,0.00018402367771319823,0.7320152141124008,0.006904355812122802,1.0000000000000002,0.0,0.9230769230769231,0
0.03225806451612903,0.027860427373546118,0.8432249006789202,0.1572387742429357,0.00018402367771319823,0.00018402367771319823,0.6124008131680766,0.006904355812122802,1.0000000000000002,0.0,0.9230769230769231,0
0.0,0.0,0.8432249004005901,0.7497424367893399,0.00018402367771319823,0.00018402367771319823,0.6490917437208997,0.006904355812122802,1.0000000000000002,0.0,0.6153846153846154,0
0.06451612903225806,0.02163916689207466,0.8432249004005901,0.7497424367893399,0.00018402367771319823,0.00018402367771319823,0.6491245327562463,0.006904355812122802,1.0000000000000002,0.0,0.6153846153846154,0
0.0,0.0,0.8432249004005901,0.7497424367893399,0.00018402367771319823,0.00018402367771319823,0.6490589546855531,0.006904355812122802,1.0000000000000002,0.0,0.6153846153846154,0
0.0,0.0032458750338111974,0.8432249004005901,0.7497424367893399,0.00018402367771319823,0.00018402367771319823,0.6493212669683257,0.006904355812122802,1.0000000000000002,0.0,0.6153846153846154,0
0.0,0.0,0.8432249004005901,0.7497424367893399,0.00018402367771319823,0.00018402367771319823,0.6493868450390189,0.006904355812122802,1.0000000000000002,0.0,0.6153846153846154,0
0.0967741935483871,0.17230186637814443,0.8432249004005901,0.7497424367893399,0.00018402367771319823,0.00018402367771319823,0.6492884779329792,0.006904355812122802,1.0000000000000002,0.0,0.9230769230769231,0
0.0,0.0032458750338111974,0.8432249006789202,0.8502665190648121,0.00018402367771319823,0.00018402367771319823,0.8856318447111285,0.006904355812122802,1.0000000000000002,0.0,0.6153846153846154,0
0.0,0.5566675682986205,0.8432249006789202,0.49380231202976266,0.00018402367771319823,0.00018402367771319823,0.7140796117778214,0.006904355812122802,1.0000000000000002,0.0,0.9230769230769231,0
0.0,0.0032458750338111974,0.8432249006789202,0.6928024202278757,0.00018402367771319823,0.00018402367771319823,0.7251623057249655,0.006904355812122802,1.0000000000000002,0.0,0.6153846153846154,0
0.0,0.009737625101433596,0.8432249006789202,0.7923212097136656,0.00018402367771319823,0.00018402367771319823,0.8721883402190307,0.006904355812122802,1.0000000000000002,0.0,0.9230769230769231,0
0.0,0.0032458750338111974,0.8432249006789202,0.4744210280685836,0.00018402367771319823,0.00018402367771319823,0.7680503639582923,0.006904355812122802,1.0000000000000002,0.0,0.6153846153846154,0
0.0,0.010819583446037328,0.8432248998439299,0.8378249165333039,1.0,0.00018402367771319823,0.0,0.02064746785620572,0.0,1.0,0.0,0
0.0,0.0032458750338111974,0.8432249009572502,7.541744265171339e-05,0.00018402367771319823,0.00018402367771319823,0.7917240474785231,0.0009511939123589609,1.0000000000000002,0.0,0.6538461538461539,0
0.03225806451612903,0.017311333513659724,0.8432249009572502,0.054809305611567286,0.00018402367771319823,0.00018402367771319823,0.7253262509016984,0.006904355812122802,1.0000000000000002,0.0,0.6153846153846154,0
0.0,0.0032458750338111974,0.8432249009572502,0.9935812825259706,0.00018402367771319823,0.00018402367771319823,0.5684635058036592,0.006904355812122802,1.0000000000000002,0.0,0.6153846153846154,0
0.0,0.0032458750338111974,0.8432249009572502,0.7923212133084618,0.00018402367771319823,0.00018402367771319823,0.8500229523247426,0.006904355812122802,1.0000000000000002,0.0,0.6153846153846154,0
0.0,0.0032458750338111974,0.8432249009572502,0.7923319468170104,0.00018402367771319823,0.00018402367771319823,0.7884451439438651,0.006904355812122802,1.0000000000000002,0.0,0.6153846153846154,0
0.03225806451612903,0.027860427373546118,0.8432249004005901,0.05480932026727506,0.00018402367771319823,0.00018402367771319823,0.8294970161977834,0.006904355812122802,1.0000000000000002,0.0,1.0,0
0.0,0.035975114958074116,0.8432249004005901,0.05480929925154315,0.00018402367771319823,0.00018402367771319823,0.6604367499508164,0.006904355812122802,1.0000000000000002,0.0,0.9230769230769231,0
0.03225806451612903,0.017311333513659724,0.8432249004005901,0.054809305611567286,0.00018402367771319823,0.00018402367771319823,0.696701423044134,0.006904355812122802,1.0000000000000002,0.0,0.6153846153846154,0
0.03225806451612903,0.017311333513659724,0.8432249004005901,0.7923319437752597,0.00018402367771319823,0.00018402367771319823,0.7377532952980523,0.006904355812122802,1.0000000000000002,0.0,0.6153846153846154,0
0.0,0.013794968893697591,0.8432249004005901,0.7923212011414592,0.00018402367771319823,0.00018402367771319823,0.7407698865499377,0.006904355812122802,1.0000000000000002,0.0,0.9230769230769231,0
0.0,0.0,0.8432249004005901,0.7497424367893399,0.00018402367771319823,0.00018402367771319823,0.6548298249065512,0.006904355812122802,1.0000000000000002,0.0,0.6153846153846154,0
0.0,0.005409791723018665,0.8432249006789202,0.0,0.00018402367771319823,0.00018402367771319823,0.9394058626795199,0.006904355812122802,1.0000000000000002,0.0,0.07692307692307693,0
0.0,0.0032458750338111974,0.8432249006789202,0.1572387742429357,0.00018402367771319823,0.00018402367771319823,0.6124008131680766,0.006904355812122802,1.0000000000000002,0.0,0.6153846153846154,0
0.0,0.0,0.8432249006789202,0.7293317820932149,0.00018402367771319823,0.00018402367771319823,0.6116138763197586,0.006904355812122802,1.0000000000000002,0.0,0.6153846153846154,0
0.0,0.0032458750338111974,0.8432249006789202,2.0341292826013546e-05,0.00018402367771319823,0.00018402367771319823,0.6575841038756639,0.006904355812122802,1.0000000000000002,0.0,0.6153846153846154,0
0.0,0.04030294833648905,0.8432249006789202,0.47442086906798037,0.00018402367771319823,0.00018402367771319823,0.6154501934553085,0.006904355812122802,1.0000000000000002,0.0,0.9230769230769231,0
0.0,0.0,0.8432249006789202,0.5322574283665346,0.00018402367771319823,0.00018402367771319823,0.8648108072660502,0.006904355812122802,1.0000000000000002,0.0,0.6153846153846154,0
0.0,0.0032458750338111974,0.9999998129621736,0.5759249705033349,0.00018402367771319823,0.00018402367771319823,0.007262771329267492,0.8314090789818944,1.0000000000000002,0.0,0.6538461538461539,0
0.03225806451612903,0.14822829321071138,0.8432249006789202,0.9935818220219305,0.00018402367771319823,0.00018402367771319823,0.9809167814282903,0.006904355812122802,1.0000000000000002,0.0,0.9230769230769231,0
0.0,0.0032458750338111974,0.8432249006789202,2.0341292826013546e-05,0.00018402367771319823,0.00018402367771319823,0.6575841038756639,0.006904355812122802,1.0000000000000002,0.0,0.6153846153846154,0
0.0,0.0,0.8432249006789202,0.10102679821579455,0.00018402367771319823,0.00018402367771319823,0.8557938225457407,0.006904355812122802,1.0000000000000002,0.0,0.15384615384615385,0
0.0,0.0032458750338111974,0.23399062654255584,0.5759249705033349,0.00018402367771319823,0.00018402367771319823,0.007262771329267492,0.7703686696405142,1.0000000000000002,0.0,0.6538461538461539,0
0.0,0.0032458750338111974,0.8432249004005901,0.05480930312286218,0.00018402367771319823,0.00018402367771319823,0.9615384615384615,0.006904355812122802,1.0000000000000002,0.0,0.6153846153846154,0
0.0967741935483871,0.045442250473356774,0.8432249004005901,0.05480930312286218,0.00018402367771319823,0.00018402367771319823,0.9616368286445012,0.006904355812122802,1.0000000000000002,0.0,0.6153846153846154,0
0.0,0.0032458750338111974,0.8432249004005901,0.7923319437752597,0.00018402367771319823,0.00018402367771319823,0.908944848842547,0.0009511939123589609,1.0000000000000002,0.0,0.6153846153846154,0
0.0967741935483871,0.045442250473356774,0.8432249004005901,0.9935812825259706,0.00018402367771319823,0.00018402367771319823,0.8200537740179683,0.006904355812122802,1.0000000000000002,0.0,0.6153846153846154,0
0.0,0.0032458750338111974,0.8432249004005901,0.6928024202278757,0.00018402367771319823,0.00018402367771319823,0.7037182766083021,0.006904355812122802,1.0000000000000002,0.0,0.6153846153846154,0
0.0967741935483871,0.045442250473356774,0.8432249004005901,9.18782911902994e-05,0.00018402367771319823,0.00018402367771319823,0.691160076070562,0.006904355812122802,1.0000000000000002,0.0,0.6153846153846154,0
0.0,0.0032458750338111974,0.8432249004005901,0.9935819564120055,0.00018402367771319823,0.00018402367771319823,0.6524690143615974,0.006904355812122802,1.0000000000000002,0.0,0.6153846153846154,0
0.0,0.0032458750338111974,0.8432249004005901,0.9935819580711421,0.00018402367771319823,0.00018402367771319823,0.7090956784051413,0.006904355812122802,1.0000000000000002,0.0,0.6153846153846154,0
0.0,0.0032458750338111974,0.8432249004005901,0.9935818220219305,0.00018402367771319823,0.00018402367771319823,0.6273854023214637,0.006904355812122802,1.0000000000000002,0.0,0.6153846153846154,0
0.0,0.0032458750338111974,0.8432249004005901,0.13449011522436638,0.00018402367771319823,0.00018402367771319823,0.7973637615581349,0.006904355812122802,1.0000000000000002,0.0,0.6153846153846154,0
0.0,0.09548282391127942,0.8432249004005901,0.3811001846870539,0.00018402367771319823,0.00018402367771319823,0.9420945635779395,0.006904355812122802,1.0000000000000002,0.0,0.9230769230769231,0
0.0,0.0032458750338111974,0.8432249004005901,0.9935818217454077,0.00018402367771319823,0.00018402367771319823,0.9467833956325005,0.006904355812122802,1.0000000000000002,0.0,0.6153846153846154,0
0.0,0.14308899107384365,0.8432249004005901,0.7923212097136656,0.00018402367771319823,0.00018402367771319823,0.9839989507508689,0.006904355812122802,1.0000000000000002,0.0,0.9230769230769231,0
0.0,0.0032458750338111974,0.8432249004005901,0.7923212097136656,0.00018402367771319823,0.00018402367771319823,0.9839333726801757,0.006904355812122802,1.0000000000000002,0.0,0.6153846153846154,0
0.0,0.0032458750338111974,0.8432249004005901,0.7923212044597326,0.00018402367771319823,0.00018402367771319823,0.9905895468555315,0.006904355812122802,1.0000000000000002,0.0,0.6153846153846154,0
0.0,0.0032458750338111974,0.8432249004005901,0.7923212016945048,0.00018402367771319823,0.00018402367771319823,0.7959866220735785,0.006904355812122802,1.0000000000000002,0.0,0.6153846153846154,0
0.0,0.05139302136867731,0.8432249004005901,0.054809308100272375,0.00018402367771319823,0.00018402367771319823,0.810708898944193,0.006904355812122802,1.0000000000000002,0.0,0.9230769230769231,0
0.0,0.18095753313497429,0.8432249004005901,0.7923212011414592,0.00018402367771319823,0.00018402367771319823,0.74745884976064,0.006904355812122802,1.0000000000000002,0.0,0.9230769230769231,0
0.0,0.0,0.8432249004005901,0.4733882386824067,0.00018402367771319823,0.00018402367771319823,0.5465604301921437,0.006904355812122802,1.0000000000000002,0.0,0.6153846153846154,0
0.0,0.0,0.8432249004005901,0.23563172459574866,0.00018402367771319823,0.00018402367771319823,0.8745819397993311,0.006904355812122802,1.0000000000000002,0.0,0.6153846153846154,0
0.0,0.0032458750338111974,0.8432249004005901,0.05480837483586205,0.00018402367771319823,0.00018402367771319823,0.7446062036854876,0.006904355812122802,1.0000000000000002,0.0,0.6153846153846154,0
0.0,0.0032458750338111974,0.8432249004005901,0.3289368966013002,0.00018402367771319823,0.00018402367771319823,0.6982752967407698,0.006904355812122802,1.0000000000000002,0.0,0.6153846153846154,0
0.03225806451612903,0.042737354611847446,0.8432249004005901,0.23273195427416632,0.00018402367771319823,0.00018402367771319823,0.8869434061249918,0.006904355812122802,1.0000000000000002,0.0,0.9230769230769231,0
0.0,0.0,0.8260421873068902,0.5759249705033349,0.00018402367771319823,0.00018402367771319823,0.007262771329267492,0.6361519286276567,1.0000000000000002,0.0,0.15384615384615385,0
0.0,0.0032458750338111974,0.8432249004005901,0.8207539168676617,0.00018402367771319823,0.00018402367771319823,0.5610531838153321,0.006904355812122802,1.0000000000000002,0.0,0.6153846153846154,0
0.0,0.0032458750338111974,0.8432249006789202,0.054809303952430555,0.00018402367771319823,0.00018402367771319823,0.7919207816906026,0.006904355812122802,1.0000000000000002,0.0,0.6153846153846154,0
0.0,0.0032458750338111974,0.8432249006789202,0.2443330102097266,0.00018402367771319823,0.00018402367771319823,0.8377598531051216,0.006904355812122802,1.0000000000000002,0.0,0.6153846153846154,0
0.0,0.0032458750338111974,0.8432249006789202,0.7923319437752597,0.00018402367771319823,0.00018402367771319823,0.9049117974949177,0.006904355812122802,1.0000000000000002,0.0,0.6153846153846154,0
0.0,0.005409791723018665,0.9999998099005426,0.5759249705033349,0.00018402367771319823,0.00018402367771319823,0.007262771329267492,0.753443977958541,1.0000000000000002,0.0,0.6923076923076923,0
0.0,0.0032458750338111974,0.8432249006789202,0.9935819580711421,0.00018402367771319823,0.00018402367771319823,0.6052528034625221,0.006904355812122802,1.0000000000000002,0.0,0.6153846153846154,0
0.0,0.05382742764403571,0.8432249004005901,0.6928023248275138,0.00018402367771319823,0.00018402367771319823,0.5682011935208866,0.006904355812122802,1.0000000000000002,0.0,0.9230769230769231,0
0.06451612903225806,0.03137679199350825,0.8432249004005901,0.6928023248275138,0.00018402367771319823,0.00018402367771319823,0.5679716702734605,0.006904355812122802,1.0000000000000002,0.0,0.6153846153846154,0
0.0,0.0032458750338111974,0.8432249009572502,0.05480932026727506,0.00018402367771319823,0.00018402367771319823,0.9651124663912387,0.006904355812122802,1.0000000000000002,0.0,0.6153846153846154,0
0.0,0.0032458750338111974,0.8432249009572502,0.054809309759409106,0.00018402367771319823,0.00018402367771319823,0.7170306249590137,0.006904355812122802,1.0000000000000002,0.0,0.6153846153846154,0
0.06451612903225806,0.03137679199350825,0.8432249009572502,0.05480930312286218,0.00018402367771319823,0.00018402367771319823,0.7282444750475441,0.006904355812122802,1.0000000000000002,0.0,0.6153846153846154,0
0.0,0.005409791723018665,0.8432249009572502,0.054809305335044495,0.00018402367771319823,0.00018402367771319823,0.8067742147026034,0.006904355812122802,1.0000000000000002,0.0,0.07692307692307693,0
0.0,0.0032458750338111974,0.8432249009572502,0.05480932026727506,0.00018402367771319823,0.00018402367771319823,0.9656043019214374,0.006904355812122802,1.0000000000000002,0.0,0.6153846153846154,0
0.0,0.0032458750338111974,0.8432249009572502,0.7923319437752597,0.00018402367771319823,0.00018402367771319823,0.8747130959407173,0.006904355812122802,1.0000000000000002,0.0,0.6153846153846154,0
0.0,0.013794968893697591,0.8432249009572502,0.9935819547528687,0.00018402367771319823,0.00018402367771319823,0.6519771788313987,0.006904355812122802,1.0000000000000002,0.0,0.9230769230769231,0
0.0,0.0032458750338111974,0.8432249006789202,2.68926707250889e-05,0.00018402367771319823,0.00018402367771319823,0.905895468555315,0.006904355812122802,1.0000000000000002,0.0,0.6153846153846154,0
0.0,0.0032458750338111974,0.8432249006789202,0.96361123282807,0.00018402367771319823,0.00018402367771319823,0.6033510394124204,0.006904355812122802,1.0000000000000002,0.0,0.6153846153846154,0
0.0,0.0,0.8432249006789202,2.68926707250889e-05,0.00018402367771319823,0.00018402367771319823,0.9061577808380877,0.006904355812122802,1.0000000000000002,0.0,0.15384615384615385,0
0.0,0.0032458750338111974,0.8432249006789202,0.13449011522436638,0.00018402367771319823,0.00018402367771319823,0.6662076201718145,0.006904355812122802,1.0000000000000002,0.0,0.6153846153846154,0
0.0,0.0032458750338111974,0.8432249006789202,0.8075202170214111,0.00018402367771319823,0.00018402367771319823,0.8600563971407961,0.006904355812122802,1.0000000000000002,0.0,0.6153846153846154,0
0.0,0.0032458750338111974,0.8432249006789202,0.4735993981200567,0.00018402367771319823,0.00018402367771319823,0.9969834087481145,0.006904355812122802,1.0000000000000002,0.0,0.6153846153846154,0
0.0,0.0032458750338111974,0.8432249006789202,0.8075202175744567,0.00018402367771319823,0.00018402367771319823,0.8461538461538461,0.006904355812122802,1.0000000000000002,0.0,0.6153846153846154,0
0.0,0.015688395996754124,0.8432249004005901,0.2327119918175602,0.00018402367771319823,0.00018402367771319823,0.789002557544757,0.006904355812122802,1.0000000000000002,0.0,0.9230769230769231,0
0.0,0.0032458750338111974,0.8432249004005901,0.8207539157615705,0.00018402367771319823,0.00018402367771319823,0.8988130369204538,0.006904355812122802,1.0000000000000002,0.0,0.6538461538461539,0
0.0,0.009737625101433596,0.8432249004005901,0.15717638434188375,0.00018402367771319823,0.00018402367771319823,0.8309069447176863,0.006904355812122802,1.0000000000000002,0.0,0.9230769230769231,0
0.06451612903225806,0.03137679199350825,0.8432249006789202,0.1344901240730956,0.00018402367771319823,0.00018402367771319823,0.6777165715784641,0.006904355812122802,1.0000000000000002,0.0,0.6153846153846154,0
0.0,0.0,0.8432249004005901,0.4732517890655933,0.00018402367771319823,0.00018402367771319823,0.755426585349859,0.006904355812122802,1.0000000000000002,0.0,0.6153846153846154,0
0.0,0.13335136597241004,0.8432249006789202,0.8075202170214111,0.00018402367771319823,0.00018402367771319823,0.860613810741688,0.006904355812122802,1.0000000000000002,0.0,0.9230769230769231,0
0.0,0.0032458750338111974,0.8432249006789202,0.7923319468170104,0.00018402367771319823,0.00018402367771319823,0.6365007541478129,0.006904355812122802,1.0000000000000002,0.0,0.6153846153846154,0
0.0,0.009737625101433596,0.8432249006789202,0.47442096833966135,0.00018402367771319823,0.00018402367771319823,0.9366187946750606,0.006904355812122802,1.0000000000000002,0.0,0.9230769230769231,0
0.0,0.0,0.8432249006789202,0.00010277356556989865,0.00018402367771319823,0.00018402367771319823,0.9958030034756377,0.006904355812122802,1.0000000000000002,0.0,0.15384615384615385,0
0.0,0.0032458750338111974,0.8432249009572502,0.7923319437752597,0.00018402367771319823,0.00018402367771319823,0.8747130959407173,0.006904355812122802,1.0000000000000002,0.0,0.6153846153846154,0
0.06451612903225806,0.02163916689207466,0.8432249009572502,0.7497424367893399,0.00018402367771319823,0.00018402367771319823,0.857957898878615,0.006904355812122802,1.0000000000000002,0.0,0.6153846153846154,0
0.0,0.0,0.8432249009572502,0.7497424367893399,0.00018402367771319823,0.00018402367771319823,0.8579906879139615,0.006904355812122802,1.0000000000000002,0.0,0.6153846153846154,0
0.03225806451612903,0.39031647281579657,0.8432249009572502,0.7497424367893399,0.00018402367771319823,0.00018402367771319823,0.8578923208079218,0.006904355812122802,1.0000000000000002,0.0,0.9230769230769231,0
0.03225806451612903,0.010819583446037328,0.8432249009572502,0.7497424367893399,0.00018402367771319823,0.00018402367771319823,0.8580890550200012,0.006904355812122802,1.0000000000000002,0.0,0.6153846153846154,0
0.03225806451612903,0.010819583446037328,0.8432249009572502,0.7497424367893399,0.00018402367771319823,0.00018402367771319823,0.8581546330906944,0.006904355812122802,1.0000000000000002,0.0,0.6153846153846154,0
0.03225806451612903,0.010819583446037328,0.8432249009572502,0.7497424367893399,0.00018402367771319823,0.00018402367771319823,0.8582530001967341,0.006904355812122802,1.0000000000000002,0.0,0.6153846153846154,0
0.0,0.0032458750338111974,0.8432249004005901,0.05480930312286218,0.00018402367771319823,0.00018402367771319823,0.9796707980851203,0.006904355812122802,1.0000000000000002,0.0,0.6153846153846154,0
0.16129032258064516,0.07357316743305382,0.8432249004005901,0.054809305611567286,0.00018402367771319823,0.00018402367771319823,0.7206374188471375,0.006904355812122802,1.0000000000000002,0.0,0.6153846153846154,0
0.0,0.0032458750338111974,0.8432249004005901,0.7923319468170104,0.00018402367771319823,0.00018402367771319823,0.6055479047806414,0.006904355812122802,1.0000000000000002,0.0,0.6153846153846154,0
0.06451612903225806,0.03137679199350825,0.8432249004005901,0.7923319437752597,0.00018402367771319823,0.00018402367771319823,0.7617220801364023,0.006904355812122802,1.0000000000000002,0.0,0.6153846153846154,0
0.03225806451612903,0.017311333513659724,0.8432249004005901,0.7923319468170104,0.00018402367771319823,0.00018402367771319823,0.605416748639255,0.006904355812122802,1.0000000000000002,0.0,0.6153846153846154,0
0.0,0.0032458750338111974,0.8432249004005901,0.9935812855677212,0.00018402367771319823,0.00018402367771319823,0.882156206964391,0.006904355812122802,1.0000000000000002,0.0,0.6153846153846154,0
0.0,0.005409791723018665,0.7974237805591439,0.5759249705033349,0.00018402367771319823,0.00018402367771319823,0.007262771329267492,0.5396221464182629,1.0000000000000002,0.0,0.6923076923076923,0
0.12903225806451613,0.0595077089532053,0.8432249004005901,0.3876617817622919,0.00018402367771319823,0.00018402367771319823,0.7680503639582923,0.006904355812122802,1.0000000000000002,0.0,0.6153846153846154,0
0.0967741935483871,0.045442250473356774,0.8432249004005901,0.3876617817622919,0.00018402367771319823,0.00018402367771319823,0.7678864187815594,0.006904355812122802,1.0000000000000002,0.0,0.6153846153846154,0
0.06451612903225806,0.03137679199350825,0.8432249004005901,0.3876617817622919,0.00018402367771319823,0.00018402367771319823,0.7680831529936388,0.006904355812122802,1.0000000000000002,0.0,0.6153846153846154,0
0.03225806451612903,0.020557208547470923,0.8432249004005901,0.3876617817622919,0.00018402367771319823,0.00018402367771319823,0.7679519968522526,0.006904355812122802,1.0000000000000002,0.0,0.6153846153846154,0
0.0,0.0032458750338111974,0.8432249004005901,0.7923319490291927,0.00018402367771319823,0.00018402367771319823,0.5600367237195881,0.006904355812122802,1.0000000000000002,0.0,0.6153846153846154,0
0.0,0.0,0.8432249009572502,0.7497424367893399,0.00018402367771319823,0.00018402367771319823,0.862089317332284,0.006904355812122802,1.0000000000000002,0.16666666666666666,0.15384615384615385,0
0.0,0.0032458750338111974,0.8432249004005901,0.7923319490291927,0.00018402367771319823,0.00018402367771319823,0.5601023017902813,0.006904355812122802,1.0000000000000002,0.0,0.6153846153846154,0
0.03225806451612903,0.06329456315931836,0.8432249004005901,0.792321210543234,0.00018402367771319823,0.00018402367771319823,0.9815069840645287,0.006904355812122802,1.0000000000000002,0.0,0.9230769230769231,0
0.29032258064516125,0.1298350013524479,0.8432249004005901,0.3876617817622919,0.00018402367771319823,0.00018402367771319823,0.7680175749229458,0.006904355812122802,1.0000000000000002,0.0,0.6153846153846154,0
0.0,0.14308899107384365,0.8432249006789202,0.054809305611567286,0.00018402367771319823,0.00018402367771319823,0.5607908715325595,0.006904355812122802,1.0000000000000002,0.0,0.9230769230769231,0
0.0,0.010819583446037328,0.8432248998439299,0.8378249162567811,1.0,0.00018402367771319823,0.0,0.02064746785620572,0.0,1.0,0.0,0
0.0,0.0032458750338111974,0.8432249006789202,0.05480929925154315,0.00018402367771319823,0.00018402367771319823,0.6587645091481408,0.006904355812122802,1.0000000000000002,0.0,0.6538461538461539,0
0.12903225806451613,0.0595077089532053,0.8432249006789202,0.05480930312286218,0.00018402367771319823,0.00018402367771319823,0.6111548298249065,0.006904355812122802,1.0000000000000002,0.0,0.6153846153846154,0
0.0,0.0032458750338111974,0.8432249006789202,0.7923319437752597,0.00018402367771319823,0.00018402367771319823,0.9183225129516689,0.006904355812122802,1.0000000000000002,0.0,0.6153846153846154,0
0.0,0.011631052204490127,0.8432249006789202,0.7923212011414592,0.00018402367771319823,0.00018402367771319823,0.5711849957374253,0.006904355812122802,1.0000000000000002,0.0,0.9230769230769231,0
0.0,0.0032458750338111974,0.8432249009572502,0.08665165405461392,0.00018402367771319823,0.00018402367771319823,0.9833759590792838,0.006904355812122802,1.0000000000000002,0.0,0.6153846153846154,0
0.0,0.0032458750338111974,0.8432249004005901,0.3876617817622919,0.00018402367771319823,0.00018402367771319823,0.7680831529936388,0.006904355812122802,1.0000000000000002,0.0,0.6153846153846154,0
0.0,0.0032458750338111974,0.8432249006789202,0.10105564341392743,0.00018402367771319823,0.00018402367771319823,0.5532493934028461,0.006904355812122802,1.0000000000000002,0.0,0.6153846153846154,0
0.0,0.0032458750338111974,0.8432249006789202,0.3289365979566889,0.00018402367771319823,0.00018402367771319823,0.8644829169125844,0.006904355812122802,1.0000000000000002,0.0,0.6153846153846154,0
0.0,0.005409791723018665,0.8432249001222599,0.5759250039625923,0.015979389348096125,0.015979389348096125,0.548101514853433,0.0009511939123589609,1.0000000000000002,0.0,0.07692307692307693,1
0.0,0.0032458750338111974,0.5796132508424302,0.8378249157037355,0.015979389348096125,0.015979389348096125,0.001311561413863204,0.5544148517449488,1.0000000000000002,0.0,0.6538461538461539,1
0.0,0.005409791723018665,0.8432249001222599,0.5759250039625923,0.015979389348096125,0.015979389348096125,0.561217128992065,0.0009511939123589609,1.0000000000000002,0.0,0.07692307692307693,1
0.0,0.005409791723018665,0.8432249001222599,0.5759250039625923,0.015979389348096125,0.015979389348096125,0.5677749360613811,0.0009511939123589609,1.0000000000000002,0.0,0.07692307692307693,1
0.0,0.0032458750338111974,0.8432249001222599,0.5759250039625923,0.015979389348096125,0.015979389348096125,0.574332743130697,0.0009511939123589609,1.0000000000000002,0.0,0.6153846153846154,1
0.0,0.0032458750338111974,0.5796132508424302,0.8378249157037355,0.015979389348096125,0.015979389348096125,0.001311561413863204,0.5806546838100235,1.0000000000000002,0.0,0.6538461538461539,1
0.03225806451612903,0.032458750338111984,0.5796132174428184,0.5759250039625923,1.0,0.015979389348096125,0.0,0.02064746785620572,0.0,1.0,0.0,1
0.0,0.0032458750338111974,0.8432249001222599,0.5759250039625923,0.015979389348096125,0.015979389348096125,0.5874483572693291,0.0009511939123589609,1.0000000000000002,0.0,0.6153846153846154,1
0.0,0.0032458750338111974,0.5796132508424302,0.8378249157037355,0.015979389348096125,0.015979389348096125,0.001311561413863204,0.5937418000524796,1.0000000000000002,0.0,0.6153846153846154,1
0.0,0.0032458750338111974,0.8432249001222599,0.5759250039625923,0.015979389348096125,0.015979389348096125,0.6004656043019214,0.0009511939123589609,1.0000000000000002,0.0,0.6538461538461539,1
0.0,0.0032458750338111974,0.8432249004005901,0.5759249735450856,0.015979389348096125,0.015979389348096125,0.7268017574922945,0.0009511939123589609,1.0000000000000002,0.0,0.6538461538461539,1
0.0,0.0032458750338111974,0.8432249004005901,0.5759249735450856,0.015979389348096125,0.015979389348096125,0.7333595645616106,0.0009511939123589609,1.0000000000000002,0.0,0.6153846153846154,1
0.0,0.0032458750338111974,0.8432249004005901,0.5759249735450856,0.015979389348096125,0.015979389348096125,0.7399173716309265,0.0009511939123589609,1.0000000000000002,0.0,0.6538461538461539,1
0.0,0.005409791723018665,0.5796132202261193,0.8378249159802583,0.015979389348096125,0.015979389348096125,0.001311561413863204,0.7463920230910521,1.0000000000000002,0.0,0.6923076923076923,1
0.0,0.12117933459561807,0.8432249004005901,0.5759249735450856,0.015979389348096125,0.015979389348096125,0.7530657748049052,0.0009511939123589609,1.0000000000000002,0.0,0.9230769230769231,1
0.0,0.0032458750338111974,0.8432249004005901,0.5759249735450856,0.015979389348096125,0.015979389348096125,0.7595907928388747,0.0009511939123589609,1.0000000000000002,0.0,0.6153846153846154,1
0.0,0.0032458750338111974,0.5796132202261193,0.8378249159802583,0.015979389348096125,0.015979389348096125,0.001311561413863204,0.7661046969299395,1.0000000000000002,0.0,0.6153846153846154,1
0.0,0.0032458750338111974,0.5796132202261193,0.8378249159802583,0.015979389348096125,0.015979389348096125,0.001311561413863204,0.7726646549462083,1.0000000000000002,0.0,0.6153846153846154,1
0.0,0.0032458750338111974,0.8432249006789202,0.5759250128113216,0.015979389348096125,0.015979389348096125,0.6817824119614401,0.0009511939123589609,1.0000000000000002,0.0,0.6153846153846154,1
0.0,0.0032458750338111974,0.8432249006789202,0.5759250128113216,0.015979389348096125,0.015979389348096125,0.688340219030756,0.0009511939123589609,1.0000000000000002,0.0,0.6153846153846154,1
0.0,0.0032458750338111974,0.8432249006789202,0.5759250128113216,0.015979389348096125,0.015979389348096125,0.6948980261000721,0.0009511939123589609,1.0000000000000002,0.0,0.6153846153846154,1
0.0,0.005409791723018665,0.8432249006789202,0.5759250128113216,0.015979389348096125,0.015979389348096125,0.7014886222047347,0.0009511939123589609,1.0000000000000002,0.0,0.07692307692307693,1
0.0,0.0032458750338111974,0.5796132597489934,0.8378249162567811,0.015979389348096125,0.015979389348096125,0.001311561413863204,0.7078850695355549,1.0000000000000002,0.0,0.6153846153846154,1
0.0,0.0032458750338111974,0.8432249006789202,0.5759250128113216,0.015979389348096125,0.015979389348096125,0.7145714473080201,0.0009511939123589609,1.0000000000000002,0.0,0.6153846153846154,1
0.0,0.11739248038950502,0.8432249006789202,0.5759250128113216,0.015979389348096125,0.015979389348096125,0.7211620434126828,0.0009511939123589609,1.0000000000000002,0.0,0.9230769230769231,1
0.0,0.14714633486610765,0.5796132597489934,0.8378249162567811,0.015979389348096125,0.015979389348096125,0.001311561413863204,0.7275977433744423,1.0000000000000002,0.0,0.9230769230769231,1
0.0,0.0032458750338111974,0.5796132536257311,0.8378249173628722,0.015979389348096125,0.015979389348096125,0.007262771329267492,0.7369456835476252,1.0000000000000002,0.0,0.6153846153846154,1
0.0,0.0032458750338111974,0.8432249017922405,0.5759250067278202,0.015979389348096125,0.015979389348096125,0.7436553216604367,0.006904355812122802,1.0000000000000002,0.0,0.6153846153846154,1
0.0,0.0032458750338111974,0.5796132536257311,0.8378249173628722,0.015979389348096125,0.015979389348096125,0.007262771329267492,0.7500983993702439,1.0000000000000002,0.0,0.6153846153846154,1
0.0,0.0032458750338111974,0.8432249001222599,0.5759250039625923,0.015979389348096125,0.015979389348096125,0.731687323758935,0.0009511939123589609,1.0000000000000002,0.0,0.6153846153846154,1
0.0,0.15390857451988096,0.5796132508424302,0.8378249157037355,0.015979389348096125,0.015979389348096125,0.001311561413863204,0.7380936762004723,1.0000000000000002,0.0,0.9230769230769231,1
0.0,0.12631863673248578,0.8432249017922405,0.5759250067278202,0.015979389348096125,0.015979389348096125,0.7699193389730473,0.006904355812122802,1.0000000000000002,0.0,0.9230769230769231,1
0.0,0.0032458750338111974,0.5796132536257311,0.8378249173628722,0.015979389348096125,0.015979389348096125,0.007262771329267492,0.7762398320650747,1.0000000000000002,0.0,0.6153846153846154,1
0.0,0.005409791723018665,0.8432249001222599,0.5759250039625923,0.015979389348096125,0.015979389348096125,0.7581808643189717,0.0009511939123589609,1.0000000000000002,0.0,0.07692307692307693,1
0.0,0.0032458750338111974,0.8432249017922405,0.5759250067278202,0.015979389348096125,0.015979389348096125,0.789625549216342,0.006904355812122802,1.0000000000000002,0.0,0.6153846153846154,1
0.0,0.0032458750338111974,0.8432249017922405,0.5759250067278202,0.015979389348096125,0.015979389348096125,0.7961177782149649,0.006904355812122802,1.0000000000000002,0.0,0.6153846153846154,1
0.0,0.0032458750338111974,0.5796132508424302,0.8378249157037355,0.015979389348096125,0.015979389348096125,0.001311561413863204,0.7775518236683284,1.0000000000000002,0.0,0.6153846153846154,1
0.0,0.005409791723018665,0.5796132536257311,0.8378249173628722,0.015979389348096125,0.015979389348096125,0.007262771329267492,0.8092692206769876,1.0000000000000002,0.0,0.6923076923076923,1
0.0,0.005409791723018665,0.5796132536257311,0.8378249173628722,0.015979389348096125,0.015979389348096125,0.007262771329267492,0.8158291786932563,1.0000000000000002,0.0,0.6923076923076923,1
0.03225806451612903,0.03678658371652692,0.5796132174428184,0.5759250067278202,1.0,0.015979389348096125,0.0,0.02064746785620572,0.0,1.0,0.0,1
0.0,0.0032458750338111974,0.5796132664289156,0.8378249170863494,0.015979389348096125,0.015979389348096125,0.001311561413863204,0.8884479139333508,1.0000000000000002,0.0,0.6153846153846154,1
0.0,0.0032458750338111974,0.8432249015139105,0.5759250194478684,0.015979389348096125,0.015979389348096125,0.8954029772444094,0.0009511939123589609,1.0000000000000002,0.0,0.6153846153846154,1
0.0,0.005409791723018665,0.8432249004005901,0.5759249735450856,0.015979389348096125,0.015979389348096125,0.9303560889238638,0.0009511939123589609,1.0000000000000002,0.0,0.07692307692307693,1
0.0,0.1141466053556938,0.5796132664289156,0.8378249170863494,0.015979389348096125,0.015979389348096125,0.001311561413863204,0.9083573865127262,1.0000000000000002,0.0,0.9230769230769231,1
0.03225806451612903,0.03678658371652692,0.5796132174428184,0.5759249735450856,1.0,0.015979389348096125,0.0,0.02064746785620572,0.0,1.0,0.0,1
0.0,0.005409791723018665,0.5796132202261193,0.8378249159802583,0.015979389348096125,0.015979389348096125,0.001311561413863204,0.9433875623196011,1.0000000000000002,0.0,0.6923076923076923,1
0.0,0.1947525020286719,0.8432249004005901,0.5759249735450856,0.015979389348096125,0.015979389348096125,0.9499967210964653,0.0009511939123589609,1.0000000000000002,0.0,0.9230769230769231,1
0.0,0.0032458750338111974,0.5796132202261193,0.8378249159802583,0.015979389348096125,0.015979389348096125,0.001311561413863204,0.9565074783521385,1.0000000000000002,0.0,0.6153846153846154,1
0.0,0.0032458750338111974,0.5796132202261193,0.8378249159802583,0.015979389348096125,0.015979389348096125,0.001311561413863204,0.9630674363684072,1.0000000000000002,0.0,0.6153846153846154,1
0.0,0.005409791723018665,0.8432249015139105,0.5759250194478684,0.015979389348096125,0.015979389348096125,0.9413404157649682,0.0009511939123589609,1.0000000000000002,0.0,0.07692307692307693,1
0.0,0.010819583446037328,0.5796132174428184,0.5759250194478684,1.0,0.015979389348096125,0.0,0.02064746785620572,0.0,1.0,0.0,1
0.0,0.0032458750338111974,0.5796132664289156,0.8378249170863494,0.015979389348096125,0.015979389348096125,0.001311561413863204,0.9477827341905011,1.0000000000000002,0.0,0.6538461538461539,1
0.0,0.0032458750338111974,0.8432249015139105,0.5759250194478684,0.015979389348096125,0.015979389348096125,0.9544232408682536,0.0009511939123589609,1.0000000000000002,0.0,0.6153846153846154,1
0.0,0.15444955369218283,0.8432249006789202,0.5759250128113216,0.015979389348096125,0.015979389348096125,0.8916978162502459,0.0009511939123589609,1.0000000000000002,0.0,0.9230769230769231,1
0.0,0.1425480119015418,0.5796132597489934,0.8378249162567811,0.015979389348096125,0.015979389348096125,0.001311561413863204,0.8978286538966149,1.0000000000000002,0.0,0.9230769230769231,1
0.0,0.1428185014876927,0.5796132597489934,0.8378249162567811,0.015979389348096125,0.015979389348096125,0.001311561413863204,0.9046838100236158,1.0000000000000002,0.0,0.9230769230769231,1
0.0,0.0032458750338111974,0.8432249009572502,0.5759250130878443,0.015979389348096125,0.015979389348096125,0.9794412748376942,0.006904355812122802,1.0000000000000002,0.0,0.6153846153846154,1
0.0,0.005409791723018665,0.8432249009572502,0.5759250130878443,0.015979389348096125,0.015979389348096125,0.9859990819070102,0.006904355812122802,1.0000000000000002,0.0,0.07692307692307693,1
0.0,0.0032458750338111974,0.5796132597489934,0.8378249162567811,0.015979389348096125,0.015979389348096125,0.001311561413863204,0.9245604828129099,1.0000000000000002,0.0,0.6153846153846154,1
0.0,0.0032458750338111974,0.8432249006789202,0.5759250128113216,0.015979389348096125,0.015979389348096125,0.9310774477014886,0.0009511939123589609,1.0000000000000002,0.0,0.6153846153846154,1
0.0,0.13930213686773057,0.8432249009572502,0.5759250130878443,0.015979389348096125,0.015979389348096125,0.5428224801626336,0.006904355812122802,1.0000000000000002,0.0,0.9230769230769231,1
0.0,0.0032458750338111974,0.5796132600273234,0.8378249165333039,0.015979389348096125,0.015979389348096125,0.007262771329267492,0.549002886381527,1.0000000000000002,0.0,0.6153846153846154,1
0.0,0.005409791723018665,0.8432249009572502,0.5759250130878443,0.015979389348096125,0.015979389348096125,0.5559708833366122,0.006904355812122802,1.0000000000000002,0.0,0.07692307692307693,1
0.0,0.11549905328644848,0.5796132600273234,0.8378249165333039,0.015979389348096125,0.015979389348096125,0.007262771329267492,0.5622868013644712,1.0000000000000002,0.0,0.9230769230769231,1
0.0,0.0032458750338111974,0.8432249009572502,0.5759250130878443,0.015979389348096125,0.015979389348096125,0.5690537084398977,0.006904355812122802,1.0000000000000002,0.0,0.6153846153846154,1
0.0,0.0032458750338111974,0.8432249009572502,0.5759250130878443,0.015979389348096125,0.015979389348096125,0.5756115155092136,0.006904355812122802,1.0000000000000002,0.0,0.6153846153846154,1
0.0,0.14200703272923992,0.5796132536257311,0.8378249173628722,0.015979389348096125,0.015979389348096125,0.007262771329267492,0.979860928890055,1.0000000000000002,0.0,0.9230769230769231,1
0.0,0.0032458750338111974,0.5796132600273234,0.8378249165333039,0.015979389348096125,0.015979389348096125,0.007262771329267492,0.5884610338493833,1.0000000000000002,0.0,0.6153846153846154,1
0.0,0.0032458750338111974,0.5796132536257311,0.8378249173628722,0.015979389348096125,0.015979389348096125,0.007262771329267492,0.9930792442928364,1.0000000000000002,0.0,0.6153846153846154,1
0.0,0.24506356505274546,0.8432249017922405,0.5759250067278202,0.015979389348096125,0.015979389348096125,0.9997048986818807,0.006904355812122802,1.0000000000000002,0.0,0.9230769230769231,1
0.0,0.005409791723018665,0.8432249012355804,0.5759250249783242,0.015979389348096125,0.015979389348096125,0.8521542396222702,0.0009511939123589609,1.0000000000000002,0.0,0.07692307692307693,1
0.0,0.11712199080335407,0.5796132719955177,0.8378249168098267,0.015979389348096125,0.015979389348096125,0.001311561413863204,0.8584033062188401,1.0000000000000002,0.0,0.9230769230769231,1
0.0,0.19799837706248308,0.8432249017922405,0.5759250067278202,0.015979389348096125,0.015979389348096125,0.5564627188668109,0.006904355812122802,1.0000000000000002,0.0,0.9230769230769231,1
0.0,0.005409791723018665,0.5796132719955177,0.8378249168098267,0.015979389348096125,0.015979389348096125,0.001311561413863204,0.8717856205720282,1.0000000000000002,0.0,0.6923076923076923,1
0.0,0.13686773059237217,0.5796132719955177,0.8378249168098267,0.015979389348096125,0.015979389348096125,0.001311561413863204,0.878345578588297,1.0000000000000002,0.0,0.9230769230769231,1
0.0,0.0032458750338111974,0.8432249012355804,0.5759250249783242,0.015979389348096125,0.015979389348096125,0.8850088530395435,0.0009511939123589609,1.0000000000000002,0.0,0.6153846153846154,1
0.0,0.0032458750338111974,0.8432249012355804,0.5759250249783242,0.015979389348096125,0.015979389348096125,0.8915994491442061,0.0009511939123589609,1.0000000000000002,0.0,0.6153846153846154,1
0.0,0.11955639707871248,0.8432249020705707,0.5759250023034556,0.015979389348096125,0.015979389348096125,0.6537805757754607,0.0009511939123589609,1.0000000000000002,0.0,0.9230769230769231,1
0.0,0.12442520962942928,0.8432249020705707,0.5759250023034556,0.015979389348096125,0.015979389348096125,0.6603711718801233,0.0009511939123589609,1.0000000000000002,0.0,0.9230769230769231,1
0.0,0.1403840952123343,0.5796132719955177,0.8378249168098267,0.015979389348096125,0.015979389348096125,0.001311561413863204,0.9111781684597218,1.0000000000000002,0.0,0.9230769230769231,1
0.0,0.005409791723018665,0.8432249015139105,0.5759250194478684,0.015979389348096125,0.015979389348096125,0.6755524952455898,0.0009511939123589609,1.0000000000000002,0.0,0.07692307692307693,1
0.0,0.005409791723018665,0.8432249015139105,0.5759250194478684,0.015979389348096125,0.015979389348096125,0.6821103023149059,0.0009511939123589609,1.0000000000000002,0.0,0.07692307692307693,1
0.0,0.13903164728157966,0.8432249020705707,0.5759250023034556,0.015979389348096125,0.015979389348096125,0.6866679782280805,0.0009511939123589609,1.0000000000000002,0.0,0.9230769230769231,1
0.0,0.0032458750338111974,0.8432249015139105,0.5759250194478684,0.015979389348096125,0.015979389348096125,0.6952259164535379,0.0009511939123589609,1.0000000000000002,0.0,0.6153846153846154,1
0.0,0.005409791723018665,0.8432249015139105,0.5759250194478684,0.015979389348096125,0.015979389348096125,0.7017837235228539,0.0009511939123589609,1.0000000000000002,0.0,0.07692307692307693,1
0.0,0.005409791723018665,0.8432249015139105,0.5759250194478684,0.015979389348096125,0.015979389348096125,0.70834153059217,0.0009511939123589609,1.0000000000000002,0.0,0.07692307692307693,1
0.0,0.005409791723018665,0.8432249020705707,0.5759250023034556,0.015979389348096125,0.015979389348096125,0.7129319955406912,0.0009511939123589609,1.0000000000000002,0.0,0.07692307692307693,1
0.0,0.0032458750338111974,0.8432249020705707,0.5759250023034556,0.015979389348096125,0.015979389348096125,0.7194570135746606,0.0009511939123589609,1.0000000000000002,0.0,0.6153846153846154,1
0.0,0.005409791723018665,0.5796132491724496,0.837824917639395,0.015979389348096125,0.015979389348096125,0.001311561413863204,0.7258593545001312,1.0000000000000002,0.0,0.6923076923076923,1
0.0,0.0032458750338111974,0.8432249020705707,0.5759250023034556,0.015979389348096125,0.015979389348096125,0.7324742606072528,0.0009511939123589609,1.0000000000000002,0.0,0.6153846153846154,1
0.0,0.13822017852312685,0.5796132491724496,0.837824917639395,0.015979389348096125,0.015979389348096125,0.001311561413863204,0.7389792705326685,1.0000000000000002,0.0,0.9230769230769231,1
0.0,0.12090884500946715,0.8432249020705707,0.5759250023034556,0.015979389348096125,0.015979389348096125,0.7455242966751917,0.0009511939123589609,1.0000000000000002,0.0,0.9230769230769231,1
0.0,0.0032458750338111974,0.8432249020705707,0.5759250023034556,0.015979389348096125,0.015979389348096125,0.7521804708505475,0.0009511939123589609,1.0000000000000002,0.0,0.6153846153846154,1
0.0,0.005409791723018665,0.8432249026272308,0.575924992625158,0.015979389348096125,0.015979389348096125,0.8162830349531116,0.006904355812122802,1.0000000000000002,0.0,0.07692307692307693,1
0.0,0.005409791723018665,0.8432249026272308,0.575924992625158,0.015979389348096125,0.015979389348096125,0.8228408420224277,0.006904355812122802,1.0000000000000002,0.0,0.07692307692307693,1
0.0,0.005409791723018665,0.5796132394308962,0.8378249181924406,0.015979389348096125,0.015979389348096125,0.007262771329267492,0.8292442928365258,1.0000000000000002,0.0,0.6923076923076923,1
0.0,0.0032458750338111974,0.8432249026272308,0.575924992625158,0.015979389348096125,0.015979389348096125,0.8358580890550199,0.006904355812122802,1.0000000000000002,0.0,0.6153846153846154,1
0.0,0.0032458750338111974,0.8432249026272308,0.575924992625158,0.015979389348096125,0.015979389348096125,0.842415896124336,0.006904355812122802,1.0000000000000002,0.0,0.6153846153846154,1
0.0,0.0032458750338111974,0.8432249026272308,0.575924992625158,0.015979389348096125,0.015979389348096125,0.848809758016919,0.006904355812122802,1.0000000000000002,0.0,0.6153846153846154,1
0.0,0.0032458750338111974,0.5796132394308962,0.8378249181924406,0.015979389348096125,0.015979389348096125,0.007262771329267492,0.8553201259511938,1.0000000000000002,0.0,0.6153846153846154,1
0.0,0.0032458750338111974,0.8432249009572502,0.5759250130878443,0.015979389348096125,0.015979389348096125,0.8053642861827005,0.006904355812122802,1.0000000000000002,0.0,0.6153846153846154,1
0.0,0.0032458750338111974,0.5796132394308962,0.8378249181924406,0.015979389348096125,0.015979389348096125,0.007262771329267492,0.8685712411440566,1.0000000000000002,0.0,0.6153846153846154,1
0.0,0.005409791723018665,0.8432249026272308,0.575924992625158,0.015979389348096125,0.015979389348096125,0.8754344547183421,0.006904355812122802,1.0000000000000002,0.0,0.07692307692307693,1
0.0,0.0032458750338111974,0.8432249026272308,0.575924992625158,0.015979389348096125,0.015979389348096125,0.8819922617876581,0.006904355812122802,1.0000000000000002,0.0,0.6153846153846154,1
0.0,0.0032458750338111974,0.5796132394308962,0.8378249181924406,0.015979389348096125,0.015979389348096125,0.007262771329267492,0.8884807137234321,1.0000000000000002,0.0,0.6153846153846154,1
0.0,0.0032458750338111974,0.8432249026272308,0.575924992625158,0.015979389348096125,0.015979389348096125,0.8951078759262902,0.006904355812122802,1.0000000000000002,0.0,0.6538461538461539,1
0.0,0.005409791723018665,0.8432249026272308,0.575924992625158,0.015979389348096125,0.015979389348096125,0.9017968391369925,0.006904355812122802,1.0000000000000002,0.0,0.07692307692307693,1
0.0,0.14795780362456043,0.5796132330293039,0.8378249195750546,0.015979389348096125,0.015979389348096125,0.007262771329267492,0.8660456573077931,1.0000000000000002,0.0,0.9230769230769231,1
0.03225806451612903,0.03678658371652692,0.5796132174428184,0.5759250249783242,1.0,0.015979389348096125,0.0,0.02064746785620572,0.0,1.0,0.0,1
0.0,0.005409791723018665,0.5796132719955177,0.8378249168098267,0.015979389348096125,0.015979389348096125,0.001311561413863204,0.6388415114143269,1.0000000000000002,0.0,0.6923076923076923,1
0.0,0.0032458750338111974,0.5796132330293039,0.8378249195750546,0.015979389348096125,0.015979389348096125,0.007262771329267492,0.8790999737601678,1.0000000000000002,0.0,0.6153846153846154,1
0.0,0.005409791723018665,0.5796132330293039,0.8378249195750546,0.015979389348096125,0.015979389348096125,0.007262771329267492,0.8856927315665178,1.0000000000000002,0.0,0.6923076923076923,1
0.0,0.0032458750338111974,0.8432249012355804,0.5759250249783242,0.015979389348096125,0.015979389348096125,0.6586005639714079,0.0009511939123589609,1.0000000000000002,0.0,0.6538461538461539,1
0.0,0.0032458750338111974,0.8432249012355804,0.5759250249783242,0.015979389348096125,0.015979389348096125,0.6652239491114171,0.0009511939123589609,1.0000000000000002,0.0,0.6153846153846154,1
0.0,0.0032458750338111974,0.8432249040188813,0.5759249862651339,0.015979389348096125,0.015979389348096125,0.9054364220604629,0.006904355812122802,1.0000000000000002,0.0,0.6153846153846154,1
0.0,0.0032458750338111974,0.5796132330293039,0.8378249195750546,0.015979389348096125,0.015979389348096125,0.007262771329267492,0.9118013644712673,1.0000000000000002,0.0,0.6538461538461539,1
0.0,0.0032458750338111974,0.8432249040188813,0.5759249862651339,0.015979389348096125,0.015979389348096125,0.918552036199095,0.006904355812122802,1.0000000000000002,0.0,0.6153846153846154,1
0.0,0.15634298079523937,0.5796132719955177,0.8378249168098267,0.015979389348096125,0.015979389348096125,0.001311561413863204,0.6912555759643138,1.0000000000000002,0.0,0.9230769230769231,1
0.0,0.005409791723018665,0.8432249040188813,0.5759249862651339,0.015979389348096125,0.015979389348096125,0.9317004393730736,0.006904355812122802,1.0000000000000002,0.0,0.07692307692307693,1
0.0,0.005409791723018665,0.5796132330293039,0.8378249195750546,0.015979389348096125,0.015979389348096125,0.007262771329267492,0.9382379952768302,1.0000000000000002,0.0,0.6923076923076923,1
0.06451612903225806,0.05842575060860157,0.5796132174428184,0.5759249862651339,1.0,0.015979389348096125,0.0,0.02064746785620572,0.0,1.0,0.0,1
0.0,0.0032458750338111974,0.8432249020705707,0.5759250023034556,0.015979389348096125,0.015979389348096125,0.9296019411108924,0.0009511939123589609,1.0000000000000002,0.0,0.6538461538461539,1
0.0,0.0032458750338111974,0.8432249020705707,0.5759250023034556,0.015979389348096125,0.015979389348096125,0.9361597481802085,0.0009511939123589609,1.0000000000000002,0.0,0.6153846153846154,1
0.0,0.005409791723018665,0.5796132257927212,0.837824919022009,0.015979389348096125,0.015979389348096125,0.007262771329267492,0.9269220676987666,1.0000000000000002,0.0,0.6923076923076923,1
0.0,0.307817149039762,0.8432249020705707,0.5759250023034556,0.015979389348096125,0.015979389348096125,0.9492753623188405,0.0009511939123589609,1.0000000000000002,0.0,0.9230769230769231,1
0.0,0.0032458750338111974,0.5796132491724496,0.837824917639395,0.015979389348096125,0.015979389348096125,0.001311561413863204,0.9557858829703489,1.0000000000000002,0.0,0.6538461538461539,1
0.03225806451612903,0.03462266702731945,0.5796132174428184,0.5759250023034556,1.0,0.015979389348096125,0.0,0.02064746785620572,0.0,1.0,0.0,1
0.0,0.0032458750338111974,0.5796132491724496,0.837824917639395,0.015979389348096125,0.015979389348096125,0.001311561413863204,0.962280241406455,1.0000000000000002,0.0,0.6153846153846154,1
0.0,0.0032458750338111974,0.8432249034622211,0.5759249790755414,0.015979389348096125,0.015979389348096125,0.9532100465604302,0.006904355812122802,1.0000000000000002,0.0,0.6153846153846154,1
0.0,0.14065458479848525,0.5796132491724496,0.837824917639395,0.015979389348096125,0.015979389348096125,0.001311561413863204,0.9754985568092364,1.0000000000000002,0.0,0.9230769230769231,1
0.0,0.0032458750338111974,0.8432249034622211,0.5759249790755414,0.015979389348096125,0.015979389348096125,0.9663912387697553,0.006904355812122802,1.0000000000000002,0.0,0.6153846153846154,1
0.0,0.0032458750338111974,0.5796132257927212,0.837824919022009,0.015979389348096125,0.015979389348096125,0.007262771329267492,0.9728089740225662,1.0000000000000002,0.0,0.6538461538461539,1
0.0,0.0032458750338111974,0.8432249034622211,0.5759249790755414,0.015979389348096125,0.015979389348096125,0.9795068529083873,0.006904355812122802,1.0000000000000002,0.0,0.6153846153846154,1
0.0,0.12144982418176901,0.8432249034622211,0.5759249790755414,0.015979389348096125,0.015979389348096125,0.9860646599777034,0.006904355812122802,1.0000000000000002,0.0,0.9230769230769231,1
0.0,0.005409791723018665,0.5796132394308962,0.8378249181924406,0.015979389348096125,0.015979389348096125,0.007262771329267492,0.6028929414851745,1.0000000000000002,0.0,0.6923076923076923,1
0.0,0.005409791723018665,0.5796132394308962,0.8378249181924406,0.015979389348096125,0.015979389348096125,0.007262771329267492,0.6093872999212805,1.0000000000000002,0.0,0.6923076923076923,1
0.0,0.0032458750338111974,0.5796132394308962,0.8378249181924406,0.015979389348096125,0.015979389348096125,0.007262771329267492,0.6157832589871424,1.0000000000000002,0.0,0.6538461538461539,1
0.0,0.0032458750338111974,0.843224902905561,0.5759249829468605,0.015979389348096125,0.015979389348096125,0.6861105646271887,0.006904355812122802,1.0000000000000002,0.0,0.6153846153846154,1
0.0,0.005409791723018665,0.5796132394308962,0.8378249181924406,0.015979389348096125,0.015979389348096125,0.007262771329267492,0.6290671739700865,1.0000000000000002,0.0,0.6923076923076923,1
0.0,0.0032458750338111974,0.5796132394308962,0.8378249181924406,0.015979389348096125,0.015979389348096125,0.007262771329267492,0.6355615324061925,1.0000000000000002,0.0,0.6538461538461539,1
0.0,0.005409791723018665,0.5796132394308962,0.8378249181924406,0.015979389348096125,0.015979389348096125,0.007262771329267492,0.6421870900026239,1.0000000000000002,0.0,0.6923076923076923,1
0.0,0.0032458750338111974,0.5796132394308962,0.8378249181924406,0.015979389348096125,0.015979389348096125,0.007262771329267492,0.6486486486486486,1.0000000000000002,0.0,0.6538461538461539,1
0.0967741935483871,0.08006491750067622,0.5796132174428184,0.575924992625158,1.0,0.015979389348096125,0.0,0.02064746785620572,0.0,1.0,0.0,1
0.0,0.0032458750338111974,0.5796132296893427,0.8378249184689635,0.015979389348096125,0.015979389348096125,0.007262771329267492,0.7188401994227236,1.0000000000000002,0.0,0.6153846153846154,1
0.0,0.0032458750338111974,0.843224902905561,0.5759249829468605,0.015979389348096125,0.015979389348096125,0.7255557741491245,0.006904355812122802,1.0000000000000002,0.0,0.6153846153846154,1
0.0,0.0032458750338111974,0.5796132296893427,0.8378249184689635,0.015979389348096125,0.015979389348096125,0.007262771329267492,0.7319929152453424,1.0000000000000002,0.0,0.6153846153846154,1
0.0,0.0032458750338111974,0.5796132241227407,0.8378249187454863,0.015979389348096125,0.015979389348096125,0.007262771329267492,0.8147467856205719,1.0000000000000002,0.0,0.6153846153846154,1
0.0,0.0032458750338111974,0.5796132296893427,0.8378249184689635,0.015979389348096125,0.015979389348096125,0.007262771329267492,0.744850432957229,1.0000000000000002,0.0,0.6153846153846154,1
0.0,0.0032458750338111974,0.8432249040188813,0.5759249862651339,0.015979389348096125,0.015979389348096125,0.6459112072922815,0.006904355812122802,1.0000000000000002,0.0,0.6538461538461539,1
0.0,0.0032458750338111974,0.8432249040188813,0.5759249862651339,0.015979389348096125,0.015979389348096125,0.652501803396944,0.006904355812122802,1.0000000000000002,0.0,0.6153846153846154,1
0.0,0.0032458750338111974,0.5796132330293039,0.8378249195750546,0.015979389348096125,0.015979389348096125,0.007262771329267492,0.6588493833639464,1.0000000000000002,0.0,0.6153846153846154,1
0.0,0.005409791723018665,0.5796132330293039,0.8378249195750546,0.015979389348096125,0.015979389348096125,0.007262771329267492,0.6655733403306218,1.0000000000000002,0.0,0.6923076923076923,1
0.0,0.0032458750338111974,0.5796132330293039,0.8378249195750546,0.015979389348096125,0.015979389348096125,0.007262771329267492,0.6721004985568092,1.0000000000000002,0.0,0.6153846153846154,1
0.0,0.0032458750338111974,0.5796132241227407,0.8378249187454863,0.015979389348096125,0.015979389348096125,0.007262771329267492,0.8605024927840461,1.0000000000000002,0.0,0.6153846153846154,1
0.0,0.1387611576954287,0.8432249031838911,0.5759249774164046,0.015979389348096125,0.015979389348096125,0.8674339300937766,0.006904355812122802,1.0000000000000002,0.0,0.9230769230769231,1
0.0,0.005409791723018665,0.5796132241227407,0.8378249187454863,0.015979389348096125,0.015979389348096125,0.007262771329267492,0.8739176069273156,1.0000000000000002,0.0,0.6923076923076923,1
0.0,0.005409791723018665,0.5796132241227407,0.8378249187454863,0.015979389348096125,0.015979389348096125,0.007262771329267492,0.8804775649435843,1.0000000000000002,0.0,0.6923076923076923,1
0.03225806451612903,0.03678658371652692,0.5796132174428184,0.5759249774164046,1.0,0.015979389348096125,0.0,0.02064746785620572,0.0,1.0,0.0,1
0.0,0.11928590749256153,0.8432249031838911,0.5759249774164046,0.015979389348096125,0.015979389348096125,0.8871073513017247,0.006904355812122802,1.0000000000000002,0.0,0.9230769230769231,1
0.0,0.0032458750338111974,0.8432249031838911,0.5759249774164046,0.015979389348096125,0.015979389348096125,0.8935995803003475,0.006904355812122802,1.0000000000000002,0.0,0.6538461538461539,1
0.0,0.0032458750338111974,0.5796132522340807,0.8378249179159178,0.015979389348096125,0.015979389348096125,0.001311561413863204,0.9588034636578325,1.0000000000000002,0.0,0.6538461538461539,1
0.0,0.0032458750338111974,0.8432249031838911,0.5759249774164046,0.015979389348096125,0.015979389348096125,0.9067807725096727,0.006904355812122802,1.0000000000000002,0.0,0.6153846153846154,1
0.0,0.0032458750338111974,0.5796132257927212,0.837824919022009,0.015979389348096125,0.015979389348096125,0.007262771329267492,0.7002427184466019,1.0000000000000002,0.0,0.6153846153846154,1
0.0,0.14146605355693803,0.5796132257927212,0.837824919022009,0.015979389348096125,0.015979389348096125,0.007262771329267492,0.7066714773025452,1.0000000000000002,0.0,0.9230769230769231,1
0.0,0.005409791723018665,0.8432249034622211,0.5759249790755414,0.015979389348096125,0.015979389348096125,0.713489409141583,0.006904355812122802,1.0000000000000002,0.0,0.07692307692307693,1
0.06451612903225806,0.05842575060860157,0.5796132174428184,0.5759249790755414,1.0,0.015979389348096125,0.0,0.02064746785620572,0.0,1.0,0.0,1
0.0,0.005409791723018665,0.5796132257927212,0.837824919022009,0.015979389348096125,0.015979389348096125,0.007262771329267492,0.7199225924954079,1.0000000000000002,0.0,0.6923076923076923,1
0.0,0.0032458750338111974,0.5796132257927212,0.837824919022009,0.015979389348096125,0.015979389348096125,0.007262771329267492,0.7263513513513513,1.0000000000000002,0.0,0.6153846153846154,1
0.0,0.005409791723018665,0.5796132522340807,0.8378249179159178,0.015979389348096125,0.015979389348096125,0.001311561413863204,0.5420493308842823,1.0000000000000002,0.0,0.6923076923076923,1
0.06451612903225806,0.05842575060860157,0.5796132174428184,0.5759250053452063,1.0,0.015979389348096125,0.0,0.02064746785620572,0.0,1.0,0.0,1
0.0,0.005409791723018665,0.5796132522340807,0.8378249179159178,0.015979389348096125,0.015979389348096125,0.001311561413863204,0.5486092889005509,1.0000000000000002,0.0,0.6923076923076923,1
0.0,0.0032458750338111974,0.5796132522340807,0.8378249179159178,0.015979389348096125,0.015979389348096125,0.001311561413863204,0.5549396483862503,1.0000000000000002,0.0,0.6153846153846154,1
0.0,0.0032458750338111974,0.5796132522340807,0.8378249179159178,0.015979389348096125,0.015979389348096125,0.001311561413863204,0.5617292049330883,1.0000000000000002,0.0,0.6153846153846154,1
0.0,0.0032458750338111974,0.5796132522340807,0.8378249179159178,0.015979389348096125,0.015979389348096125,0.001311561413863204,0.5682235633691943,1.0000000000000002,0.0,0.6153846153846154,1
0.0,0.0032458750338111974,0.5796132522340807,0.8378249179159178,0.015979389348096125,0.015979389348096125,0.001311561413863204,0.5748491209656258,1.0000000000000002,0.0,0.6153846153846154,1
0.0,0.0032458750338111974,0.5796132296893427,0.8378249184689635,0.015979389348096125,0.015979389348096125,0.007262771329267492,0.7466872212017842,1.0000000000000002,0.0,0.6153846153846154,1
0.0,0.1428185014876927,0.5796132296893427,0.8378249184689635,0.015979389348096125,0.015979389348096125,0.007262771329267492,0.9156717397008658,1.0000000000000002,0.0,0.9230769230769231,1
0.0,0.0032458750338111974,0.5796132522340807,0.8378249179159178,0.015979389348096125,0.015979389348096125,0.001311561413863204,0.5942993964838624,1.0000000000000002,0.0,0.6538461538461539,1
0.0,0.0032458750338111974,0.5796132296893427,0.8378249184689635,0.015979389348096125,0.015979389348096125,0.007262771329267492,0.9288900551036473,1.0000000000000002,0.0,0.6153846153846154,1
0.0,0.005409791723018665,0.843224902905561,0.5759249829468605,0.015979389348096125,0.015979389348096125,0.9355367565086234,0.006904355812122802,1.0000000000000002,0.0,0.07692307692307693,1
0.0,0.005409791723018665,0.8432249042972114,0.5759249793520641,0.015979389348096125,0.015979389348096125,0.9453078890419043,0.006904355812122802,1.0000000000000002,0.0,0.07692307692307693,1
0.0,0.005409791723018665,0.8432249042972114,0.5759249793520641,0.015979389348096125,0.015979389348096125,0.9518984851465669,0.006904355812122802,1.0000000000000002,0.0,0.07692307692307693,1
0.0,0.005409791723018665,0.8432249042972114,0.5759249793520641,0.015979389348096125,0.015979389348096125,0.9584562922158829,0.006904355812122802,1.0000000000000002,0.0,0.07692307692307693,1
0.0,0.0032458750338111974,0.8432249042972114,0.5759249793520641,0.015979389348096125,0.015979389348096125,0.9649157321791593,0.006904355812122802,1.0000000000000002,0.0,0.6538461538461539,1
0.0,0.005409791723018665,0.5796132260710514,0.8378249198515774,0.015979389348096125,0.015979389348096125,0.007262771329267492,0.9714969824193125,1.0000000000000002,0.0,0.6923076923076923,1
0.0,0.005409791723018665,0.5796132260710514,0.8378249198515774,0.015979389348096125,0.015979389348096125,0.007262771329267492,0.9780569404355811,1.0000000000000002,0.0,0.6923076923076923,1
0.0,0.0032458750338111974,0.8432249042972114,0.5759249793520641,0.015979389348096125,0.015979389348096125,0.9845891533871073,0.006904355812122802,1.0000000000000002,0.0,0.6538461538461539,1
0.0,0.0032458750338111974,0.8432249042972114,0.5759249793520641,0.015979389348096125,0.015979389348096125,0.9911469604564233,0.006904355812122802,1.0000000000000002,0.0,0.6538461538461539,1
0.0,0.005409791723018665,0.5796132260710514,0.8378249198515774,0.015979389348096125,0.015979389348096125,0.007262771329267492,0.9977368144843872,1.0000000000000002,0.0,0.6923076923076923,1
0.0,0.17879361644576683,0.8432249031838911,0.5759249774164046,0.015979389348096125,0.015979389348096125,0.6144993114302577,0.006904355812122802,1.0000000000000002,0.0,0.9230769230769231,1
0.0,0.0032458750338111974,0.8432249031838911,0.5759249774164046,0.015979389348096125,0.015979389348096125,0.6209915404288805,0.006904355812122802,1.0000000000000002,0.0,0.6538461538461539,1
0.0,0.0032458750338111974,0.8432249031838911,0.5759249774164046,0.015979389348096125,0.015979389348096125,0.6275493474981966,0.006904355812122802,1.0000000000000002,0.0,0.6538461538461539,1
0.0,0.24668650256965108,0.8432249031838911,0.5759249774164046,0.015979389348096125,0.015979389348096125,0.6341727326382057,0.006904355812122802,1.0000000000000002,0.0,0.9230769230769231,1
0.0,0.0032458750338111974,0.5796132241227407,0.8378249187454863,0.015979389348096125,0.015979389348096125,0.007262771329267492,0.6405143007084754,1.0000000000000002,0.0,0.6153846153846154,1
0.0,0.005409791723018665,0.5796132241227407,0.8378249187454863,0.015979389348096125,0.015979389348096125,0.007262771329267492,0.6471398583049068,1.0000000000000002,0.0,0.6923076923076923,1
0.0,0.005409791723018665,0.5796132241227407,0.8378249187454863,0.015979389348096125,0.015979389348096125,0.007262771329267492,0.6536998163211755,1.0000000000000002,0.0,0.6923076923076923,1
0.0,0.005409791723018665,0.5796132241227407,0.8378249187454863,0.015979389348096125,0.015979389348096125,0.007262771329267492,0.6602597743374442,1.0000000000000002,0.0,0.6923076923076923,1
0.0,0.0032458750338111974,0.8432249031838911,0.5759249774164046,0.015979389348096125,0.015979389348096125,0.6668961899140927,0.006904355812122802,1.0000000000000002,0.0,0.6538461538461539,1
0.0,0.0032458750338111974,0.5796132522340807,0.8378249179159178,0.015979389348096125,0.015979389348096125,0.001311561413863204,0.732156914195749,1.0000000000000002,0.0,0.6153846153846154,1
0.0,0.0032458750338111974,0.8432249031838911,0.5759249774164046,0.015979389348096125,0.015979389348096125,0.6800445930880713,0.006904355812122802,1.0000000000000002,0.0,0.6153846153846154,1
0.0,0.0032458750338111974,0.5796132241227407,0.8378249187454863,0.015979389348096125,0.015979389348096125,0.007262771329267492,0.6863684072421936,1.0000000000000002,0.0,0.6538461538461539,1
0.0,0.0032458750338111974,0.5796132241227407,0.8378249187454863,0.015979389348096125,0.015979389348096125,0.007262771329267492,0.6929611650485437,1.0000000000000002,0.0,0.6153846153846154,1
0.0,0.0032458750338111974,0.5796132241227407,0.8378249187454863,0.015979389348096125,0.015979389348096125,0.007262771329267492,0.699488323274731,1.0000000000000002,0.0,0.6538461538461539,1
0.0,0.0032458750338111974,0.5796132522340807,0.8378249179159178,0.015979389348096125,0.015979389348096125,0.001311561413863204,0.7649895040671739,1.0000000000000002,0.0,0.6538461538461539,1
0.0,0.0032458750338111974,0.5796132522340807,0.8378249179159178,0.015979389348096125,0.015979389348096125,0.001311561413863204,0.771582261873524,1.0000000000000002,0.0,0.6153846153846154,1
0.0,0.0032458750338111974,0.5796132522340807,0.8378249179159178,0.015979389348096125,0.015979389348096125,0.001311561413863204,0.778175019679874,1.0000000000000002,0.0,0.6153846153846154,1
0.0,0.0032458750338111974,0.8432249023489008,0.5759250053452063,0.015979389348096125,0.015979389348096125,0.7848383500557413,0.0009511939123589609,1.0000000000000002,0.0,0.6153846153846154,1
0.0,0.005409791723018665,0.5796132241227407,0.8378249187454863,0.015979389348096125,0.015979389348096125,0.007262771329267492,0.7323865127263185,1.0000000000000002,0.0,0.6923076923076923,1
0.0,0.0032458750338111974,0.8432249031838911,0.5759249774164046,0.015979389348096125,0.015979389348096125,0.7387369663584497,0.006904355812122802,1.0000000000000002,0.0,0.6538461538461539,1
0.0,0.005409791723018665,0.5796132241227407,0.8378249187454863,0.015979389348096125,0.015979389348096125,0.007262771329267492,0.7454736289687746,1.0000000000000002,0.0,0.6923076923076923,1
0.0,0.21990803354070868,0.8432249031838911,0.5759249774164046,0.015979389348096125,0.015979389348096125,0.752147681815201,0.006904355812122802,1.0000000000000002,0.0,0.9230769230769231,1
0.0,0.0032458750338111974,0.8432249023489008,0.5759250053452063,0.015979389348096125,0.015979389348096125,0.8175618073316282,0.0009511939123589609,1.0000000000000002,0.0,0.6153846153846154,1
0.0,0.17419529348120097,0.5796132241227407,0.8378249187454863,0.015979389348096125,0.015979389348096125,0.007262771329267492,0.7650551036473365,1.0000000000000002,0.0,0.9230769230769231,1
0.0,0.0032458750338111974,0.5796132260710514,0.8378249198515774,0.015979389348096125,0.015979389348096125,0.007262771329267492,0.698438729992128,1.0000000000000002,0.0,0.6538461538461539,1
0.0,0.005409791723018665,0.5796132241227407,0.8378249187454863,0.015979389348096125,0.015979389348096125,0.007262771329267492,0.778273419050118,1.0000000000000002,0.0,0.6923076923076923,1
0.0,0.0032458750338111974,0.8432249042972114,0.5759249793520641,0.015979389348096125,0.015979389348096125,0.7118171683389074,0.006904355812122802,1.0000000000000002,0.0,0.6153846153846154,1
0.0,0.0032458750338111974,0.5796132260710514,0.8378249198515774,0.015979389348096125,0.015979389348096125,0.007262771329267492,0.7181842036210968,1.0000000000000002,0.0,0.6538461538461539,1
0.0,0.0032458750338111974,0.8432249031838911,0.5759249774164046,0.015979389348096125,0.015979389348096125,0.7979539641943734,0.006904355812122802,1.0000000000000002,0.0,0.6153846153846154,1
0.0,0.15012172031376791,0.8432249042972114,0.5759249793520641,0.015979389348096125,0.015979389348096125,0.7315561676175486,0.006904355812122802,1.0000000000000002,0.0,0.9230769230769231,1
0.0,0.0032458750338111974,0.8432249042972114,0.5759249793520641,0.015979389348096125,0.015979389348096125,0.738015607580825,0.006904355812122802,1.0000000000000002,0.0,0.6538461538461539,1
0.0,0.0032458750338111974,0.5796132241227407,0.8378249187454863,0.015979389348096125,0.015979389348096125,0.007262771329267492,0.8173707688270794,1.0000000000000002,0.0,0.6153846153846154,1
0.0,0.0032458750338111974,0.8432249042972114,0.5759249793520641,0.015979389348096125,0.015979389348096125,0.751131221719457,0.006904355812122802,1.0000000000000002,0.0,0.6153846153846154,1
0.0,0.0032458750338111974,0.8432249031838911,0.5759249774164046,0.015979389348096125,0.015979389348096125,0.8309069447176863,0.006904355812122802,1.0000000000000002,0.0,0.6153846153846154,1
0.0,0.17825263727346496,0.8432249042972114,0.5759249793520641,0.015979389348096125,0.015979389348096125,0.7649681946357137,0.006904355812122802,1.0000000000000002,0.0,0.9230769230769231,1
0.0,0.17879361644576683,0.8432249042972114,0.5759249793520641,0.015979389348096125,0.015979389348096125,0.771821103023149,0.006904355812122802,1.0000000000000002,0.0,0.9230769230769231,1
0.0,0.005409791723018665,0.5796132260710514,0.8378249198515774,0.015979389348096125,0.015979389348096125,0.007262771329267492,0.7786342167410127,1.0000000000000002,0.0,0.6923076923076923,1
0.0,0.0032458750338111974,0.8432249031838911,0.5759249774164046,0.015979389348096125,0.015979389348096125,0.8586464686208931,0.006904355812122802,1.0000000000000002,0.0,0.6538461538461539,1
0.0,0.17987557479037056,0.8432249042972114,0.5759249793520641,0.015979389348096125,0.015979389348096125,0.7926421404682273,0.006904355812122802,1.0000000000000002,0.0,0.9230769230769231,1
0.0,0.17879361644576683,0.8432249042972114,0.5759249793520641,0.015979389348096125,0.015979389348096125,0.8001180405272477,0.006904355812122802,1.0000000000000002,0.0,0.9230769230769231,1
0.0,0.005409791723018665,0.5796132241227407,0.8378249187454863,0.015979389348096125,0.015979389348096125,0.007262771329267492,0.8805431645237469,1.0000000000000002,0.0,0.6923076923076923,1
0.0967741935483871,0.08222883418988369,0.5796132174428184,0.5759249774164046,1.0,0.015979389348096125,0.0,0.02064746785620572,0.0,1.0,0.0,1
0.0,0.1712199080335407,0.5796132241227407,0.8378249187454863,0.015979389348096125,0.015979389348096125,0.007262771329267492,0.8879559170821306,1.0000000000000002,0.0,0.9230769230769231,1
0.0,0.0032458750338111974,0.8432249042972114,0.5759249793520641,0.015979389348096125,0.015979389348096125,0.8217260148206439,0.006904355812122802,1.0000000000000002,0.0,0.6153846153846154,1
0.0,0.0032458750338111974,0.8432249042972114,0.5759249793520641,0.015979389348096125,0.015979389348096125,0.82828382188996,0.006904355812122802,1.0000000000000002,0.0,0.6153846153846154,1
0.0,0.0032458750338111974,0.8432249042972114,0.5759249793520641,0.015979389348096125,0.015979389348096125,0.8348416289592759,0.006904355812122802,1.0000000000000002,0.0,0.6153846153846154,1
0.0,0.0032458750338111974,0.8432249042972114,0.5759249793520641,0.015979389348096125,0.015979389348096125,0.841399436028592,0.006904355812122802,1.0000000000000002,0.0,0.6153846153846154,1
0.0,0.0032458750338111974,0.8432249042972114,0.5759249793520641,0.015979389348096125,0.015979389348096125,0.847957243097908,0.006904355812122802,1.0000000000000002,0.0,0.6153846153846154,1
0.0,0.0032458750338111974,0.8432249042972114,0.5759249793520641,0.015979389348096125,0.015979389348096125,0.8545150501672241,0.006904355812122802,1.0000000000000002,0.0,0.6153846153846154,1
0.0,0.005409791723018665,0.5796132260710514,0.8378249198515774,0.015979389348096125,0.015979389348096125,0.007262771329267492,0.8610272894253476,1.0000000000000002,0.0,0.6923076923076923,1
0.0,0.0032458750338111974,0.8432249042972114,0.5759249793520641,0.015979389348096125,0.015979389348096125,0.8676306643058561,0.006904355812122802,1.0000000000000002,0.0,0.6153846153846154,1
0.0,0.0032458750338111974,0.5796132260710514,0.8378249198515774,0.015979389348096125,0.015979389348096125,0.007262771329267492,0.8741144056678036,1.0000000000000002,0.0,0.6153846153846154,1
0.0,0.0032458750338111974,0.8432249042972114,0.5759249793520641,0.015979389348096125,0.015979389348096125,0.880746278444488,0.006904355812122802,1.0000000000000002,0.0,0.6153846153846154,1
0.0,0.17906410603191775,0.8432249042972114,0.5759249793520641,0.015979389348096125,0.015979389348096125,0.8872712964784576,0.006904355812122802,1.0000000000000002,0.0,0.9230769230769231,1
0.0,0.0032458750338111974,0.8432249042972114,0.5759249793520641,0.015979389348096125,0.015979389348096125,0.8938618925831201,0.006904355812122802,1.0000000000000002,0.0,0.6153846153846154,1
0.0,0.0032458750338111974,0.8432249042972114,0.5759249793520641,0.015979389348096125,0.015979389348096125,0.9004196996524362,0.006904355812122802,1.0000000000000002,0.0,0.6153846153846154,1
0.0,0.0032458750338111974,0.8432249042972114,0.5759249793520641,0.015979389348096125,0.015979389348096125,0.9069775067217521,0.006904355812122802,1.0000000000000002,0.0,0.6538461538461539,1
0.0,0.0032458750338111974,0.8432249042972114,0.5759249793520641,0.015979389348096125,0.015979389348096125,0.9135353137910682,0.006904355812122802,1.0000000000000002,0.0,0.6538461538461539,1
0.0,0.005409791723018665,0.5796132260710514,0.8378249198515774,0.015979389348096125,0.015979389348096125,0.007262771329267492,0.9200997113618472,1.0000000000000002,0.0,0.6923076923076923,1
0.0,0.0032458750338111974,0.8432249042972114,0.5759249793520641,0.015979389348096125,0.015979389348096125,0.9266509279297003,0.006904355812122802,1.0000000000000002,0.0,0.6153846153846154,1
0.0,0.0032458750338111974,0.8432249042972114,0.5759249793520641,0.015979389348096125,0.015979389348096125,0.9332415240343629,0.006904355812122802,1.0000000000000002,0.0,0.6538461538461539,1
0.0,0.0032458750338111974,0.8432249042972114,0.5759249793520641,0.015979389348096125,0.015979389348096125,0.9401927995278379,0.006904355812122802,1.0000000000000002,0.0,0.6153846153846154,1
0.0,0.0032458750338111974,0.8432249042972114,0.5759249793520641,0.015979389348096125,0.015979389348096125,0.9476686995868581,0.006904355812122802,1.0000000000000002,0.0,0.6538461538461539,1
0.0,0.005409791723018665,0.5796132260710514,0.8378249198515774,0.015979389348096125,0.015979389348096125,0.007262771329267492,0.9549986880083967,1.0000000000000002,0.0,0.6923076923076923,1
0.0,0.0032458750338111974,0.8432249042972114,0.5759249793520641,0.015979389348096125,0.015979389348096125,0.9625549216342054,0.006904355812122802,1.0000000000000002,0.0,0.6153846153846154,1
0.0,0.0032458750338111974,0.8432249042972114,0.5759249793520641,0.015979389348096125,0.015979389348096125,0.9707193914355039,0.006904355812122802,1.0000000000000002,0.0,0.6153846153846154,1
0.0,0.0032458750338111974,0.8432249042972114,0.5759249793520641,0.015979389348096125,0.015979389348096125,0.9788510722014557,0.006904355812122802,1.0000000000000002,0.0,0.6153846153846154,1
0.0,0.0032458750338111974,0.8432249042972114,0.5759249793520641,0.015979389348096125,0.015979389348096125,0.98734343235622,0.006904355812122802,1.0000000000000002,0.0,0.6153846153846154,1
0.0,0.0032458750338111974,0.8432249042972114,0.5759249793520641,0.015979389348096125,0.015979389348096125,0.9951800118040527,0.006904355812122802,1.0000000000000002,0.0,0.6538461538461539,1
0.0,0.0032458750338111974,0.8432249042972114,0.5759249793520641,0.015979389348096125,0.015979389348096125,0.5401665682995606,0.006904355812122802,1.0000000000000002,0.0,0.6538461538461539,1
0.0,0.0032458750338111974,0.8432249042972114,0.5759249793520641,0.015979389348096125,0.015979389348096125,0.5467243753688766,0.006904355812122802,1.0000000000000002,0.0,0.6153846153846154,1
0.0,0.0032458750338111974,0.8432249042972114,0.5759249793520641,0.015979389348096125,0.015979389348096125,0.5532493934028461,0.006904355812122802,1.0000000000000002,0.0,0.6153846153846154,1
0.25806451612903225,0.1990803354070868,0.5796132174428184,0.5759249793520641,1.0,0.015979389348096125,0.0,0.02064746785620572,0.0,1.0,0.0,1
0.0,0.005409791723018665,0.5796132260710514,0.8378249198515774,0.015979389348096125,0.015979389348096125,0.007262771329267492,0.5597284177381264,1.0000000000000002,0.0,0.6923076923076923,1
0.0,0.0032458750338111974,0.8432249042972114,0.5759249793520641,0.015979389348096125,0.015979389348096125,0.5663322185061315,0.006904355812122802,1.0000000000000002,0.0,0.6153846153846154,1
0.0,0.005409791723018665,0.5796132260710514,0.8378249198515774,0.015979389348096125,0.015979389348096125,0.007262771329267492,0.5728155339805825,1.0000000000000002,0.0,0.6923076923076923,1
0.0,0.0032458750338111974,0.8432249042972114,0.5759249793520641,0.015979389348096125,0.015979389348096125,0.5795134107154567,0.006904355812122802,1.0000000000000002,0.0,0.6153846153846154,1
0.0,0.0032458750338111974,0.8432249042972114,0.5759249793520641,0.015979389348096125,0.015979389348096125,0.5860712177847728,0.006904355812122802,1.0000000000000002,0.0,0.6153846153846154,1
0.0,0.0032458750338111974,0.8432249042972114,0.5759249793520641,0.015979389348096125,0.015979389348096125,0.5925962358187422,0.006904355812122802,1.0000000000000002,0.0,0.6153846153846154,1
0.0,0.0032458750338111974,0.8432249042972114,0.5759249793520641,0.015979389348096125,0.015979389348096125,0.5991540428880582,0.006904355812122802,1.0000000000000002,0.0,0.6153846153846154,1
0.0,0.005409791723018665,0.8432249042972114,0.5759249793520641,0.015979389348096125,0.015979389348096125,0.605810217063414,0.006904355812122802,1.0000000000000002,0.0,0.07692307692307693,1
0.0,0.0032458750338111974,0.8432249042972114,0.5759249793520641,0.015979389348096125,0.015979389348096125,0.6122696570266902,0.006904355812122802,1.0000000000000002,0.0,0.6153846153846154,1
0.0,0.0032458750338111974,0.8432249042972114,0.5759249793520641,0.015979389348096125,0.015979389348096125,0.6188274640960063,0.006904355812122802,1.0000000000000002,0.0,0.6153846153846154,1
0.0,0.0032458750338111974,0.8432249042972114,0.5759249793520641,0.015979389348096125,0.015979389348096125,0.6254180602006688,0.006904355812122802,1.0000000000000002,0.0,0.6538461538461539,1
0.0,0.0032458750338111974,0.8432249042972114,0.5759249793520641,0.015979389348096125,0.015979389348096125,0.6319758672699849,0.006904355812122802,1.0000000000000002,0.0,0.6153846153846154,1
0.0,0.0032458750338111974,0.8432249042972114,0.5759249793520641,0.015979389348096125,0.015979389348096125,0.6385008853039543,0.006904355812122802,1.0000000000000002,0.0,0.6153846153846154,1
0.0,0.0032458750338111974,0.5796132260710514,0.8378249198515774,0.015979389348096125,0.015979389348096125,0.007262771329267492,0.6450078719496195,1.0000000000000002,0.0,0.6153846153846154,1
0.0,0.0032458750338111974,0.5796132260710514,0.8378249198515774,0.015979389348096125,0.015979389348096125,0.007262771329267492,0.6515350301758068,1.0000000000000002,0.0,0.6538461538461539,1
0.0,0.0032458750338111974,0.5796132260710514,0.8378249198515774,0.015979389348096125,0.015979389348096125,0.007262771329267492,0.6580621884019942,1.0000000000000002,0.0,0.6538461538461539,1
0.0,0.0032458750338111974,0.5796132260710514,0.8378249198515774,0.015979389348096125,0.015979389348096125,0.007262771329267492,0.6646877459984255,1.0000000000000002,0.0,0.6538461538461539,1
0.0,0.0032458750338111974,0.5796132260710514,0.8378249198515774,0.015979389348096125,0.015979389348096125,0.007262771329267492,0.6712149042246129,1.0000000000000002,0.0,0.6538461538461539,1
0.0,0.0032458750338111974,0.8432249042972114,0.5759249793520641,0.015979389348096125,0.015979389348096125,0.6779788838612367,0.006904355812122802,1.0000000000000002,0.0,0.6153846153846154,1
0.0,0.0032458750338111974,0.5796132260710514,0.8378249198515774,0.015979389348096125,0.015979389348096125,0.007262771329267492,0.6843020204670689,1.0000000000000002,0.0,0.6538461538461539,1
0.0,0.0032458750338111974,0.8432249042972114,0.5759249793520641,0.015979389348096125,0.015979389348096125,0.6910617089645222,0.006904355812122802,1.0000000000000002,0.0,0.6153846153846154,1
0.0,0.0032458750338111974,0.5796132260710514,0.8378249198515774,0.015979389348096125,0.015979389348096125,0.007262771329267492,0.6974547362896877,1.0000000000000002,0.0,0.6153846153846154,1
0.0,0.0032458750338111974,0.8432249042972114,0.5759249793520641,0.015979389348096125,0.015979389348096125,0.7047675257393927,0.006904355812122802,1.0000000000000002,0.0,0.6153846153846154,1
0.0,0.0032458750338111974,0.8432249042972114,0.5759249793520641,0.015979389348096125,0.015979389348096125,0.7122106367630664,0.006904355812122802,1.0000000000000002,0.0,0.6153846153846154,1
0.0,0.0032458750338111974,0.8432249042972114,0.5759249793520641,0.015979389348096125,0.015979389348096125,0.7191291232211948,0.006904355812122802,1.0000000000000002,0.0,0.6538461538461539,1
0.0,0.005409791723018665,0.5796132260710514,0.8378249198515774,0.015979389348096125,0.015979389348096125,0.007262771329267492,0.7268761479926528,1.0000000000000002,0.0,0.6923076923076923,1
0.0,0.0032458750338111974,0.8432249042972114,0.5759249793520641,0.015979389348096125,0.015979389348096125,0.7343104465866613,0.006904355812122802,1.0000000000000002,0.0,0.6538461538461539,1
0.0,0.0032458750338111974,0.8432249042972114,0.5759249793520641,0.015979389348096125,0.015979389348096125,0.7416551905042953,0.006904355812122802,1.0000000000000002,0.0,0.6538461538461539,1
0.0,0.0032458750338111974,0.8432249042972114,0.5759249793520641,0.015979389348096125,0.015979389348096125,0.7489671453865827,0.006904355812122802,1.0000000000000002,0.0,0.6538461538461539,1
0.0,0.0032458750338111974,0.8432249042972114,0.5759249793520641,0.015979389348096125,0.015979389348096125,0.7564102564102564,0.006904355812122802,1.0000000000000002,0.0,0.6538461538461539,1
0.0,0.0032458750338111974,0.8432249042972114,0.5759249793520641,0.015979389348096125,0.015979389348096125,0.7637222112925437,0.006904355812122802,1.0000000000000002,0.0,0.6538461538461539,1
0.0,0.0032458750338111974,0.5796132260710514,0.8378249198515774,0.015979389348096125,0.015979389348096125,0.007262771329267492,0.7713198635528732,1.0000000000000002,0.0,0.6538461538461539,1
0.0,0.0032458750338111974,0.5796132260710514,0.8378249198515774,0.015979389348096125,0.015979389348096125,0.007262771329267492,0.7788310154815008,1.0000000000000002,0.0,0.6538461538461539,1
0.0,0.0032458750338111974,0.8432249042972114,0.5759249793520641,0.015979389348096125,0.015979389348096125,0.786346645681684,0.006904355812122802,1.0000000000000002,0.0,0.6153846153846154,1
0.0,0.0032458750338111974,0.5796132260710514,0.8378249198515774,0.015979389348096125,0.015979389348096125,0.007262771329267492,0.7937877197585934,1.0000000000000002,0.0,0.6153846153846154,1
0.0,0.0032458750338111974,0.5796132260710514,0.8378249198515774,0.015979389348096125,0.015979389348096125,0.007262771329267492,0.8011676725268958,1.0000000000000002,0.0,0.6538461538461539,1
0.0,0.0032458750338111974,0.5796132260710514,0.8378249198515774,0.015979389348096125,0.015979389348096125,0.007262771329267492,0.8085804250852794,1.0000000000000002,0.0,0.6538461538461539,1
0.0,0.0032458750338111974,0.8432249042972114,0.5759249793520641,0.015979389348096125,0.015979389348096125,0.8162502459177651,0.006904355812122802,1.0000000000000002,0.0,0.6153846153846154,1
0.0,0.0032458750338111974,0.5796132260710514,0.8378249198515774,0.015979389348096125,0.015979389348096125,0.007262771329267492,0.8240947257937549,1.0000000000000002,0.0,0.6538461538461539,1
0.0,0.0032458750338111974,0.5796132260710514,0.8378249198515774,0.015979389348096125,0.015979389348096125,0.007262771329267492,0.8323274731041721,1.0000000000000002,0.0,0.6153846153846154,1
0.0,0.0032458750338111974,0.5796132260710514,0.8378249198515774,0.015979389348096125,0.015979389348096125,0.007262771329267492,0.8400354237732878,1.0000000000000002,0.0,0.6153846153846154,1
0.0,0.0032458750338111974,0.5796132260710514,0.8378249198515774,0.015979389348096125,0.015979389348096125,0.007262771329267492,0.8476121752820781,1.0000000000000002,0.0,0.6153846153846154,1
0.0,0.0032458750338111974,0.5796132260710514,0.8378249198515774,0.015979389348096125,0.015979389348096125,0.007262771329267492,0.8558449225924953,1.0000000000000002,0.0,0.6153846153846154,1
0.0,0.0032458750338111974,0.8432249042972114,0.5759249793520641,0.015979389348096125,0.015979389348096125,0.8645812840186241,0.006904355812122802,1.0000000000000002,0.0,0.6153846153846154,1
0.0,0.0032458750338111974,0.5796132260710514,0.8378249198515774,0.015979389348096125,0.015979389348096125,0.007262771329267492,0.8724088165835738,1.0000000000000002,0.0,0.6538461538461539,1
0.0,0.0032458750338111974,0.8432249042972114,0.5759249793520641,0.015979389348096125,0.015979389348096125,0.881139746868647,0.006904355812122802,1.0000000000000002,0.0,0.6153846153846154,1
0.0,0.0032458750338111974,0.5796132260710514,0.8378249198515774,0.015979389348096125,0.015979389348096125,0.007262771329267492,0.889431907635791,1.0000000000000002,0.0,0.6153846153846154,1
0.0,0.0032458750338111974,0.5796132260710514,0.8378249198515774,0.015979389348096125,0.015979389348096125,0.007262771329267492,0.898025452637103,1.0000000000000002,0.0,0.6153846153846154,1
0.0,0.0032458750338111974,0.5796132260710514,0.8378249198515774,0.015979389348096125,0.015979389348096125,0.007262771329267492,0.9063237995276829,1.0000000000000002,0.0,0.6538461538461539,1
0.0,0.0032458750338111974,0.8432249042972114,0.5759249793520641,0.015979389348096125,0.015979389348096125,0.9149452423109712,0.006904355812122802,1.0000000000000002,0.0,0.6153846153846154,1
0.0,0.0032458750338111974,0.8432249042972114,0.5759249793520641,0.015979389348096125,0.015979389348096125,0.9230113450062298,0.006904355812122802,1.0000000000000002,0.0,0.6153846153846154,1
0.0,0.0032458750338111974,0.5796132260710514,0.8378249198515774,0.015979389348096125,0.015979389348096125,0.007262771329267492,0.9314484387299921,1.0000000000000002,0.0,0.6538461538461539,1
0.0,0.0032458750338111974,0.5796132260710514,0.8378249198515774,0.015979389348096125,0.015979389348096125,0.007262771329267492,0.9396483862503279,1.0000000000000002,0.0,0.6538461538461539,1
0.0,0.0032458750338111974,0.5796132260710514,0.8378249198515774,0.015979389348096125,0.015979389348096125,0.007262771329267492,0.9479139333508265,1.0000000000000002,0.0,0.6538461538461539,1
0.0,0.0032458750338111974,0.5796132260710514,0.8378249198515774,0.015979389348096125,0.015979389348096125,0.007262771329267492,0.9564090789818944,1.0000000000000002,0.0,0.6538461538461539,1
0.0,0.0032458750338111974,0.8432249042972114,0.5759249793520641,0.015979389348096125,0.015979389348096125,0.9643255295429208,0.006904355812122802,1.0000000000000002,0.0,0.6153846153846154,1
0.0,0.0032458750338111974,0.5796132260710514,0.8378249198515774,0.015979389348096125,0.015979389348096125,0.007262771329267492,0.9714969824193125,1.0000000000000002,0.0,0.6538461538461539,1
0.0,0.0032458750338111974,0.5796132260710514,0.8378249198515774,0.015979389348096125,0.015979389348096125,0.007262771329267492,0.9790737339281028,1.0000000000000002,0.0,0.6538461538461539,1
0.0,0.0032458750338111974,0.5796132260710514,0.8378249198515774,0.015979389348096125,0.015979389348096125,0.007262771329267492,0.9867160850170558,1.0000000000000002,0.0,0.6538461538461539,1
0.0,0.0032458750338111974,0.5796132260710514,0.8378249198515774,0.015979389348096125,0.015979389348096125,0.007262771329267492,0.9942600367357648,1.0000000000000002,0.0,0.6153846153846154,1
0.0,0.005409791723018665,0.5796132260710514,0.8378249198515774,0.015979389348096125,0.015979389348096125,0.007262771329267492,0.539162949357124,1.0000000000000002,0.0,0.6923076923076923,1
0.0,0.0032458750338111974,0.5796132260710514,0.8378249198515774,0.015979389348096125,0.015979389348096125,0.007262771329267492,0.5473628968774599,1.0000000000000002,0.0,0.6153846153846154,1
0.0,0.0032458750338111974,0.5796132260710514,0.8378249198515774,0.015979389348096125,0.015979389348096125,0.007262771329267492,0.5557596431382839,1.0000000000000002,0.0,0.6538461538461539,1
0.0,0.0032458750338111974,0.5796132260710514,0.8378249198515774,0.015979389348096125,0.015979389348096125,0.007262771329267492,0.5641563893991077,1.0000000000000002,0.0,0.6538461538461539,1
0.0,0.005409791723018665,0.8432249042972114,0.5759249793520641,0.015979389348096125,0.015979389348096125,0.5722670339038625,0.006904355812122802,1.0000000000000002,0.0,0.07692307692307693,1
0.0,0.0032458750338111974,0.5796132260710514,0.8378249198515774,0.015979389348096125,0.015979389348096125,0.007262771329267492,0.5802282865389661,1.0000000000000002,0.0,0.6538461538461539,1
0.0,0.0032458750338111974,0.5796132260710514,0.8378249198515774,0.015979389348096125,0.015979389348096125,0.007262771329267492,0.5886250327997901,1.0000000000000002,0.0,0.6538461538461539,1
0.0,0.0032458750338111974,0.5796132260710514,0.8378249198515774,0.015979389348096125,0.015979389348096125,0.007262771329267492,0.5968249803201259,1.0000000000000002,0.0,0.6153846153846154,1
0.0,0.0032458750338111974,0.5796132260710514,0.8378249198515774,0.015979389348096125,0.015979389348096125,0.007262771329267492,0.6048937286801364,1.0000000000000002,0.0,0.6538461538461539,1
0.0,0.0032458750338111974,0.5796132260710514,0.8378249198515774,0.015979389348096125,0.015979389348096125,0.007262771329267492,0.6131592757806349,1.0000000000000002,0.0,0.6538461538461539,1
0.0,0.0032458750338111974,0.5796132260710514,0.8378249198515774,0.015979389348096125,0.015979389348096125,0.007262771329267492,0.6212280241406455,1.0000000000000002,0.0,0.6153846153846154,1
0.0,0.0032458750338111974,0.5796132260710514,0.8378249198515774,0.015979389348096125,0.015979389348096125,0.007262771329267492,0.629493571241144,1.0000000000000002,0.0,0.6538461538461539,1
0.0,0.0032458750338111974,0.8432249042972114,0.5759249793520641,0.015979389348096125,0.015979389348096125,0.6379106826677159,0.006904355812122802,1.0000000000000002,0.0,0.6153846153846154,1
0.0,0.0032458750338111974,0.5796132260710514,0.8378249198515774,0.015979389348096125,0.015979389348096125,0.007262771329267492,0.6457622671214903,1.0000000000000002,0.0,0.6538461538461539,1
0.0,0.0032458750338111974,0.5796132260710514,0.8378249198515774,0.015979389348096125,0.015979389348096125,0.007262771329267492,0.6540934138021516,1.0000000000000002,0.0,0.6538461538461539,1
0.0,0.0032458750338111974,0.8432249042972114,0.5759249793520641,0.015979389348096125,0.015979389348096125,0.6627647714604236,0.006904355812122802,1.0000000000000002,0.0,0.6153846153846154,1
0.0,0.0032458750338111974,0.5796132260710514,0.8378249198515774,0.015979389348096125,0.015979389348096125,0.007262771329267492,0.6706245080031487,1.0000000000000002,0.0,0.6538461538461539,1
0.0,0.0032458750338111974,0.5796132260710514,0.8378249198515774,0.015979389348096125,0.015979389348096125,0.007262771329267492,0.6787588559433219,1.0000000000000002,0.0,0.6538461538461539,1
0.0,0.0032458750338111974,0.8432249042972114,0.5759249793520641,0.015979389348096125,0.015979389348096125,0.6872581808643189,0.006904355812122802,1.0000000000000002,0.0,0.6153846153846154,1
0.0,0.0032458750338111974,0.5796132260710514,0.8378249198515774,0.015979389348096125,0.015979389348096125,0.007262771329267492,0.695191550774075,1.0000000000000002,0.0,0.6538461538461539,1
0.0,0.0032458750338111974,0.8432249042972114,0.5759249793520641,0.015979389348096125,0.015979389348096125,0.703423175290183,0.006904355812122802,1.0000000000000002,0.0,0.6153846153846154,1
0.0,0.0032458750338111974,0.8432249042972114,0.5759249793520641,0.015979389348096125,0.015979389348096125,0.7114892779854416,0.006904355812122802,1.0000000000000002,0.0,0.6153846153846154,1
0.0,0.0032458750338111974,0.5796132260710514,0.8378249198515774,0.015979389348096125,0.015979389348096125,0.007262771329267492,0.7194633954342692,1.0000000000000002,0.0,0.6538461538461539,1
0.0,0.0032458750338111974,0.5796132260710514,0.8378249198515774,0.015979389348096125,0.015979389348096125,0.007262771329267492,0.7277945421149304,1.0000000000000002,0.0,0.6153846153846154,1
0.0,0.0032458750338111974,0.5796132260710514,0.8378249198515774,0.015979389348096125,0.015979389348096125,0.007262771329267492,0.735961689845185,1.0000000000000002,0.0,0.6153846153846154,1
0.0,0.0032458750338111974,0.5796132260710514,0.8378249198515774,0.015979389348096125,0.015979389348096125,0.007262771329267492,0.7441616373655208,1.0000000000000002,0.0,0.6153846153846154,1
0.0,0.0032458750338111974,0.5796132260710514,0.8378249198515774,0.015979389348096125,0.015979389348096125,0.007262771329267492,0.7525255838362633,1.0000000000000002,0.0,0.6538461538461539,1
0.0,0.0032458750338111974,0.8432249042972114,0.5759249793520641,0.015979389348096125,0.015979389348096125,0.760967932323431,0.006904355812122802,1.0000000000000002,0.0,0.6153846153846154,1
0.0,0.0032458750338111974,0.5796132260710514,0.8378249198515774,0.015979389348096125,0.015979389348096125,0.007262771329267492,0.7692534767777486,1.0000000000000002,0.0,0.6538461538461539,1
0.0,0.005409791723018665,0.8432249042972114,0.5759249793520641,0.015979389348096125,0.015979389348096125,0.7773952390320676,0.006904355812122802,1.0000000000000002,0.0,0.07692307692307693,1
0.0,0.005409791723018665,0.8432249042972114,0.5759249793520641,0.015979389348096125,0.015979389348096125,0.7855924978687127,0.006904355812122802,1.0000000000000002,0.0,0.07692307692307693,1
0.0,0.14741682445225857,0.5796132260710514,0.8378249198515774,0.015979389348096125,0.015979389348096125,0.007262771329267492,0.7934269220676987,1.0000000000000002,0.0,0.9230769230769231,1
0.0,0.15120367865837164,0.5796132260710514,0.8378249198515774,0.015979389348096125,0.015979389348096125,0.007262771329267492,0.8015940697979532,1.0000000000000002,0.0,0.9230769230769231,1
0.0,0.0032458750338111974,0.5796132260710514,0.8378249198515774,0.015979389348096125,0.015979389348096125,0.007262771329267492,0.8098268171083705,1.0000000000000002,0.0,0.6153846153846154,1
0.0,0.0032458750338111974,0.8432249042972114,0.5759249793520641,0.015979389348096125,0.015979389348096125,0.8175945963669748,0.006904355812122802,1.0000000000000002,0.0,0.6153846153846154,1
0.0,0.0032458750338111974,0.8432249042972114,0.5759249793520641,0.015979389348096125,0.015979389348096125,0.8255295429208472,0.006904355812122802,1.0000000000000002,0.0,0.6153846153846154,1
0.0,0.0032458750338111974,0.8432249042972114,0.5759249793520641,0.015979389348096125,0.015979389348096125,0.833202177191947,0.006904355812122802,1.0000000000000002,0.0,0.6153846153846154,1
0.0,0.005409791723018665,0.8432249042972114,0.5759249793520641,0.015979389348096125,0.015979389348096125,0.8409403895337398,0.006904355812122802,1.0000000000000002,0.0,0.07692307692307693,1
0.0,0.14795780362456043,0.5796132260710514,0.8378249198515774,0.015979389348096125,0.015979389348096125,0.007262771329267492,0.848268171083705,1.0000000000000002,0.0,0.9230769230769231,1
0.0,0.0032458750338111974,0.5796132260710514,0.8378249198515774,0.015979389348096125,0.015979389348096125,0.007262771329267492,0.8554841249016005,1.0000000000000002,0.0,0.6153846153846154,1
0.0,0.0032458750338111974,0.5796132260710514,0.8378249198515774,0.015979389348096125,0.015979389348096125,0.007262771329267492,0.8630280766203096,1.0000000000000002,0.0,0.6153846153846154,1
0.0,0.14660535569380578,0.5796132260710514,0.8378249198515774,0.015979389348096125,0.015979389348096125,0.007262771329267492,0.8703096300183678,1.0000000000000002,0.0,0.9230769230769231,1
0.0,0.14660535569380578,0.5796132260710514,0.8378249198515774,0.015979389348096125,0.015979389348096125,0.007262771329267492,0.8779847808974022,1.0000000000000002,0.0,0.9230769230769231,1
0.0,0.14633486610765484,0.5796132260710514,0.8378249198515774,0.015979389348096125,0.015979389348096125,0.007262771329267492,0.8853319338756231,1.0000000000000002,0.0,0.9230769230769231,1
0.0,0.1476873140384095,0.5796132260710514,0.8378249198515774,0.015979389348096125,0.015979389348096125,0.007262771329267492,0.8926134872736814,1.0000000000000002,0.0,0.9230769230769231,1
0.0,0.0032458750338111974,0.5796132260710514,0.8378249198515774,0.015979389348096125,0.015979389348096125,0.007262771329267492,0.8999606402519023,1.0000000000000002,0.0,0.6538461538461539,1
0.0,0.14741682445225857,0.5796132260710514,0.8378249198515774,0.015979389348096125,0.015979389348096125,0.007262771329267492,0.907570191550774,1.0000000000000002,0.0,0.9230769230769231,1
0.0,0.0032458750338111974,0.5796132260710514,0.8378249198515774,0.015979389348096125,0.015979389348096125,0.007262771329267492,0.9150813434794016,1.0000000000000002,0.0,0.6153846153846154,1
0.0,0.0032458750338111974,0.5796132260710514,0.8378249198515774,0.015979389348096125,0.015979389348096125,0.007262771329267492,0.922658094988192,1.0000000000000002,0.0,0.6538461538461539,1
0.0,0.0032458750338111974,0.5796132260710514,0.8378249198515774,0.015979389348096125,0.015979389348096125,0.007262771329267492,0.9299068485961689,1.0000000000000002,0.0,0.6538461538461539,1
0.0,0.005409791723018665,0.8432249042972114,0.5759249793520641,0.015979389348096125,0.015979389348096125,0.9374713095940717,0.006904355812122802,1.0000000000000002,0.0,0.07692307692307693,1
0.0,0.0032458750338111974,0.5796132260710514,0.8378249198515774,0.015979389348096125,0.015979389348096125,0.007262771329267492,0.9451587509839936,1.0000000000000002,0.0,0.6538461538461539,1
0.0,0.14633486610765484,0.5796132260710514,0.8378249198515774,0.015979389348096125,0.015979389348096125,0.007262771329267492,0.952833901863028,1.0000000000000002,0.0,0.9230769230769231,1
0.0,0.0032458750338111974,0.5796132260710514,0.8378249198515774,0.015979389348096125,0.015979389348096125,0.007262771329267492,0.9604434531618997,1.0000000000000002,0.0,0.6538461538461539,1
0.0,0.0032458750338111974,0.5796132260710514,0.8378249198515774,0.015979389348096125,0.015979389348096125,0.007262771329267492,0.9681842036210967,1.0000000000000002,0.0,0.6538461538461539,1
0.0,0.0032458750338111974,0.8432249042972114,0.5759249793520641,0.015979389348096125,0.015979389348096125,0.9759000590202636,0.006904355812122802,1.0000000000000002,0.0,0.6153846153846154,1
0.0,0.14660535569380578,0.5796132260710514,0.8378249198515774,0.015979389348096125,0.015979389348096125,0.007262771329267492,0.9836657045394909,1.0000000000000002,0.0,0.9230769230769231,1
0.0,0.0032458750338111974,0.8432249042972114,0.5759249793520641,0.015979389348096125,0.015979389348096125,0.9915732179159289,0.006904355812122802,1.0000000000000002,0.0,0.6153846153846154,1
0.0,0.14660535569380578,0.5796132260710514,0.8378249198515774,0.015979389348096125,0.015979389348096125,0.007262771329267492,0.999540802938861,1.0000000000000002,0.0,0.9230769230769231,1
0.0,0.14660535569380578,0.5796132260710514,0.8378249198515774,0.015979389348096125,0.015979389348096125,0.007262771329267492,0.5441813172395696,1.0000000000000002,0.0,0.9230769230769231,1
0.0,0.14660535569380578,0.5796132260710514,0.8378249198515774,0.015979389348096125,0.015979389348096125,0.007262771329267492,0.5515612700078719,1.0000000000000002,0.0,0.9230769230769231,1
0.0,0.14633486610765484,0.5796132260710514,0.8378249198515774,0.015979389348096125,0.015979389348096125,0.007262771329267492,0.5591052217265808,1.0000000000000002,0.0,0.9230769230769231,1
0.0,0.0032458750338111974,0.5796132260710514,0.8378249198515774,0.015979389348096125,0.015979389348096125,0.007262771329267492,0.5666163736552086,1.0000000000000002,0.0,0.6538461538461539,1
0.0,0.14660535569380578,0.5796132260710514,0.8378249198515774,0.015979389348096125,0.015979389348096125,0.007262771329267492,0.5740291262135921,1.0000000000000002,0.0,0.9230769230769231,1
0.0,0.0032458750338111974,0.5796132260710514,0.8378249198515774,0.015979389348096125,0.015979389348096125,0.007262771329267492,0.5812778798215691,1.0000000000000002,0.0,0.6153846153846154,1
0.0,0.1476873140384095,0.5796132260710514,0.8378249198515774,0.015979389348096125,0.015979389348096125,0.007262771329267492,0.5887890317501967,1.0000000000000002,0.0,0.9230769230769231,1
0.0,0.14741682445225857,0.5796132260710514,0.8378249198515774,0.015979389348096125,0.015979389348096125,0.007262771329267492,0.5961033849383364,1.0000000000000002,0.0,0.9230769230769231,1
0.0,0.15120367865837164,0.5796132260710514,0.8378249198515774,0.015979389348096125,0.015979389348096125,0.007262771329267492,0.603614536866964,1.0000000000000002,0.0,0.9230769230769231,1
0.0,0.14633486610765484,0.5796132260710514,0.8378249198515774,0.015979389348096125,0.015979389348096125,0.007262771329267492,0.611158488585673,1.0000000000000002,0.0,0.9230769230769231,1
0.0,0.14633486610765484,0.5796132260710514,0.8378249198515774,0.015979389348096125,0.015979389348096125,0.007262771329267492,0.6188336394647074,1.0000000000000002,0.0,0.9230769230769231,1
0.0,0.005409791723018665,0.8432249042972114,0.5759249793520641,0.015979389348096125,0.015979389348096125,0.6261394189782936,0.006904355812122802,1.0000000000000002,0.0,0.07692307692307693,1
0.0,0.14633486610765484,0.5796132260710514,0.8378249198515774,0.015979389348096125,0.015979389348096125,0.007262771329267492,0.6334951456310679,1.0000000000000002,0.0,0.9230769230769231,1
0.0,0.005409791723018665,0.8432249042972114,0.5759249793520641,0.015979389348096125,0.015979389348096125,0.6410912190963342,0.006904355812122802,1.0000000000000002,0.0,0.07692307692307693,1
0.0,0.0032458750338111974,0.5796132260710514,0.8378249198515774,0.015979389348096125,0.015979389348096125,0.007262771329267492,0.6485502492784045,1.0000000000000002,0.0,0.6153846153846154,1
0.0,0.15066269948606978,0.5796132260710514,0.8378249198515774,0.015979389348096125,0.015979389348096125,0.007262771329267492,0.6560942009971136,1.0000000000000002,0.0,0.9230769230769231,1
0.0,0.005409791723018665,0.8432249042972114,0.5759249793520641,0.015979389348096125,0.015979389348096125,0.6639123876975539,0.006904355812122802,1.0000000000000002,0.0,0.07692307692307693,1
0.0,0.14660535569380578,0.5796132260710514,0.8378249198515774,0.015979389348096125,0.015979389348096125,0.007262771329267492,0.6712149042246129,1.0000000000000002,0.0,0.9230769230769231,1
0.0,0.1476873140384095,0.5796132260710514,0.8378249198515774,0.015979389348096125,0.015979389348096125,0.007262771329267492,0.6783324586722644,1.0000000000000002,0.0,0.9230769230769231,1
0.0,0.005409791723018665,0.8432249042972114,0.5759249793520641,0.015979389348096125,0.015979389348096125,0.6859466194504558,0.006904355812122802,1.0000000000000002,0.0,0.07692307692307693,1
0.0,0.0032458750338111974,0.5796132260710514,0.8378249198515774,0.015979389348096125,0.015979389348096125,0.007262771329267492,0.692993964838625,1.0000000000000002,0.0,0.6538461538461539,1
0.0,0.1476873140384095,0.5796132260710514,0.8378249198515774,0.015979389348096125,0.015979389348096125,0.007262771329267492,0.70043951718709,1.0000000000000002,0.0,0.9230769230769231,1
0.0,0.14633486610765484,0.5796132260710514,0.8378249198515774,0.015979389348096125,0.015979389348096125,0.007262771329267492,0.7079834689057989,1.0000000000000002,0.0,0.9230769230769231,1
0.0,0.0032458750338111974,0.5796132260710514,0.8378249198515774,0.015979389348096125,0.015979389348096125,0.007262771329267492,0.7156914195749147,1.0000000000000002,0.0,0.6538461538461539,1
0.0,0.0032458750338111974,0.5796132260710514,0.8378249198515774,0.015979389348096125,0.015979389348096125,0.007262771329267492,0.7235305694043558,1.0000000000000002,0.0,0.6538461538461539,1
0.0,0.0032458750338111974,0.5796132260710514,0.8378249198515774,0.015979389348096125,0.015979389348096125,0.007262771329267492,0.7316321175544476,1.0000000000000002,0.0,0.6153846153846154,1
0.0,0.1476873140384095,0.5796132260710514,0.8378249198515774,0.015979389348096125,0.015979389348096125,0.007262771329267492,0.739700865914458,1.0000000000000002,0.0,0.9230769230769231,1
0.0,0.15066269948606978,0.5796132260710514,0.8378249198515774,0.015979389348096125,0.015979389348096125,0.007262771329267492,0.7474416163736551,1.0000000000000002,0.0,0.9230769230769231,1
0.0,0.14985123072761697,0.5796132260710514,0.8378249198515774,0.015979389348096125,0.015979389348096125,0.007262771329267492,0.7555759643138283,1.0000000000000002,0.0,0.9230769230769231,1
0.0,0.0032458750338111974,0.8432249042972114,0.5759249793520641,0.015979389348096125,0.015979389348096125,0.7636894222571972,0.006904355812122802,1.0000000000000002,0.0,0.6153846153846154,1
0.0,0.15066269948606978,0.5796132260710514,0.8378249198515774,0.015979389348096125,0.015979389348096125,0.007262771329267492,0.7710902650223038,1.0000000000000002,0.0,0.9230769230769231,1
0.0,0.14876927238301324,0.5796132260710514,0.8378249198515774,0.015979389348096125,0.015979389348096125,0.007262771329267492,0.7790278142219889,1.0000000000000002,0.0,0.9230769230769231,1
0.0,0.005409791723018665,0.5796132260710514,0.8378249198515774,0.015979389348096125,0.015979389348096125,0.007262771329267492,0.786768564681186,1.0000000000000002,0.0,0.6923076923076923,1
0.0,0.1476873140384095,0.5796132260710514,0.8378249198515774,0.015979389348096125,0.015979389348096125,0.007262771329267492,0.7946405143007084,1.0000000000000002,0.0,0.9230769230769231,1
0.0,0.14985123072761697,0.5796132260710514,0.8378249198515774,0.015979389348096125,0.015979389348096125,0.007262771329267492,0.8025124639202308,1.0000000000000002,0.0,0.9230769230769231,1
0.0,0.14741682445225857,0.5796132260710514,0.8378249198515774,0.015979389348096125,0.015979389348096125,0.007262771329267492,0.8104500131199159,1.0000000000000002,0.0,0.9230769230769231,1
0.0,0.0032458750338111974,0.5796132260710514,0.8378249198515774,0.015979389348096125,0.015979389348096125,0.007262771329267492,0.8186171608501704,1.0000000000000002,0.0,0.6538461538461539,1
0.0,0.0032458750338111974,0.5796132260710514,0.8378249198515774,0.015979389348096125,0.015979389348096125,0.007262771329267492,0.8262267121490422,1.0000000000000002,0.0,0.6538461538461539,1
0.0,0.0032458750338111974,0.5796132260710514,0.8378249198515774,0.015979389348096125,0.015979389348096125,0.007262771329267492,0.8341314615586459,1.0000000000000002,0.0,0.6153846153846154,1
0.0,0.14660535569380578,0.5796132260710514,0.8378249198515774,0.015979389348096125,0.015979389348096125,0.007262771329267492,0.8415442141170296,1.0000000000000002,0.0,0.9230769230769231,1
0.0,0.0032458750338111974,0.5796132260710514,0.8378249198515774,0.015979389348096125,0.015979389348096125,0.007262771329267492,0.8490225662555759,1.0000000000000002,0.0,0.6538461538461539,1
0.0,0.14958074114146605,0.5796132260710514,0.8378249198515774,0.015979389348096125,0.015979389348096125,0.007262771329267492,0.8565665179742848,1.0000000000000002,0.0,0.9230769230769231,1
0.0,0.005409791723018665,0.8432249042972114,0.5759249793520641,0.015979389348096125,0.015979389348096125,0.8645812840186241,0.006904355812122802,1.0000000000000002,0.0,0.07692307692307693,1
0.0,0.14741682445225857,0.5796132260710514,0.8378249198515774,0.015979389348096125,0.015979389348096125,0.007262771329267492,0.871949619522435,1.0000000000000002,0.0,0.9230769230769231,1
0.0,0.0032458750338111974,0.5796132260710514,0.8378249198515774,0.015979389348096125,0.015979389348096125,0.007262771329267492,0.8796575701915507,1.0000000000000002,0.0,0.6538461538461539,1
0.0,0.14741682445225857,0.5796132260710514,0.8378249198515774,0.015979389348096125,0.015979389348096125,0.007262771329267492,0.887234321700341,1.0000000000000002,0.0,0.9230769230769231,1
0.0,0.0032458750338111974,0.5796132260710514,0.8378249198515774,0.015979389348096125,0.015979389348096125,0.007262771329267492,0.8950078719496194,1.0000000000000002,0.0,0.6153846153846154,1
0.0,0.0032458750338111974,0.5796132260710514,0.8378249198515774,0.015979389348096125,0.015979389348096125,0.007262771329267492,0.9028470217790605,1.0000000000000002,0.0,0.6153846153846154,1
0.0,0.14795780362456043,0.5796132260710514,0.8378249198515774,0.015979389348096125,0.015979389348096125,0.007262771329267492,0.9102925741275255,1.0000000000000002,0.0,0.9230769230769231,1
0.0,0.14795780362456043,0.5796132260710514,0.8378249198515774,0.015979389348096125,0.015979389348096125,0.007262771329267492,0.9178365258462345,1.0000000000000002,0.0,0.9230769230769231,1
0.0,0.0032458750338111974,0.5796132260710514,0.8378249198515774,0.015979389348096125,0.015979389348096125,0.007262771329267492,0.925708475465757,1.0000000000000002,0.0,0.6153846153846154,1
0.0,0.1468758452799567,0.5796132260710514,0.8378249198515774,0.015979389348096125,0.015979389348096125,0.007262771329267492,0.9333836263447913,1.0000000000000002,0.0,0.9230769230769231,1
0.0,0.005409791723018665,0.8432249042972114,0.5759249793520641,0.015979389348096125,0.015979389348096125,0.9414715719063544,0.006904355812122802,1.0000000000000002,0.0,0.07692307692307693,1
0.0,0.1476873140384095,0.5796132260710514,0.8378249198515774,0.015979389348096125,0.015979389348096125,0.007262771329267492,0.9492915245342429,1.0000000000000002,0.0,0.9230769230769231,1
0.0,0.14660535569380578,0.5796132260710514,0.8378249198515774,0.015979389348096125,0.015979389348096125,0.007262771329267492,0.9571962739438467,1.0000000000000002,0.0,0.9230769230769231,1
0.0,0.14985123072761697,0.5796132260710514,0.8378249198515774,0.015979389348096125,0.015979389348096125,0.007262771329267492,0.964871424822881,1.0000000000000002,0.0,0.9230769230769231,1
0.0,0.005409791723018665,0.8432249042972114,0.5759249793520641,0.015979389348096125,0.015979389348096125,0.9729162568037247,0.006904355812122802,1.0000000000000002,0.0,0.07692307692307693,1
0.0,0.14822829321071138,0.5796132260710514,0.8378249198515774,0.015979389348096125,0.015979389348096125,0.007262771329267492,0.9806809236420886,1.0000000000000002,0.0,0.9230769230769231,1
0.0,0.14876927238301324,0.5796132260710514,0.8378249198515774,0.015979389348096125,0.015979389348096125,0.007262771329267492,0.9882248753607976,1.0000000000000002,0.0,0.9230769230769231,1
0.0,0.005409791723018665,0.8432249042972114,0.5759249793520641,0.015979389348096125,0.015979389348096125,0.9958685815463308,0.006904355812122802,1.0000000000000002,0.0,0.07692307692307693,1
0.0,0.005409791723018665,0.8432249042972114,0.5759249793520641,0.015979389348096125,0.015979389348096125,0.5408551380418388,0.006904355812122802,1.0000000000000002,0.0,0.07692307692307693,1
0.0,0.0032458750338111974,0.5796132260710514,0.8378249198515774,0.015979389348096125,0.015979389348096125,0.007262771329267492,0.5481172920493308,1.0000000000000002,0.0,0.6153846153846154,1
0.0,0.14660535569380578,0.5796132260710514,0.8378249198515774,0.015979389348096125,0.015979389348096125,0.007262771329267492,0.5554316452374705,1.0000000000000002,0.0,0.9230769230769231,1
0.0,0.1476873140384095,0.5796132260710514,0.8378249198515774,0.015979389348096125,0.015979389348096125,0.007262771329267492,0.5632379952768302,1.0000000000000002,0.0,0.9230769230769231,1
0.0,0.0032458750338111974,0.8432249042972114,0.5759249793520641,0.015979389348096125,0.015979389348096125,0.5709554724899993,0.006904355812122802,1.0000000000000002,0.0,0.6153846153846154,1
0.0,0.14741682445225857,0.5796132260710514,0.8378249198515774,0.015979389348096125,0.015979389348096125,0.007262771329267492,0.5782930989241668,1.0000000000000002,0.0,0.9230769230769231,1
0.0,0.005409791723018665,0.8432249042972114,0.5759249793520641,0.015979389348096125,0.015979389348096125,0.5862351629615057,0.006904355812122802,1.0000000000000002,0.0,0.07692307692307693,1
0.0,0.1476873140384095,0.5796132260710514,0.8378249198515774,0.015979389348096125,0.015979389348096125,0.007262771329267492,0.5933810023615849,1.0000000000000002,0.0,0.9230769230769231,1
0.0,0.005409791723018665,0.8432249042972114,0.5759249793520641,0.015979389348096125,0.015979389348096125,0.6013181192209325,0.006904355812122802,1.0000000000000002,0.0,0.07692307692307693,1
0.0,0.005409791723018665,0.8432249042972114,0.5759249793520641,0.015979389348096125,0.015979389348096125,0.6089579644566856,0.006904355812122802,1.0000000000000002,0.0,0.07692307692307693,1
0.0,0.1476873140384095,0.5796132260710514,0.8378249198515774,0.015979389348096125,0.015979389348096125,0.007262771329267492,0.6163080556284439,1.0000000000000002,0.0,0.9230769230769231,1
0.0,0.14741682445225857,0.5796132260710514,0.8378249198515774,0.015979389348096125,0.015979389348096125,0.007262771329267492,0.6239832065074783,1.0000000000000002,0.0,0.9230769230769231,1
0.0,0.14876927238301324,0.5796132260710514,0.8378249198515774,0.015979389348096125,0.015979389348096125,0.007262771329267492,0.631789556546838,1.0000000000000002,0.0,0.9230769230769231,1
0.0,0.14741682445225857,0.5796132260710514,0.8378249198515774,0.015979389348096125,0.015979389348096125,0.007262771329267492,0.6393663080556283,1.0000000000000002,0.0,0.9230769230769231,1
0.0,0.1490397619691642,0.5796132260710514,0.8378249198515774,0.015979389348096125,0.015979389348096125,0.007262771329267492,0.647533455785883,1.0000000000000002,0.0,0.9230769230769231,1
0.0,0.0032458750338111974,0.8432249042972114,0.5759249793520641,0.015979389348096125,0.015979389348096125,0.6553872385074431,0.006904355812122802,1.0000000000000002,0.0,0.6153846153846154,1
0.0,0.14741682445225857,0.5796132260710514,0.8378249198515774,0.015979389348096125,0.015979389348096125,0.007262771329267492,0.662818157963789,1.0000000000000002,0.0,0.9230769230769231,1
0.0,0.0032458750338111974,0.5796132260710514,0.8378249198515774,0.015979389348096125,0.015979389348096125,0.007262771329267492,0.6704277092626606,1.0000000000000002,0.0,0.6538461538461539,1
0.0,0.14714633486610765,0.5796132260710514,0.8378249198515774,0.015979389348096125,0.015979389348096125,0.007262771329267492,0.6782668590921017,1.0000000000000002,0.0,0.9230769230769231,1
0.0,0.0032458750338111974,0.5796132260710514,0.8378249198515774,0.015979389348096125,0.015979389348096125,0.007262771329267492,0.6860076095512988,1.0000000000000002,0.0,0.6153846153846154,1
0.0,0.14741682445225857,0.5796132260710514,0.8378249198515774,0.015979389348096125,0.015979389348096125,0.007262771329267492,0.6936171608501704,1.0000000000000002,0.0,0.9230769230769231,1
0.0,0.1490397619691642,0.5796132260710514,0.8378249198515774,0.015979389348096125,0.015979389348096125,0.007262771329267492,0.7017187090002623,1.0000000000000002,0.0,0.9230769230769231,1
0.0,0.0032458750338111974,0.8432249042972114,0.5759249793520641,0.015979389348096125,0.015979389348096125,0.7097514591120728,0.006904355812122802,1.0000000000000002,0.0,0.6153846153846154,1
0.0,0.14876927238301324,0.5796132260710514,0.8378249198515774,0.015979389348096125,0.015979389348096125,0.007262771329267492,0.7173642088690632,1.0000000000000002,0.0,0.9230769230769231,1
0.0,0.15012172031376791,0.5796132260710514,0.8378249198515774,0.015979389348096125,0.015979389348096125,0.007262771329267492,0.7257281553398057,1.0000000000000002,0.0,0.9230769230769231,1
0.0,0.15066269948606978,0.5796132260710514,0.8378249198515774,0.015979389348096125,0.015979389348096125,0.007262771329267492,0.7336001049593281,1.0000000000000002,0.0,0.9230769230769231,1
0.0,0.14660535569380578,0.5796132260710514,0.8378249198515774,0.015979389348096125,0.015979389348096125,0.007262771329267492,0.7416688533193386,1.0000000000000002,0.0,0.9230769230769231,1
0.0,0.14633486610765484,0.5796132260710514,0.8378249198515774,0.015979389348096125,0.015979389348096125,0.007262771329267492,0.7497704014694305,1.0000000000000002,0.0,0.9230769230769231,1
0.0,0.14741682445225857,0.5796132260710514,0.8378249198515774,0.015979389348096125,0.015979389348096125,0.007262771329267492,0.7575111519286276,1.0000000000000002,0.0,0.9230769230769231,1
0.0,0.0032458750338111974,0.8432249042972114,0.5759249793520641,0.015979389348096125,0.015979389348096125,0.7657551314840317,0.006904355812122802,1.0000000000000002,0.0,0.6153846153846154,1
0.0,0.005409791723018665,0.8432249042972114,0.5759249793520641,0.015979389348096125,0.015979389348096125,0.773460554790478,0.006904355812122802,1.0000000000000002,0.0,0.07692307692307693,1
0.0,0.15066269948606978,0.5796132260710514,0.8378249198515774,0.015979389348096125,0.015979389348096125,0.007262771329267492,0.7810286014169509,1.0000000000000002,0.0,0.9230769230769231,1
0.0,0.14849878279686232,0.5796132260710514,0.8378249198515774,0.015979389348096125,0.015979389348096125,0.007262771329267492,0.7888349514563106,1.0000000000000002,0.0,0.9230769230769231,1
0.0,0.14741682445225857,0.5796132260710514,0.8378249198515774,0.015979389348096125,0.015979389348096125,0.007262771329267492,0.7967397008659144,1.0000000000000002,0.0,0.9230769230769231,1
0.0,0.14741682445225857,0.5796132260710514,0.8378249198515774,0.015979389348096125,0.015979389348096125,0.007262771329267492,0.8044804513251115,1.0000000000000002,0.0,0.9230769230769231,1
0.0,0.005409791723018665,0.8432249042972114,0.5759249793520641,0.015979389348096125,0.015979389348096125,0.8124795068529084,0.006904355812122802,1.0000000000000002,0.0,0.07692307692307693,1
0.0,0.14958074114146605,0.5796132260710514,0.8378249198515774,0.015979389348096125,0.015979389348096125,0.007262771329267492,0.8201587509839936,1.0000000000000002,0.0,0.9230769230769231,1
0.0,0.14660535569380578,0.5796132260710514,0.8378249198515774,0.015979389348096125,0.015979389348096125,0.007262771329267492,0.8280635003935974,1.0000000000000002,0.0,0.9230769230769231,1
0.0,0.14633486610765484,0.5796132260710514,0.8378249198515774,0.015979389348096125,0.015979389348096125,0.007262771329267492,0.8361322487536079,1.0000000000000002,0.0,0.9230769230769231,1
0.0,0.005409791723018665,0.8432249042972114,0.5759249793520641,0.015979389348096125,0.015979389348096125,0.8437602465735458,0.006904355812122802,1.0000000000000002,0.0,0.07692307692307693,1
0.0,0.14660535569380578,0.5796132260710514,0.8378249198515774,0.015979389348096125,0.015979389348096125,0.007262771329267492,0.8513513513513513,1.0000000000000002,0.0,0.9230769230769231,1
0.0,0.14633486610765484,0.5796132260710514,0.8378249198515774,0.015979389348096125,0.015979389348096125,0.007262771329267492,0.8590265022303857,1.0000000000000002,0.0,0.9230769230769231,1
0.0,0.14741682445225857,0.5796132260710514,0.8378249198515774,0.015979389348096125,0.015979389348096125,0.007262771329267492,0.8668328522697454,1.0000000000000002,0.0,0.9230769230769231,1
0.0,0.15201514741682445,0.5796132260710514,0.8378249198515774,0.015979389348096125,0.015979389348096125,0.007262771329267492,0.8740816058777223,1.0000000000000002,0.0,0.9230769230769231,1
0.0,0.0032458750338111974,0.5796132260710514,0.8378249198515774,0.015979389348096125,0.015979389348096125,0.007262771329267492,0.8816583573865127,1.0000000000000002,0.0,0.6153846153846154,1
0.0,0.14741682445225857,0.5796132260710514,0.8378249198515774,0.015979389348096125,0.015979389348096125,0.007262771329267492,0.8891695093151403,1.0000000000000002,0.0,0.9230769230769231,1
0.0,0.005409791723018665,0.8432249042972114,0.5759249793520641,0.015979389348096125,0.015979389348096125,0.8969112728703521,0.006904355812122802,1.0000000000000002,0.0,0.07692307692307693,1
0.0,0.1468758452799567,0.5796132260710514,0.8378249198515774,0.015979389348096125,0.015979389348096125,0.007262771329267492,0.904618210443453,1.0000000000000002,0.0,0.9230769230769231,1
0.0,0.005409791723018665,0.8432249042972114,0.5759249793520641,0.015979389348096125,0.015979389348096125,0.9125516427306708,0.006904355812122802,1.0000000000000002,0.0,0.07692307692307693,1
0.0,0.14714633486610765,0.5796132260710514,0.8378249198515774,0.015979389348096125,0.015979389348096125,0.007262771329267492,0.9200341117816845,1.0000000000000002,0.0,0.9230769230769231,1
0.0,0.005409791723018665,0.8432249042972114,0.5759249793520641,0.015979389348096125,0.015979389348096125,0.9277985441668305,0.006904355812122802,1.0000000000000002,0.0,0.07692307692307693,1
0.0,0.0032458750338111974,0.5796132260710514,0.8378249198515774,0.015979389348096125,0.015979389348096125,0.007262771329267492,0.9354828129099972,1.0000000000000002,0.0,0.6538461538461539,1
0.0,0.14714633486610765,0.5796132260710514,0.8378249198515774,0.015979389348096125,0.015979389348096125,0.007262771329267492,0.9433219627394384,1.0000000000000002,0.0,0.9230769230769231,1
0.0,0.005409791723018665,0.5796132260710514,0.8378249198515774,0.015979389348096125,0.015979389348096125,0.007262771329267492,0.9512923117292048,1.0000000000000002,0.0,0.6923076923076923,1
0.0,0.14606437652150392,0.5796132260710514,0.8378249198515774,0.015979389348096125,0.015979389348096125,0.007262771329267492,0.9589018630280766,1.0000000000000002,0.0,0.9230769230769231,1
0.0,0.14660535569380578,0.5796132260710514,0.8378249198515774,0.015979389348096125,0.015979389348096125,0.007262771329267492,0.9667410128575177,1.0000000000000002,0.0,0.9230769230769231,1
0.0,0.005409791723018665,0.8432249042972114,0.5759249793520641,0.015979389348096125,0.015979389348096125,0.9743261853236277,0.006904355812122802,1.0000000000000002,0.0,0.07692307692307693,1
0.0,0.1476873140384095,0.5796132260710514,0.8378249198515774,0.015979389348096125,0.015979389348096125,0.007262771329267492,0.9820257150354237,1.0000000000000002,0.0,0.9230769230769231,1
0.0,0.005409791723018665,0.8432249042972114,0.5759249793520641,0.015979389348096125,0.015979389348096125,0.9900649222899862,0.006904355812122802,1.0000000000000002,0.0,0.07692307692307693,1
0.0,0.0032458750338111974,0.5796132260710514,0.8378249198515774,0.015979389348096125,0.015979389348096125,0.007262771329267492,0.9976384151141432,1.0000000000000002,0.0,0.6538461538461539,1
0.0,0.14714633486610765,0.5796132260710514,0.8378249198515774,0.015979389348096125,0.015979389348096125,0.007262771329267492,0.5424757281553397,1.0000000000000002,0.0,0.9230769230769231,1
0.0,0.1476873140384095,0.5796132260710514,0.8378249198515774,0.015979389348096125,0.015979389348096125,0.007262771329267492,0.549954080293886,1.0000000000000002,0.0,0.9230769230769231,1
0.0,0.1517446578306735,0.5796132260710514,0.8378249198515774,0.015979389348096125,0.015979389348096125,0.007262771329267492,0.5576292311729204,1.0000000000000002,0.0,0.9230769230769231,1
0.0,0.14714633486610765,0.5796132260710514,0.8378249198515774,0.015979389348096125,0.015979389348096125,0.007262771329267492,0.5652059826817107,1.0000000000000002,0.0,0.9230769230769231,1
0.0,0.0032458750338111974,0.5796132260710514,0.8378249198515774,0.015979389348096125,0.015979389348096125,0.007262771329267492,0.572585935450013,1.0000000000000002,0.0,0.6153846153846154,1
0.0,0.005409791723018665,0.8432249042972114,0.5759249793520641,0.015979389348096125,0.015979389348096125,0.5805626598465473,0.006904355812122802,1.0000000000000002,0.0,0.07692307692307693,1
0.0,0.14660535569380578,0.5796132260710514,0.8378249198515774,0.015979389348096125,0.015979389348096125,0.007262771329267492,0.5877394384675937,1.0000000000000002,0.0,0.9230769230769231,1
0.0,0.005409791723018665,0.8432249042972114,0.5759249793520641,0.015979389348096125,0.015979389348096125,0.595809561282707,0.006904355812122802,1.0000000000000002,0.0,0.07692307692307693,1
0.0,0.1476873140384095,0.5796132260710514,0.8378249198515774,0.015979389348096125,0.015979389348096125,0.007262771329267492,0.6034177381264759,1.0000000000000002,0.0,0.9230769230769231,1
0.0,0.14741682445225857,0.5796132260710514,0.8378249198515774,0.015979389348096125,0.015979389348096125,0.007262771329267492,0.611158488585673,1.0000000000000002,0.0,0.9230769230769231,1
0.0,0.005409791723018665,0.8432249042972114,0.5759249793520641,0.015979389348096125,0.015979389348096125,0.618925831202046,0.006904355812122802,1.0000000000000002,0.0,0.07692307692307693,1
0.0,0.0032458750338111974,0.8432249042972114,0.5759249793520641,0.015979389348096125,0.015979389348096125,0.6263033641550265,0.006904355812122802,1.0000000000000002,0.0,0.6153846153846154,1
0.0,0.0032458750338111974,0.5796132260710514,0.8378249198515774,0.015979389348096125,0.015979389348096125,0.007262771329267492,0.6333967462608239,1.0000000000000002,0.0,0.6153846153846154,1
0.0,0.1476873140384095,0.5796132260710514,0.8378249198515774,0.015979389348096125,0.015979389348096125,0.007262771329267492,0.6410718971398582,1.0000000000000002,0.0,0.9230769230769231,1
0.0,0.1476873140384095,0.5796132260710514,0.8378249198515774,0.015979389348096125,0.015979389348096125,0.007262771329267492,0.6487470480188926,1.0000000000000002,0.0,0.9230769230769231,1
0.0,0.1476873140384095,0.5796132260710514,0.8378249198515774,0.015979389348096125,0.015979389348096125,0.007262771329267492,0.6563565993177642,1.0000000000000002,0.0,0.9230769230769231,1
0.0,0.14660535569380578,0.5796132260710514,0.8378249198515774,0.015979389348096125,0.015979389348096125,0.007262771329267492,0.6637037522959852,1.0000000000000002,0.0,0.9230769230769231,1
0.0,0.1517446578306735,0.5796132260710514,0.8378249198515774,0.015979389348096125,0.015979389348096125,0.007262771329267492,0.6713789031750196,1.0000000000000002,0.0,0.9230769230769231,1
0.0,0.0032458750338111974,0.5796132260710514,0.8378249198515774,0.015979389348096125,0.015979389348096125,0.007262771329267492,0.6785948569929152,1.0000000000000002,0.0,0.6153846153846154,1
0.0,0.0032458750338111974,0.5796132260710514,0.8378249198515774,0.015979389348096125,0.015979389348096125,0.007262771329267492,0.6862372080818682,1.0000000000000002,0.0,0.6538461538461539,1
0.0,0.005409791723018665,0.8432249042972114,0.5759249793520641,0.015979389348096125,0.015979389348096125,0.6938487769689815,0.006904355812122802,1.0000000000000002,0.0,0.07692307692307693,1
0.0,0.14714633486610765,0.5796132260710514,0.8378249198515774,0.015979389348096125,0.015979389348096125,0.007262771329267492,0.7017515087903436,1.0000000000000002,0.0,0.9230769230769231,1
0.0,0.14660535569380578,0.5796132260710514,0.8378249198515774,0.015979389348096125,0.015979389348096125,0.007262771329267492,0.7092954605090527,1.0000000000000002,0.0,0.9230769230769231,1
0.0,0.15255612658912632,0.5796132260710514,0.8378249198515774,0.015979389348096125,0.015979389348096125,0.007262771329267492,0.7172330097087378,1.0000000000000002,0.0,0.9230769230769231,1
0.0,0.14741682445225857,0.5796132260710514,0.8378249198515774,0.015979389348096125,0.015979389348096125,0.007262771329267492,0.7250721595381788,1.0000000000000002,0.0,0.9230769230769231,1
0.0,0.005409791723018665,0.8432249042972114,0.5759249793520641,0.015979389348096125,0.015979389348096125,0.7331300413141845,0.006904355812122802,1.0000000000000002,0.0,0.07692307692307693,1
0.0,0.14849878279686232,0.5796132260710514,0.8378249198515774,0.015979389348096125,0.015979389348096125,0.007262771329267492,0.7407832589871424,1.0000000000000002,0.0,0.9230769230769231,1
0.0,0.15012172031376791,0.5796132260710514,0.8378249198515774,0.015979389348096125,0.015979389348096125,0.007262771329267492,0.7487536079769088,1.0000000000000002,0.0,0.9230769230769231,1
0.0,0.0032458750338111974,0.5796132260710514,0.8378249198515774,0.015979389348096125,0.015979389348096125,0.007262771329267492,0.756789556546838,1.0000000000000002,0.0,0.6153846153846154,1
0.0,0.14822829321071138,0.5796132260710514,0.8378249198515774,0.015979389348096125,0.015979389348096125,0.007262771329267492,0.7645959065861978,1.0000000000000002,0.0,0.9230769230769231,1
0.0,0.14633486610765484,0.5796132260710514,0.8378249198515774,0.015979389348096125,0.015979389348096125,0.007262771329267492,0.7726974547362896,1.0000000000000002,0.0,0.9230769230769231,1
0.0,0.005409791723018665,0.8432249042972114,0.5759249793520641,0.015979389348096125,0.015979389348096125,0.7807397206374188,0.006904355812122802,1.0000000000000002,0.0,0.07692307692307693,1
0.0,0.14660535569380578,0.5796132260710514,0.8378249198515774,0.015979389348096125,0.015979389348096125,0.007262771329267492,0.788014956704277,1.0000000000000002,0.0,0.9230769230769231,1
0.0,0.14660535569380578,0.5796132260710514,0.8378249198515774,0.015979389348096125,0.015979389348096125,0.007262771329267492,0.7960181054841248,1.0000000000000002,0.0,0.9230769230769231,1
0.0,0.14660535569380578,0.5796132260710514,0.8378249198515774,0.015979389348096125,0.015979389348096125,0.007262771329267492,0.8038244555234846,1.0000000000000002,0.0,0.9230769230769231,1
0.0,0.0032458750338111974,0.5796132260710514,0.8378249198515774,0.015979389348096125,0.015979389348096125,0.007262771329267492,0.8118276043033323,1.0000000000000002,0.0,0.6538461538461539,1
0.0,0.005409791723018665,0.5796132260710514,0.8378249198515774,0.015979389348096125,0.015979389348096125,0.007262771329267492,0.8197323537129362,1.0000000000000002,0.0,0.6923076923076923,1
0.0,0.0032458750338111974,0.5796132260710514,0.8378249198515774,0.015979389348096125,0.015979389348096125,0.007262771329267492,0.8271779060614012,1.0000000000000002,0.0,0.6153846153846154,1
0.0,0.0032458750338111974,0.5796132260710514,0.8378249198515774,0.015979389348096125,0.015979389348096125,0.007262771329267492,0.8348530569404355,1.0000000000000002,0.0,0.6153846153846154,1
0.0,0.0032458750338111974,0.5796132260710514,0.8378249198515774,0.015979389348096125,0.015979389348096125,0.007262771329267492,0.8422002099186564,1.0000000000000002,0.0,0.6153846153846154,1
0.0,0.0032458750338111974,0.5796132260710514,0.8378249198515774,0.015979389348096125,0.015979389348096125,0.007262771329267492,0.8499737601679348,1.0000000000000002,0.0,0.6153846153846154,1
0.0,0.0032458750338111974,0.5796132260710514,0.8378249198515774,0.015979389348096125,0.015979389348096125,0.007262771329267492,0.8575177118866438,1.0000000000000002,0.0,0.6153846153846154,1
0.0,0.0032458750338111974,0.5796132260710514,0.8378249198515774,0.015979389348096125,0.015979389348096125,0.007262771329267492,0.8651600629755969,1.0000000000000002,0.0,0.6153846153846154,1
0.0,0.0032458750338111974,0.5796132260710514,0.8378249198515774,0.015979389348096125,0.015979389348096125,0.007262771329267492,0.8730320125951193,1.0000000000000002,0.0,0.6153846153846154,1
0.0,0.0032458750338111974,0.5796132260710514,0.8378249198515774,0.015979389348096125,0.015979389348096125,0.007262771329267492,0.8807727630543164,1.0000000000000002,0.0,0.6153846153846154,1
0.0,0.0032458750338111974,0.5796132260710514,0.8378249198515774,0.015979389348096125,0.015979389348096125,0.007262771329267492,0.8886119128837575,1.0000000000000002,0.0,0.6153846153846154,1
0.0,0.0032458750338111974,0.5796132260710514,0.8378249198515774,0.015979389348096125,0.015979389348096125,0.007262771329267492,0.8961886643925479,1.0000000000000002,0.0,0.6153846153846154,1
0.0,0.0032458750338111974,0.5796132260710514,0.8378249198515774,0.015979389348096125,0.015979389348096125,0.007262771329267492,0.9036014169509314,1.0000000000000002,0.0,0.6153846153846154,1
0.0,0.0032458750338111974,0.5796132260710514,0.8378249198515774,0.015979389348096125,0.015979389348096125,0.007262771329267492,0.9113421674101285,1.0000000000000002,0.0,0.6153846153846154,1
0.0,0.0032458750338111974,0.5796132260710514,0.8378249198515774,0.015979389348096125,0.015979389348096125,0.007262771329267492,0.9191813172395695,1.0000000000000002,0.0,0.6153846153846154,1
0.0,0.0032458750338111974,0.5796132260710514,0.8378249198515774,0.015979389348096125,0.015979389348096125,0.007262771329267492,0.9269220676987666,1.0000000000000002,0.0,0.6153846153846154,1
0.0,0.0032458750338111974,0.5796132260710514,0.8378249198515774,0.015979389348096125,0.015979389348096125,0.007262771329267492,0.9348596168984518,1.0000000000000002,0.0,0.6153846153846154,1
0.0,0.0032458750338111974,0.5796132260710514,0.8378249198515774,0.015979389348096125,0.015979389348096125,0.007262771329267492,0.9427643663080555,1.0000000000000002,0.0,0.6153846153846154,1
0.0,0.0032458750338111974,0.5796132260710514,0.8378249198515774,0.015979389348096125,0.015979389348096125,0.007262771329267492,0.9504723169771713,1.0000000000000002,0.0,0.6153846153846154,1
0.0,0.005409791723018665,0.5796132260710514,0.8378249198515774,0.015979389348096125,0.015979389348096125,0.007262771329267492,0.9581802676462869,1.0000000000000002,0.0,0.6923076923076923,1
0.0,0.0032458750338111974,0.5796132260710514,0.8378249198515774,0.015979389348096125,0.015979389348096125,0.007262771329267492,0.9655274206245079,1.0000000000000002,0.0,0.6153846153846154,1
0.0,0.0032458750338111974,0.5796132260710514,0.8378249198515774,0.015979389348096125,0.015979389348096125,0.007262771329267492,0.973268171083705,1.0000000000000002,0.0,0.6153846153846154,1
0.0,0.0032458750338111974,0.5796132260710514,0.8378249198515774,0.015979389348096125,0.015979389348096125,0.007262771329267492,0.9808777223825766,1.0000000000000002,0.0,0.6153846153846154,1
0.0,0.0032458750338111974,0.5796132260710514,0.8378249198515774,0.015979389348096125,0.015979389348096125,0.007262771329267492,0.9885200734715297,1.0000000000000002,0.0,0.6153846153846154,1
0.0,0.0032458750338111974,0.5796132260710514,0.8378249198515774,0.015979389348096125,0.015979389348096125,0.007262771329267492,0.9968184203621095,1.0000000000000002,0.0,0.6153846153846154,1
0.0,0.005409791723018665,0.8432249042972114,0.5759249793520641,0.015979389348096125,0.015979389348096125,0.5417076529608499,0.006904355812122802,1.0000000000000002,0.0,0.07692307692307693,1
0.0,0.0032458750338111974,0.5796132260710514,0.8378249198515774,0.015979389348096125,0.015979389348096125,0.007262771329267492,0.5488388874311204,1.0000000000000002,0.0,0.6153846153846154,1
0.0,0.0032458750338111974,0.8432249042972114,0.5759249793520641,0.015979389348096125,0.015979389348096125,0.5567906092202767,0.006904355812122802,1.0000000000000002,0.0,0.6153846153846154,1
0.0,0.0032458750338111974,0.5796132260710514,0.8378249198515774,0.015979389348096125,0.015979389348096125,0.007262771329267492,0.5642219889792705,1.0000000000000002,0.0,0.6153846153846154,1
0.0,0.0032458750338111974,0.8432249042972114,0.5759249793520641,0.015979389348096125,0.015979389348096125,0.571676831267624,0.006904355812122802,1.0000000000000002,0.0,0.6153846153846154,1
0.0,0.0032458750338111974,0.5796132260710514,0.8378249198515774,0.015979389348096125,0.015979389348096125,0.007262771329267492,0.579080293886119,1.0000000000000002,0.0,0.6153846153846154,1
0.0,0.0032458750338111974,0.5796132260710514,0.8378249198515774,0.015979389348096125,0.015979389348096125,0.007262771329267492,0.5867882445552348,1.0000000000000002,0.0,0.6153846153846154,1
0.0,0.0032458750338111974,0.5796132260710514,0.8378249198515774,0.015979389348096125,0.015979389348096125,0.007262771329267492,0.5940041983731303,1.0000000000000002,0.0,0.6153846153846154,1
0.0,0.0032458750338111974,0.5796132260710514,0.8378249198515774,0.015979389348096125,0.015979389348096125,0.007262771329267492,0.6016793492521647,1.0000000000000002,0.0,0.6153846153846154,1
0.0,0.0032458750338111974,0.5796132260710514,0.8378249198515774,0.015979389348096125,0.015979389348096125,0.007262771329267492,0.6092889005510365,1.0000000000000002,0.0,0.6153846153846154,1
0.0,0.0032458750338111974,0.5796132260710514,0.8378249198515774,0.015979389348096125,0.015979389348096125,0.007262771329267492,0.6169312516399894,1.0000000000000002,0.0,0.6153846153846154,1
0.0,0.0032458750338111974,0.5796132260710514,0.8378249198515774,0.015979389348096125,0.015979389348096125,0.007262771329267492,0.6246064025190238,1.0000000000000002,0.0,0.6153846153846154,1
0.0,0.0032458750338111974,0.5796132260710514,0.8378249198515774,0.015979389348096125,0.015979389348096125,0.007262771329267492,0.631986355287326,1.0000000000000002,0.0,0.6153846153846154,1
0.0,0.0032458750338111974,0.5796132260710514,0.8378249198515774,0.015979389348096125,0.015979389348096125,0.007262771329267492,0.6395303070060351,1.0000000000000002,0.0,0.6153846153846154,1
0.0,0.0032458750338111974,0.5796132260710514,0.8378249198515774,0.015979389348096125,0.015979389348096125,0.007262771329267492,0.6474678562057202,1.0000000000000002,0.0,0.6153846153846154,1
0.0,0.0032458750338111974,0.5796132260710514,0.8378249198515774,0.015979389348096125,0.015979389348096125,0.007262771329267492,0.6550118079244293,1.0000000000000002,0.0,0.6153846153846154,1
0.0,0.0032458750338111974,0.5796132260710514,0.8378249198515774,0.015979389348096125,0.015979389348096125,0.007262771329267492,0.6626213592233009,1.0000000000000002,0.0,0.6153846153846154,1
0.0,0.0032458750338111974,0.5796132260710514,0.8378249198515774,0.015979389348096125,0.015979389348096125,0.007262771329267492,0.6700997113618472,1.0000000000000002,0.0,0.6153846153846154,1
0.0,0.0032458750338111974,0.5796132260710514,0.8378249198515774,0.015979389348096125,0.015979389348096125,0.007262771329267492,0.6777092626607188,1.0000000000000002,0.0,0.6153846153846154,1
0.0,0.1509331890722207,0.5796132260710514,0.8378249198515774,0.015979389348096125,0.015979389348096125,0.007262771329267492,0.6851220152191025,1.0000000000000002,0.0,0.9230769230769231,1
0.0,0.14633486610765484,0.5796132260710514,0.8378249198515774,0.015979389348096125,0.015979389348096125,0.007262771329267492,0.6927643663080556,1.0000000000000002,0.0,0.9230769230769231,1
0.0,0.0032458750338111974,0.5796132260710514,0.8378249198515774,0.015979389348096125,0.015979389348096125,0.007262771329267492,0.7003411178168459,1.0000000000000002,0.0,0.6153846153846154,1
0.0,0.0032458750338111974,0.5796132260710514,0.8378249198515774,0.015979389348096125,0.015979389348096125,0.007262771329267492,0.7081802676462869,1.0000000000000002,0.0,0.6153846153846154,1
0.0,0.0032458750338111974,0.5796132260710514,0.8378249198515774,0.015979389348096125,0.015979389348096125,0.007262771329267492,0.7160850170558908,1.0000000000000002,0.0,0.6153846153846154,1
0.0,0.0032458750338111974,0.5796132260710514,0.8378249198515774,0.015979389348096125,0.015979389348096125,0.007262771329267492,0.7240553660456572,1.0000000000000002,0.0,0.6153846153846154,1
0.0,0.0032458750338111974,0.5796132260710514,0.8378249198515774,0.015979389348096125,0.015979389348096125,0.007262771329267492,0.7318617160850169,1.0000000000000002,0.0,0.6153846153846154,1
0.0,0.0032458750338111974,0.5796132260710514,0.8378249198515774,0.015979389348096125,0.015979389348096125,0.007262771329267492,0.7395368669640514,1.0000000000000002,0.0,0.6153846153846154,1
0.0,0.0032458750338111974,0.5796132260710514,0.8378249198515774,0.015979389348096125,0.015979389348096125,0.007262771329267492,0.746851220152191,1.0000000000000002,0.0,0.6153846153846154,1
0.0,0.0032458750338111974,0.5796132260710514,0.8378249198515774,0.015979389348096125,0.015979389348096125,0.007262771329267492,0.7547231697717134,1.0000000000000002,0.0,0.6153846153846154,1
0.0,0.0032458750338111974,0.5796132260710514,0.8378249198515774,0.015979389348096125,0.015979389348096125,0.007262771329267492,0.7625623196011545,1.0000000000000002,0.0,0.6153846153846154,1
0.0,0.0032458750338111974,0.5796132260710514,0.8378249198515774,0.015979389348096125,0.015979389348096125,0.007262771329267492,0.7701718709000261,1.0000000000000002,0.0,0.6153846153846154,1
0.0,0.005409791723018665,0.5796132260710514,0.8378249198515774,0.015979389348096125,0.015979389348096125,0.007262771329267492,0.7780438205195486,1.0000000000000002,0.0,0.6923076923076923,1
0.0,0.0032458750338111974,0.5796132260710514,0.8378249198515774,0.015979389348096125,0.015979389348096125,0.007262771329267492,0.7860469692993964,1.0000000000000002,0.0,0.6153846153846154,1
0.0,0.0032458750338111974,0.5796132260710514,0.8378249198515774,0.015979389348096125,0.015979389348096125,0.007262771329267492,0.7936893203883494,1.0000000000000002,0.0,0.6153846153846154,1
0.0,0.0032458750338111974,0.5796132260710514,0.8378249198515774,0.015979389348096125,0.015979389348096125,0.007262771329267492,0.8013644712673839,1.0000000000000002,0.0,0.6153846153846154,1
0.0,0.0032458750338111974,0.5796132260710514,0.8378249198515774,0.015979389348096125,0.015979389348096125,0.007262771329267492,0.8092036210968249,1.0000000000000002,0.0,0.6153846153846154,1
0.0,0.005409791723018665,0.5796132260710514,0.8378249198515774,0.015979389348096125,0.015979389348096125,0.007262771329267492,0.8173051692469168,1.0000000000000002,0.0,0.6923076923076923,1
0.0,0.0032458750338111974,0.5796132260710514,0.8378249198515774,0.015979389348096125,0.015979389348096125,0.007262771329267492,0.8251771188664392,1.0000000000000002,0.0,0.6153846153846154,1
0.0,0.0032458750338111974,0.5796132260710514,0.8378249198515774,0.015979389348096125,0.015979389348096125,0.007262771329267492,0.8331146680661243,1.0000000000000002,0.0,0.6153846153846154,1
0.0,0.0032458750338111974,0.5796132260710514,0.8378249198515774,0.015979389348096125,0.015979389348096125,0.007262771329267492,0.8406586197848332,1.0000000000000002,0.0,0.6153846153846154,1
0.0,0.0032458750338111974,0.5796132260710514,0.8378249198515774,0.015979389348096125,0.015979389348096125,0.007262771329267492,0.8483993702440303,1.0000000000000002,0.0,0.6153846153846154,1
0.0,0.0032458750338111974,0.5796132260710514,0.8378249198515774,0.015979389348096125,0.015979389348096125,0.007262771329267492,0.855812122802414,1.0000000000000002,0.0,0.6153846153846154,1
0.0,0.0032458750338111974,0.5796132260710514,0.8378249198515774,0.015979389348096125,0.015979389348096125,0.007262771329267492,0.8632904749409603,1.0000000000000002,0.0,0.6153846153846154,1
0.0,0.0032458750338111974,0.5796132260710514,0.8378249198515774,0.015979389348096125,0.015979389348096125,0.007262771329267492,0.8707360272894252,1.0000000000000002,0.0,0.6153846153846154,1
0.0,0.0032458750338111974,0.5796132260710514,0.8378249198515774,0.015979389348096125,0.015979389348096125,0.007262771329267492,0.8781815796378902,1.0000000000000002,0.0,0.6153846153846154,1
0.0,0.0032458750338111974,0.5796132260710514,0.8378249198515774,0.015979389348096125,0.015979389348096125,0.007262771329267492,0.8856599317764365,1.0000000000000002,0.0,0.6153846153846154,1
0.0,0.0032458750338111974,0.5796132260710514,0.8378249198515774,0.015979389348096125,0.015979389348096125,0.007262771329267492,0.8932038834951456,1.0000000000000002,0.0,0.6153846153846154,1
0.0,0.1468758452799567,0.5796132260710514,0.8378249198515774,0.015979389348096125,0.015979389348096125,0.007262771329267492,0.9004854368932038,1.0000000000000002,0.0,0.9230769230769231,1
0.0,0.0032458750338111974,0.5796132260710514,0.8378249198515774,0.015979389348096125,0.015979389348096125,0.007262771329267492,0.9081277879821569,1.0000000000000002,0.0,0.6153846153846154,1
0.0,0.0032458750338111974,0.5796132260710514,0.8378249198515774,0.015979389348096125,0.015979389348096125,0.007262771329267492,0.9159013382314353,1.0000000000000002,0.0,0.6153846153846154,1
0.0,0.0032458750338111974,0.5796132260710514,0.8378249198515774,0.015979389348096125,0.015979389348096125,0.007262771329267492,0.9237404880608763,1.0000000000000002,0.0,0.6153846153846154,1
0.0,0.0032458750338111974,0.5796132260710514,0.8378249198515774,0.015979389348096125,0.015979389348096125,0.007262771329267492,0.9314156389399108,1.0000000000000002,0.0,0.6153846153846154,1
0.0,0.0032458750338111974,0.5796132260710514,0.8378249198515774,0.015979389348096125,0.015979389348096125,0.007262771329267492,0.9391563893991077,1.0000000000000002,0.0,0.6153846153846154,1
0.0,0.0032458750338111974,0.5796132260710514,0.8378249198515774,0.015979389348096125,0.015979389348096125,0.007262771329267492,0.9467659406979795,1.0000000000000002,0.0,0.6153846153846154,1
0.0,0.0032458750338111974,0.5796132260710514,0.8378249198515774,0.015979389348096125,0.015979389348096125,0.007262771329267492,0.9545066911571765,1.0000000000000002,0.0,0.6153846153846154,1
0.0,0.0032458750338111974,0.5796132260710514,0.8378249198515774,0.015979389348096125,0.015979389348096125,0.007262771329267492,0.9621818420362109,1.0000000000000002,0.0,0.6153846153846154,1
0.0,0.005409791723018665,0.5796132260710514,0.8378249198515774,0.015979389348096125,0.015979389348096125,0.007262771329267492,0.9699225924954079,1.0000000000000002,0.0,0.6923076923076923,1
0.0,0.0032458750338111974,0.5796132260710514,0.8378249198515774,0.015979389348096125,0.015979389348096125,0.007262771329267492,0.9771057465232221,1.0000000000000002,0.0,0.6153846153846154,1
0.0,0.0032458750338111974,0.5796132260710514,0.8378249198515774,0.015979389348096125,0.015979389348096125,0.007262771329267492,0.9848464969824192,1.0000000000000002,0.0,0.6153846153846154,1
0.0,0.0032458750338111974,0.5796132260710514,0.8378249198515774,0.015979389348096125,0.015979389348096125,0.007262771329267492,0.9925872474416163,1.0000000000000002,0.0,0.6153846153846154,1
0.0,0.0032458750338111974,0.5796132260710514,0.8378249198515774,0.015979389348096125,0.015979389348096125,0.007262771329267492,0.5373261611125688,1.0000000000000002,0.0,0.6153846153846154,1
0.0,0.0032458750338111974,0.5796132260710514,0.8378249198515774,0.015979389348096125,0.015979389348096125,0.007262771329267492,0.5446405143007084,1.0000000000000002,0.0,0.6153846153846154,1
0.0,0.005409791723018665,0.5796132260710514,0.8378249198515774,0.015979389348096125,0.015979389348096125,0.007262771329267492,0.5520860666491734,1.0000000000000002,0.0,0.6923076923076923,1
0.0,0.0032458750338111974,0.5796132260710514,0.8378249198515774,0.015979389348096125,0.015979389348096125,0.007262771329267492,0.5596628181579637,1.0000000000000002,0.0,0.6153846153846154,1
0.0,0.0032458750338111974,0.5796132260710514,0.8378249198515774,0.015979389348096125,0.015979389348096125,0.007262771329267492,0.5674035686171608,1.0000000000000002,0.0,0.6153846153846154,1
0.0,0.0032458750338111974,0.5796132260710514,0.8378249198515774,0.015979389348096125,0.015979389348096125,0.007262771329267492,0.574685122015219,1.0000000000000002,0.0,0.6153846153846154,1
0.0,0.0032458750338111974,0.5796132260710514,0.8378249198515774,0.015979389348096125,0.015979389348096125,0.007262771329267492,0.5821634741537653,1.0000000000000002,0.0,0.6153846153846154,1
0.0,0.0032458750338111974,0.5796132260710514,0.8378249198515774,0.015979389348096125,0.015979389348096125,0.007262771329267492,0.5896418262923117,1.0000000000000002,0.0,0.6153846153846154,1
0.0,0.0032458750338111974,0.5796132260710514,0.8378249198515774,0.015979389348096125,0.015979389348096125,0.007262771329267492,0.5975793754919968,1.0000000000000002,0.0,0.6153846153846154,1
0.0,0.0032458750338111974,0.5796132260710514,0.8378249198515774,0.015979389348096125,0.015979389348096125,0.007262771329267492,0.6053201259511939,1.0000000000000002,0.0,0.6153846153846154,1
0.0,0.0032458750338111974,0.5796132260710514,0.8378249198515774,0.015979389348096125,0.015979389348096125,0.007262771329267492,0.613454473891367,1.0000000000000002,0.0,0.6153846153846154,1
0.0,0.0032458750338111974,0.8432249042972114,0.5759249793520641,0.015979389348096125,0.015979389348096125,0.6210571184995737,0.006904355812122802,1.0000000000000002,0.0,0.6538461538461539,1
0.0,0.0032458750338111974,0.5796132260710514,0.8378249198515774,0.015979389348096125,0.015979389348096125,0.007262771329267492,0.6285095775387037,1.0000000000000002,0.0,0.6153846153846154,1
0.0,0.0032458750338111974,0.5796132260710514,0.8378249198515774,0.015979389348096125,0.015979389348096125,0.007262771329267492,0.6357255313565993,1.0000000000000002,0.0,0.6153846153846154,1
0.0,0.0032458750338111974,0.5796132260710514,0.8378249198515774,0.015979389348096125,0.015979389348096125,0.007262771329267492,0.6431710837050643,1.0000000000000002,0.0,0.6153846153846154,1
0.0,0.0032458750338111974,0.5796132260710514,0.8378249198515774,0.015979389348096125,0.015979389348096125,0.007262771329267492,0.6511086329047493,1.0000000000000002,0.0,0.6153846153846154,1
0.0,0.0032458750338111974,0.5796132260710514,0.8378249198515774,0.015979389348096125,0.015979389348096125,0.007262771329267492,0.6589149829441091,1.0000000000000002,0.0,0.6153846153846154,1
0.0,0.005409791723018665,0.5796132260710514,0.8378249198515774,0.015979389348096125,0.015979389348096125,0.007262771329267492,0.6666885331933875,1.0000000000000002,0.0,0.6923076923076923,1
0.0,0.0032458750338111974,0.8432249042972114,0.5759249793520641,0.015979389348096125,0.015979389348096125,0.6744048790084596,0.006904355812122802,1.0000000000000002,0.0,0.6153846153846154,1
0.0,0.0032458750338111974,0.5796132260710514,0.8378249198515774,0.015979389348096125,0.015979389348096125,0.007262771329267492,0.6817108370506428,1.0000000000000002,0.0,0.6153846153846154,1
0.0,0.0032458750338111974,0.5796132260710514,0.8378249198515774,0.015979389348096125,0.015979389348096125,0.007262771329267492,0.6893203883495145,1.0000000000000002,0.0,0.6153846153846154,1
0.0,0.0032458750338111974,0.5796132260710514,0.8378249198515774,0.015979389348096125,0.015979389348096125,0.007262771329267492,0.6965035423773287,1.0000000000000002,0.0,0.6153846153846154,1
0.0,0.005409791723018665,0.5796132260710514,0.8378249198515774,0.015979389348096125,0.015979389348096125,0.007262771329267492,0.7042442928365258,1.0000000000000002,0.0,0.6923076923076923,1
0.0,0.0032458750338111974,0.5796132260710514,0.8378249198515774,0.015979389348096125,0.015979389348096125,0.007262771329267492,0.7117554447651534,1.0000000000000002,0.0,0.6153846153846154,1
0.0,0.0032458750338111974,0.5796132260710514,0.8378249198515774,0.015979389348096125,0.015979389348096125,0.007262771329267492,0.7194305956441878,1.0000000000000002,0.0,0.6153846153846154,1
0.0,0.0032458750338111974,0.5796132260710514,0.8378249198515774,0.015979389348096125,0.015979389348096125,0.007262771329267492,0.7275321437942797,1.0000000000000002,0.0,0.6153846153846154,1
0.0,0.0032458750338111974,0.5796132260710514,0.8378249198515774,0.015979389348096125,0.015979389348096125,0.007262771329267492,0.7351416950931513,1.0000000000000002,0.0,0.6153846153846154,1
0.0,0.0032458750338111974,0.5796132260710514,0.8378249198515774,0.015979389348096125,0.015979389348096125,0.007262771329267492,0.7427840461821044,1.0000000000000002,0.0,0.6153846153846154,1
0.0,0.0032458750338111974,0.5796132260710514,0.8378249198515774,0.015979389348096125,0.015979389348096125,0.007262771329267492,0.7508527945421148,1.0000000000000002,0.0,0.6153846153846154,1
0.0,0.0032458750338111974,0.5796132260710514,0.8378249198515774,0.015979389348096125,0.015979389348096125,0.007262771329267492,0.7586591445814747,1.0000000000000002,0.0,0.6153846153846154,1
0.0,0.0032458750338111974,0.5796132260710514,0.8378249198515774,0.015979389348096125,0.015979389348096125,0.007262771329267492,0.7667278929414851,1.0000000000000002,0.0,0.6153846153846154,1
0.0,0.0032458750338111974,0.5796132260710514,0.8378249198515774,0.015979389348096125,0.015979389348096125,0.007262771329267492,0.7744686434006821,1.0000000000000002,0.0,0.6153846153846154,1
0.0,0.0032458750338111974,0.5796132260710514,0.8378249198515774,0.015979389348096125,0.015979389348096125,0.007262771329267492,0.7822749934400419,1.0000000000000002,0.0,0.6153846153846154,1
0.0,0.005409791723018665,0.5796132260710514,0.8378249198515774,0.015979389348096125,0.015979389348096125,0.007262771329267492,0.7897533455785882,1.0000000000000002,0.0,0.6923076923076923,1
0.0,0.0032458750338111974,0.5796132260710514,0.8378249198515774,0.015979389348096125,0.015979389348096125,0.007262771329267492,0.7974940960377853,1.0000000000000002,0.0,0.6153846153846154,1
0.0,0.0032458750338111974,0.5796132260710514,0.8378249198515774,0.015979389348096125,0.015979389348096125,0.007262771329267492,0.8053660456573077,1.0000000000000002,0.0,0.6153846153846154,1
0.0,0.0032458750338111974,0.8432249042972114,0.5759249793520641,0.015979389348096125,0.015979389348096125,0.8134959669486523,0.006904355812122802,1.0000000000000002,0.0,0.6153846153846154,1
0.0,0.0032458750338111974,0.5796132260710514,0.8378249198515774,0.015979389348096125,0.015979389348096125,0.007262771329267492,0.8211427446864339,1.0000000000000002,0.0,0.6153846153846154,1
0.0,0.0032458750338111974,0.5796132260710514,0.8378249198515774,0.015979389348096125,0.015979389348096125,0.007262771329267492,0.8286210968249802,1.0000000000000002,0.0,0.6153846153846154,1
0.0,0.0032458750338111974,0.5796132260710514,0.8378249198515774,0.015979389348096125,0.015979389348096125,0.007262771329267492,0.836525846234584,1.0000000000000002,0.0,0.6153846153846154,1
0.0,0.0032458750338111974,0.5796132260710514,0.8378249198515774,0.015979389348096125,0.015979389348096125,0.007262771329267492,0.8440041983731303,1.0000000000000002,0.0,0.6153846153846154,1
0.0,0.0032458750338111974,0.5796132260710514,0.8378249198515774,0.015979389348096125,0.015979389348096125,0.007262771329267492,0.8519089477827341,1.0000000000000002,0.0,0.6153846153846154,1
0.0,0.0032458750338111974,0.5796132260710514,0.8378249198515774,0.015979389348096125,0.015979389348096125,0.007262771329267492,0.8593872999212804,1.0000000000000002,0.0,0.6153846153846154,1
0.0,0.0032458750338111974,0.5796132260710514,0.8378249198515774,0.015979389348096125,0.015979389348096125,0.007262771329267492,0.86670165310942,1.0000000000000002,0.0,0.6153846153846154,1
0.0,0.0032458750338111974,0.5796132260710514,0.8378249198515774,0.015979389348096125,0.015979389348096125,0.007262771329267492,0.8742784046182104,1.0000000000000002,0.0,0.6153846153846154,1
0.0,0.0032458750338111974,0.5796132260710514,0.8378249198515774,0.015979389348096125,0.015979389348096125,0.007262771329267492,0.8820191550774075,1.0000000000000002,0.0,0.6153846153846154,1
0.0,0.1801460643765215,0.8432249042972114,0.5759249793520641,0.015979389348096125,0.015979389348096125,0.8898616302708374,0.006904355812122802,1.0000000000000002,0.0,0.9230769230769231,1
0.0,0.0032458750338111974,0.5796132260710514,0.8378249198515774,0.015979389348096125,0.015979389348096125,0.007262771329267492,0.8971398583049067,1.0000000000000002,0.0,0.6153846153846154,1
0.0,0.0032458750338111974,0.5796132260710514,0.8378249198515774,0.015979389348096125,0.015979389348096125,0.007262771329267492,0.9046510102335344,1.0000000000000002,0.0,0.6153846153846154,1
0.0,0.0032458750338111974,0.5796132260710514,0.8378249198515774,0.015979389348096125,0.015979389348096125,0.007262771329267492,0.912063762791918,1.0000000000000002,0.0,0.6153846153846154,1
0.0,0.0032458750338111974,0.5796132260710514,0.8378249198515774,0.015979389348096125,0.015979389348096125,0.007262771329267492,0.9195749147205458,1.0000000000000002,0.0,0.6153846153846154,1
0.0,0.005409791723018665,0.5796132260710514,0.8378249198515774,0.015979389348096125,0.015979389348096125,0.007262771329267492,0.9273484649698241,1.0000000000000002,0.0,0.6923076923076923,1
0.0,0.0032458750338111974,0.5796132260710514,0.8378249198515774,0.015979389348096125,0.015979389348096125,0.007262771329267492,0.9348596168984518,1.0000000000000002,0.0,0.6153846153846154,1
0.0,0.0032458750338111974,0.5796132260710514,0.8378249198515774,0.015979389348096125,0.015979389348096125,0.007262771329267492,0.9426659669378115,1.0000000000000002,0.0,0.6153846153846154,1
0.0,0.0032458750338111974,0.5796132260710514,0.8378249198515774,0.015979389348096125,0.015979389348096125,0.007262771329267492,0.950537916557334,1.0000000000000002,0.0,0.6153846153846154,1
0.0,0.0032458750338111974,0.5796132260710514,0.8378249198515774,0.015979389348096125,0.015979389348096125,0.007262771329267492,0.9583114668066124,1.0000000000000002,0.0,0.6153846153846154,1
0.0,0.0032458750338111974,0.5796132260710514,0.8378249198515774,0.015979389348096125,0.015979389348096125,0.007262771329267492,0.9657898189451587,1.0000000000000002,0.0,0.6153846153846154,1
0.0,0.0032458750338111974,0.5796132260710514,0.8378249198515774,0.015979389348096125,0.015979389348096125,0.007262771329267492,0.9737273681448437,1.0000000000000002,0.0,0.6153846153846154,1
0.0,0.005409791723018665,0.5796132260710514,0.8378249198515774,0.015979389348096125,0.015979389348096125,0.007262771329267492,0.9813697192337968,1.0000000000000002,0.0,0.6923076923076923,1
0.0,0.005409791723018665,0.5796132260710514,0.8378249198515774,0.015979389348096125,0.015979389348096125,0.007262771329267492,0.9888152715822618,1.0000000000000002,0.0,0.6923076923076923,1
0.0,0.0032458750338111974,0.5796132260710514,0.8378249198515774,0.015979389348096125,0.015979389348096125,0.007262771329267492,0.9963592233009708,1.0000000000000002,0.0,0.6153846153846154,1
0.0,0.0032458750338111974,0.5796132260710514,0.8378249198515774,0.015979389348096125,0.015979389348096125,0.007262771329267492,0.5408029388611912,1.0000000000000002,0.0,0.6153846153846154,1
0.0,0.0032458750338111974,0.5796132260710514,0.8378249198515774,0.015979389348096125,0.015979389348096125,0.007262771329267492,0.5484124901600629,1.0000000000000002,0.0,0.6153846153846154,1
0.0,0.0032458750338111974,0.5796132260710514,0.8378249198515774,0.015979389348096125,0.015979389348096125,0.007262771329267492,0.5559564418787719,1.0000000000000002,0.0,0.6153846153846154,1
0.0,0.0032458750338111974,0.5796132260710514,0.8378249198515774,0.015979389348096125,0.015979389348096125,0.007262771329267492,0.5638939910784571,1.0000000000000002,0.0,0.6153846153846154,1
0.0,0.0032458750338111974,0.5796132260710514,0.8378249198515774,0.015979389348096125,0.015979389348096125,0.007262771329267492,0.5714379427971661,1.0000000000000002,0.0,0.6153846153846154,1
0.0,0.0032458750338111974,0.5796132260710514,0.8378249198515774,0.015979389348096125,0.015979389348096125,0.007262771329267492,0.5795066911571766,1.0000000000000002,0.0,0.6153846153846154,1
0.0,0.0032458750338111974,0.5796132260710514,0.8378249198515774,0.015979389348096125,0.015979389348096125,0.007262771329267492,0.5869850432957229,1.0000000000000002,0.0,0.6153846153846154,1
0.0,0.0032458750338111974,0.5796132260710514,0.8378249198515774,0.015979389348096125,0.015979389348096125,0.007262771329267492,0.5944633954342692,1.0000000000000002,0.0,0.6153846153846154,1
0.0,0.0032458750338111974,0.5796132260710514,0.8378249198515774,0.015979389348096125,0.015979389348096125,0.007262771329267492,0.6018761479926528,1.0000000000000002,0.0,0.6153846153846154,1
0.0,0.0032458750338111974,0.5796132260710514,0.8378249198515774,0.015979389348096125,0.015979389348096125,0.007262771329267492,0.6096824980320126,1.0000000000000002,0.0,0.6153846153846154,1
0.0,0.0032458750338111974,0.5796132260710514,0.8378249198515774,0.015979389348096125,0.015979389348096125,0.007262771329267492,0.6172592495408029,1.0000000000000002,0.0,0.6153846153846154,1
0.0,0.0032458750338111974,0.5796132260710514,0.8378249198515774,0.015979389348096125,0.015979389348096125,0.007262771329267492,0.6250983993702439,1.0000000000000002,0.0,0.6153846153846154,1
0.0,0.0032458750338111974,0.5796132260710514,0.8378249198515774,0.015979389348096125,0.015979389348096125,0.007262771329267492,0.6323143531881396,1.0000000000000002,0.0,0.6153846153846154,1
0.0,0.0032458750338111974,0.5796132260710514,0.8378249198515774,0.015979389348096125,0.015979389348096125,0.007262771329267492,0.6398583049068485,1.0000000000000002,0.0,0.6153846153846154,1
0.0,0.0032458750338111974,0.5796132260710514,0.8378249198515774,0.015979389348096125,0.015979389348096125,0.007262771329267492,0.6474678562057202,1.0000000000000002,0.0,0.6153846153846154,1
0.0,0.005409791723018665,0.8432249042972114,0.5759249793520641,0.015979389348096125,0.015979389348096125,0.6551249262246704,0.006904355812122802,1.0000000000000002,0.0,0.07692307692307693,1
0.0,0.005409791723018665,0.5796132260710514,0.8378249198515774,0.015979389348096125,0.015979389348096125,0.007262771329267492,0.6628509577538703,1.0000000000000002,0.0,0.6923076923076923,1
0.0,0.0032458750338111974,0.5796132260710514,0.8378249198515774,0.015979389348096125,0.015979389348096125,0.007262771329267492,0.6704277092626606,1.0000000000000002,0.0,0.6153846153846154,1
0.0,0.0032458750338111974,0.5796132260710514,0.8378249198515774,0.015979389348096125,0.015979389348096125,0.007262771329267492,0.6778076620309629,1.0000000000000002,0.0,0.6153846153846154,1
0.0,0.0032458750338111974,0.8432249042972114,0.5759249793520641,0.015979389348096125,0.015979389348096125,0.6853564168142173,0.006904355812122802,1.0000000000000002,0.0,0.6538461538461539,1
0.0,0.0032458750338111974,0.5796132260710514,0.8378249198515774,0.015979389348096125,0.015979389348096125,0.007262771329267492,0.6932563631592757,1.0000000000000002,0.0,0.6153846153846154,1
0.0,0.0032458750338111974,0.5796132260710514,0.8378249198515774,0.015979389348096125,0.015979389348096125,0.007262771329267492,0.700734715297822,1.0000000000000002,0.0,0.6153846153846154,1
0.0,0.0032458750338111974,0.5796132260710514,0.8378249198515774,0.015979389348096125,0.015979389348096125,0.007262771329267492,0.7086066649173445,1.0000000000000002,0.0,0.6153846153846154,1
0.0,0.0032458750338111974,0.5796132260710514,0.8378249198515774,0.015979389348096125,0.015979389348096125,0.007262771329267492,0.7164130149567042,1.0000000000000002,0.0,0.6153846153846154,1
0.0,0.0032458750338111974,0.5796132260710514,0.8378249198515774,0.015979389348096125,0.015979389348096125,0.007262771329267492,0.72412096562582,1.0000000000000002,0.0,0.6153846153846154,1
0.0,0.0032458750338111974,0.5796132260710514,0.8378249198515774,0.015979389348096125,0.015979389348096125,0.007262771329267492,0.7319273156651797,1.0000000000000002,0.0,0.6153846153846154,1
0.0,0.0032458750338111974,0.5796132260710514,0.8378249198515774,0.015979389348096125,0.015979389348096125,0.007262771329267492,0.739602466544214,1.0000000000000002,0.0,0.6153846153846154,1
0.0,0.0032458750338111974,0.5796132260710514,0.8378249198515774,0.015979389348096125,0.015979389348096125,0.007262771329267492,0.7470808186827603,1.0000000000000002,0.0,0.6153846153846154,1
0.0,0.0032458750338111974,0.5796132260710514,0.8378249198515774,0.015979389348096125,0.015979389348096125,0.007262771329267492,0.7547231697717134,1.0000000000000002,0.0,0.6153846153846154,1
0.0,0.0032458750338111974,0.5796132260710514,0.8378249198515774,0.015979389348096125,0.015979389348096125,0.007262771329267492,0.7622015219102597,1.0000000000000002,0.0,0.6153846153846154,1
0.0,0.0032458750338111974,0.5796132260710514,0.8378249198515774,0.015979389348096125,0.015979389348096125,0.007262771329267492,0.7699094725793754,1.0000000000000002,0.0,0.6153846153846154,1
0.0,0.0032458750338111974,0.5796132260710514,0.8378249198515774,0.015979389348096125,0.015979389348096125,0.007262771329267492,0.7776502230385725,1.0000000000000002,0.0,0.6153846153846154,1
0.0,0.005409791723018665,0.5796132260710514,0.8378249198515774,0.015979389348096125,0.015979389348096125,0.007262771329267492,0.7855549724481763,1.0000000000000002,0.0,0.6923076923076923,1
0.0,0.0032458750338111974,0.5796132260710514,0.8378249198515774,0.015979389348096125,0.015979389348096125,0.007262771329267492,0.7931645237470479,1.0000000000000002,0.0,0.6153846153846154,1
0.0,0.0032458750338111974,0.5796132260710514,0.8378249198515774,0.015979389348096125,0.015979389348096125,0.007262771329267492,0.800806874836001,1.0000000000000002,0.0,0.6153846153846154,1
0.0,0.0032458750338111974,0.5796132260710514,0.8378249198515774,0.015979389348096125,0.015979389348096125,0.007262771329267492,0.8087116242456047,1.0000000000000002,0.0,0.6153846153846154,1
0.0,0.0032458750338111974,0.5796132260710514,0.8378249198515774,0.015979389348096125,0.015979389348096125,0.007262771329267492,0.8164851744948831,1.0000000000000002,0.0,0.6153846153846154,1
0.0,0.14714633486610765,0.5796132260710514,0.8378249198515774,0.015979389348096125,0.015979389348096125,0.007262771329267492,0.8239963264235108,1.0000000000000002,0.0,0.9230769230769231,1
0.0,0.0032458750338111974,0.5796132260710514,0.8378249198515774,0.015979389348096125,0.015979389348096125,0.007262771329267492,0.831933875623196,1.0000000000000002,0.0,0.6153846153846154,1
0.0,0.0032458750338111974,0.5796132260710514,0.8378249198515774,0.015979389348096125,0.015979389348096125,0.007262771329267492,0.8401994227236945,1.0000000000000002,0.0,0.6153846153846154,1
0.0,0.0032458750338111974,0.5796132260710514,0.8378249198515774,0.015979389348096125,0.015979389348096125,0.007262771329267492,0.847218577801102,1.0000000000000002,0.0,0.6153846153846154,1
0.0,0.0032458750338111974,0.5796132260710514,0.8378249198515774,0.015979389348096125,0.015979389348096125,0.007262771329267492,0.8550249278404617,1.0000000000000002,0.0,0.6153846153846154,1
0.0,0.0032458750338111974,0.5796132260710514,0.8378249198515774,0.015979389348096125,0.015979389348096125,0.007262771329267492,0.8628312778798215,1.0000000000000002,0.0,0.6153846153846154,1
0.0,0.0032458750338111974,0.5796132260710514,0.8378249198515774,0.015979389348096125,0.015979389348096125,0.007262771329267492,0.8705064287588559,1.0000000000000002,0.0,0.6153846153846154,1
0.0,0.0032458750338111974,0.5796132260710514,0.8378249198515774,0.015979389348096125,0.015979389348096125,0.007262771329267492,0.8779519811073209,1.0000000000000002,0.0,0.6153846153846154,1
0.0,0.0032458750338111974,0.5796132260710514,0.8378249198515774,0.015979389348096125,0.015979389348096125,0.007262771329267492,0.8857255313565993,1.0000000000000002,0.0,0.6153846153846154,1
0.0,0.0032458750338111974,0.5796132260710514,0.8378249198515774,0.015979389348096125,0.015979389348096125,0.007262771329267492,0.8935974809761217,1.0000000000000002,0.0,0.6153846153846154,1
0.0,0.0032458750338111974,0.5796132260710514,0.8378249198515774,0.015979389348096125,0.015979389348096125,0.007262771329267492,0.9011086329047493,1.0000000000000002,0.0,0.6153846153846154,1
0.0,0.0032458750338111974,0.5796132260710514,0.8378249198515774,0.015979389348096125,0.015979389348096125,0.007262771329267492,0.9088165835738651,1.0000000000000002,0.0,0.6153846153846154,1
0.0,0.0032458750338111974,0.5796132260710514,0.8378249198515774,0.015979389348096125,0.015979389348096125,0.007262771329267492,0.9164917344528994,1.0000000000000002,0.0,0.6153846153846154,1
0.0,0.0032458750338111974,0.5796132260710514,0.8378249198515774,0.015979389348096125,0.015979389348096125,0.007262771329267492,0.9243308842823406,1.0000000000000002,0.0,0.6153846153846154,1
0.0,0.0032458750338111974,0.5796132260710514,0.8378249198515774,0.015979389348096125,0.015979389348096125,0.007262771329267492,0.9319404355812122,1.0000000000000002,0.0,0.6153846153846154,1
0.0,0.0032458750338111974,0.5796132260710514,0.8378249198515774,0.015979389348096125,0.015979389348096125,0.007262771329267492,0.9396155864602466,1.0000000000000002,0.0,0.6153846153846154,1
0.0,0.0032458750338111974,0.5796132260710514,0.8378249198515774,0.015979389348096125,0.015979389348096125,0.007262771329267492,0.947487536079769,1.0000000000000002,0.0,0.6153846153846154,1
0.0,0.0032458750338111974,0.5796132260710514,0.8378249198515774,0.015979389348096125,0.015979389348096125,0.007262771329267492,0.95483468905799,1.0000000000000002,0.0,0.6153846153846154,1
0.0,0.15147416824452256,0.5796132260710514,0.8378249198515774,0.015979389348096125,0.015979389348096125,0.007262771329267492,0.9626410390973497,1.0000000000000002,0.0,0.9230769230769231,1
0.0,0.0032458750338111974,0.5796132260710514,0.8378249198515774,0.015979389348096125,0.015979389348096125,0.007262771329267492,0.9704801889267908,1.0000000000000002,0.0,0.6153846153846154,1
0.0,0.0032458750338111974,0.5796132260710514,0.8378249198515774,0.015979389348096125,0.015979389348096125,0.007262771329267492,0.9779913408554184,1.0000000000000002,0.0,0.6153846153846154,1
0.0,0.0032458750338111974,0.5796132260710514,0.8378249198515774,0.015979389348096125,0.015979389348096125,0.007262771329267492,0.9860928890055103,1.0000000000000002,0.0,0.6153846153846154,1
0.0,0.0032458750338111974,0.5796132260710514,0.8378249198515774,0.015979389348096125,0.015979389348096125,0.007262771329267492,0.9936040409341379,1.0000000000000002,0.0,0.6153846153846154,1
0.0,0.0032458750338111974,0.5796132260710514,0.8378249198515774,0.015979389348096125,0.015979389348096125,0.007262771329267492,0.5382445552348465,1.0000000000000002,0.0,0.6153846153846154,1
0.0,0.0032458750338111974,0.5796132260710514,0.8378249198515774,0.015979389348096125,0.015979389348096125,0.007262771329267492,0.5456901075833114,1.0000000000000002,0.0,0.6153846153846154,1
0.0,0.0032458750338111974,0.5796132260710514,0.8378249198515774,0.015979389348096125,0.015979389348096125,0.007262771329267492,0.5534964576226712,1.0000000000000002,0.0,0.6153846153846154,1
0.0,0.0032458750338111974,0.5796132260710514,0.8378249198515774,0.015979389348096125,0.015979389348096125,0.007262771329267492,0.5611716085017056,1.0000000000000002,0.0,0.6153846153846154,1
0.0,0.0032458750338111974,0.5796132260710514,0.8378249198515774,0.015979389348096125,0.015979389348096125,0.007262771329267492,0.5689123589609025,1.0000000000000002,0.0,0.6153846153846154,1
0.0,0.0032458750338111974,0.5796132260710514,0.8378249198515774,0.015979389348096125,0.015979389348096125,0.007262771329267492,0.576390711099449,1.0000000000000002,0.0,0.6153846153846154,1
0.0,0.0032458750338111974,0.5796132260710514,0.8378249198515774,0.015979389348096125,0.015979389348096125,0.007262771329267492,0.5840658619784833,1.0000000000000002,0.0,0.6153846153846154,1
0.0,0.0032458750338111974,0.5796132260710514,0.8378249198515774,0.015979389348096125,0.015979389348096125,0.007262771329267492,0.5916098136971922,1.0000000000000002,0.0,0.6153846153846154,1
0.0,0.0032458750338111974,0.5796132260710514,0.8378249198515774,0.015979389348096125,0.015979389348096125,0.007262771329267492,0.5995145631067961,1.0000000000000002,0.0,0.6153846153846154,1
0.0,0.0032458750338111974,0.5796132260710514,0.8378249198515774,0.015979389348096125,0.015979389348096125,0.007262771329267492,0.6073537129362372,1.0000000000000002,0.0,0.6153846153846154,1
0.0,0.0032458750338111974,0.5796132260710514,0.8378249198515774,0.015979389348096125,0.015979389348096125,0.007262771329267492,0.6150288638152716,1.0000000000000002,0.0,0.6153846153846154,1
0.0,0.0032458750338111974,0.5796132260710514,0.8378249198515774,0.015979389348096125,0.015979389348096125,0.007262771329267492,0.6224744161637364,1.0000000000000002,0.0,0.6153846153846154,1
0.0,0.0032458750338111974,0.5796132260710514,0.8378249198515774,0.015979389348096125,0.015979389348096125,0.007262771329267492,0.6297231697717134,1.0000000000000002,0.0,0.6153846153846154,1
0.0,0.0032458750338111974,0.5796132260710514,0.8378249198515774,0.015979389348096125,0.015979389348096125,0.007262771329267492,0.637135922330097,1.0000000000000002,0.0,0.6153846153846154,1
0.0,0.0032458750338111974,0.5796132260710514,0.8378249198515774,0.015979389348096125,0.015979389348096125,0.007262771329267492,0.6447454736289687,1.0000000000000002,0.0,0.6153846153846154,1
0.0,0.0032458750338111974,0.5796132260710514,0.8378249198515774,0.015979389348096125,0.015979389348096125,0.007262771329267492,0.6523878247179218,1.0000000000000002,0.0,0.6153846153846154,1
0.0,0.0032458750338111974,0.5796132260710514,0.8378249198515774,0.015979389348096125,0.015979389348096125,0.007262771329267492,0.6600301758068747,1.0000000000000002,0.0,0.6153846153846154,1
0.0,0.0032458750338111974,0.5796132260710514,0.8378249198515774,0.015979389348096125,0.015979389348096125,0.007262771329267492,0.6676069273156651,1.0000000000000002,0.0,0.6153846153846154,1
0.0,0.0032458750338111974,0.5796132260710514,0.8378249198515774,0.015979389348096125,0.015979389348096125,0.007262771329267492,0.6751180792442928,1.0000000000000002,0.0,0.6153846153846154,1
0.0,0.0032458750338111974,0.5796132260710514,0.8378249198515774,0.015979389348096125,0.015979389348096125,0.007262771329267492,0.6827932301233272,1.0000000000000002,0.0,0.6153846153846154,1
0.0,0.0032458750338111974,0.5796132260710514,0.8378249198515774,0.015979389348096125,0.015979389348096125,0.007262771329267492,0.6904683810023615,1.0000000000000002,0.0,0.6153846153846154,1
0.0,0.0032458750338111974,0.5796132260710514,0.8378249198515774,0.015979389348096125,0.015979389348096125,0.007262771329267492,0.6981107320913146,1.0000000000000002,0.0,0.6153846153846154,1
0.0,0.0032458750338111974,0.5796132260710514,0.8378249198515774,0.015979389348096125,0.015979389348096125,0.007262771329267492,0.7055234846496982,1.0000000000000002,0.0,0.6153846153846154,1
0.0,0.0032458750338111974,0.5796132260710514,0.8378249198515774,0.015979389348096125,0.015979389348096125,0.007262771329267492,0.7131330359485698,1.0000000000000002,0.0,0.6153846153846154,1
0.0,0.0032458750338111974,0.5796132260710514,0.8378249198515774,0.015979389348096125,0.015979389348096125,0.007262771329267492,0.7207097874573603,1.0000000000000002,0.0,0.6153846153846154,1
0.0,0.0032458750338111974,0.5796132260710514,0.8378249198515774,0.015979389348096125,0.015979389348096125,0.007262771329267492,0.7285489372868013,1.0000000000000002,0.0,0.6153846153846154,1
0.0,0.005409791723018665,0.5796132260710514,0.8378249198515774,0.015979389348096125,0.015979389348096125,0.007262771329267492,0.7366504854368932,1.0000000000000002,0.0,0.6923076923076923,1
0.0,0.0032458750338111974,0.5796132260710514,0.8378249198515774,0.015979389348096125,0.015979389348096125,0.007262771329267492,0.7443584361060088,1.0000000000000002,0.0,0.6153846153846154,1
0.0,0.0032458750338111974,0.5796132260710514,0.8378249198515774,0.015979389348096125,0.015979389348096125,0.007262771329267492,0.7523287850957753,1.0000000000000002,0.0,0.6153846153846154,1
0.0,0.0032458750338111974,0.5796132260710514,0.8378249198515774,0.015979389348096125,0.015979389348096125,0.007262771329267492,0.7602335345053791,1.0000000000000002,0.0,0.6153846153846154,1
0.0,0.0032458750338111974,0.5796132260710514,0.8378249198515774,0.015979389348096125,0.015979389348096125,0.007262771329267492,0.7682366832852269,1.0000000000000002,0.0,0.6153846153846154,1
0.0,0.0032458750338111974,0.5796132260710514,0.8378249198515774,0.015979389348096125,0.015979389348096125,0.007262771329267492,0.7759118341642612,1.0000000000000002,0.0,0.6153846153846154,1
0.0,0.0032458750338111974,0.5796132260710514,0.8378249198515774,0.015979389348096125,0.015979389348096125,0.007262771329267492,0.7835541852532143,1.0000000000000002,0.0,0.6153846153846154,1
0.0,0.0032458750338111974,0.5796132260710514,0.8378249198515774,0.015979389348096125,0.015979389348096125,0.007262771329267492,0.7912949357124114,1.0000000000000002,0.0,0.6153846153846154,1
0.0,0.0032458750338111974,0.5796132260710514,0.8378249198515774,0.015979389348096125,0.015979389348096125,0.007262771329267492,0.7987732878509577,1.0000000000000002,0.0,0.6153846153846154,1
0.0,0.0032458750338111974,0.5796132260710514,0.8378249198515774,0.015979389348096125,0.015979389348096125,0.007262771329267492,0.8067764366308054,1.0000000000000002,0.0,0.6153846153846154,1
0.0,0.0032458750338111974,0.5796132260710514,0.8378249198515774,0.015979389348096125,0.015979389348096125,0.007262771329267492,0.8148451849908159,1.0000000000000002,0.0,0.6153846153846154,1
0.0,0.0032458750338111974,0.5796132260710514,0.8378249198515774,0.015979389348096125,0.015979389348096125,0.007262771329267492,0.8227827341905011,1.0000000000000002,0.0,0.6153846153846154,1
0.0,0.0032458750338111974,0.5796132260710514,0.8378249198515774,0.015979389348096125,0.015979389348096125,0.007262771329267492,0.8304906848596169,1.0000000000000002,0.0,0.6153846153846154,1
0.0,0.0032458750338111974,0.5796132260710514,0.8378249198515774,0.015979389348096125,0.015979389348096125,0.007262771329267492,0.8381330359485698,1.0000000000000002,0.0,0.6153846153846154,1
0.0,0.0032458750338111974,0.5796132260710514,0.8378249198515774,0.015979389348096125,0.015979389348096125,0.007262771329267492,0.8456113880871161,1.0000000000000002,0.0,0.6153846153846154,1
0.0,0.0032458750338111974,0.5796132260710514,0.8378249198515774,0.015979389348096125,0.015979389348096125,0.007262771329267492,0.8534177381264759,1.0000000000000002,0.0,0.6153846153846154,1
0.0,0.0032458750338111974,0.5796132260710514,0.8378249198515774,0.015979389348096125,0.015979389348096125,0.007262771329267492,0.8606992915245342,1.0000000000000002,0.0,0.6153846153846154,1
0.0,0.0032458750338111974,0.5796132260710514,0.8378249198515774,0.015979389348096125,0.015979389348096125,0.007262771329267492,0.8679808449225924,1.0000000000000002,0.0,0.6153846153846154,1
0.0,0.0032458750338111974,0.5796132260710514,0.8378249198515774,0.015979389348096125,0.015979389348096125,0.007262771329267492,0.8755903962214641,1.0000000000000002,0.0,0.6153846153846154,1
0.0,0.0032458750338111974,0.5796132260710514,0.8378249198515774,0.015979389348096125,0.015979389348096125,0.007262771329267492,0.8834623458409865,1.0000000000000002,0.0,0.6153846153846154,1
0.0,0.0032458750338111974,0.8432249042972114,0.5759249793520641,0.015979389348096125,0.015979389348096125,0.8909436684372745,0.006904355812122802,1.0000000000000002,0.0,0.6538461538461539,1
0.0,0.0032458750338111974,0.5796132260710514,0.8378249198515774,0.015979389348096125,0.015979389348096125,0.007262771329267492,0.8985502492784045,1.0000000000000002,0.0,0.6153846153846154,1
0.0,0.0032458750338111974,0.5796132260710514,0.8378249198515774,0.015979389348096125,0.015979389348096125,0.007262771329267492,0.9061598005772762,1.0000000000000002,0.0,0.6153846153846154,1
0.0,0.0032458750338111974,0.5796132260710514,0.8378249198515774,0.015979389348096125,0.015979389348096125,0.007262771329267492,0.9138349514563106,1.0000000000000002,0.0,0.6153846153846154,1
0.0,0.0032458750338111974,0.5796132260710514,0.8378249198515774,0.015979389348096125,0.015979389348096125,0.007262771329267492,0.9211493046444502,1.0000000000000002,0.0,0.6153846153846154,1
0.0,0.0032458750338111974,0.5796132260710514,0.8378249198515774,0.015979389348096125,0.015979389348096125,0.007262771329267492,0.9286932563631591,1.0000000000000002,0.0,0.6153846153846154,1
0.0,0.0032458750338111974,0.5796132260710514,0.8378249198515774,0.015979389348096125,0.015979389348096125,0.007262771329267492,0.9364668066124376,1.0000000000000002,0.0,0.6153846153846154,1
0.0,0.0032458750338111974,0.5796132260710514,0.8378249198515774,0.015979389348096125,0.015979389348096125,0.007262771329267492,0.9443059564418786,1.0000000000000002,0.0,0.6153846153846154,1
0.0,0.0032458750338111974,0.5796132260710514,0.8378249198515774,0.015979389348096125,0.015979389348096125,0.007262771329267492,0.952079506691157,1.0000000000000002,0.0,0.6153846153846154,1
0.0,0.0032458750338111974,0.5796132260710514,0.8378249198515774,0.015979389348096125,0.015979389348096125,0.007262771329267492,0.9598858567305169,1.0000000000000002,0.0,0.6153846153846154,1
0.0,0.18041655396267242,0.8432249042972114,0.5759249793520641,0.015979389348096125,0.015979389348096125,0.9676044330775788,0.006904355812122802,1.0000000000000002,0.0,0.9230769230769231,1
0.0,0.0032458750338111974,0.5796132260710514,0.8378249198515774,0.015979389348096125,0.015979389348096125,0.007262771329267492,0.9751049593282602,1.0000000000000002,0.0,0.6153846153846154,1
0.0,0.0032458750338111974,0.5796132260710514,0.8378249198515774,0.015979389348096125,0.015979389348096125,0.007262771329267492,0.9828785095775386,1.0000000000000002,0.0,0.6153846153846154,1
0.0,0.0032458750338111974,0.5796132260710514,0.8378249198515774,0.015979389348096125,0.015979389348096125,0.007262771329267492,0.990455261086329,1.0000000000000002,0.0,0.6153846153846154,1
0.0,0.17879361644576683,0.8432249042972114,0.5759249793520641,0.015979389348096125,0.015979389348096125,0.9982949701619778,0.006904355812122802,1.0000000000000002,0.0,0.9230769230769231,1
0.0,0.0032458750338111974,0.5796132260710514,0.8378249198515774,0.015979389348096125,0.015979389348096125,0.007262771329267492,0.5430989241668853,1.0000000000000002,0.0,0.6153846153846154,1
0.0,0.0032458750338111974,0.5796132260710514,0.8378249198515774,0.015979389348096125,0.015979389348096125,0.007262771329267492,0.550708475465757,1.0000000000000002,0.0,0.6153846153846154,1
0.0,0.005409791723018665,0.5796132260710514,0.8378249198515774,0.015979389348096125,0.015979389348096125,0.007262771329267492,0.5582852269745473,1.0000000000000002,0.0,0.6923076923076923,1
0.0,0.0032458750338111974,0.5796132260710514,0.8378249198515774,0.015979389348096125,0.015979389348096125,0.007262771329267492,0.5659275780635004,1.0000000000000002,0.0,0.6153846153846154,1
0.0,0.1793345956180687,0.8432249042972114,0.5759249793520641,0.015979389348096125,0.015979389348096125,0.5736441733884189,0.006904355812122802,1.0000000000000002,0.0,0.9230769230769231,1
0.0,0.0032458750338111974,0.8432249042972114,0.5759249793520641,0.015979389348096125,0.015979389348096125,0.5813168076595187,0.006904355812122802,1.0000000000000002,0.0,0.6538461538461539,1
0.0,0.0032458750338111974,0.5796132260710514,0.8378249198515774,0.015979389348096125,0.015979389348096125,0.007262771329267492,0.5889202309105221,1.0000000000000002,0.0,0.6153846153846154,1
0.0,0.0032458750338111974,0.5796132260710514,0.8378249198515774,0.015979389348096125,0.015979389348096125,0.007262771329267492,0.596168984518499,1.0000000000000002,0.0,0.6153846153846154,1
0.0,0.0032458750338111974,0.5796132260710514,0.8378249198515774,0.015979389348096125,0.015979389348096125,0.007262771329267492,0.6038441353975333,1.0000000000000002,0.0,0.6153846153846154,1
0.0,0.0032458750338111974,0.5796132260710514,0.8378249198515774,0.015979389348096125,0.015979389348096125,0.007262771329267492,0.6113224875360797,1.0000000000000002,0.0,0.6153846153846154,1
0.0,0.005409791723018665,0.8432249042972114,0.5759249793520641,0.015979389348096125,0.015979389348096125,0.6193848776968981,0.006904355812122802,1.0000000000000002,0.0,0.07692307692307693,1
0.0,0.0032458750338111974,0.5796132260710514,0.8378249198515774,0.015979389348096125,0.015979389348096125,0.007262771329267492,0.6271975859354499,1.0000000000000002,0.0,0.6153846153846154,1
0.0,0.0032458750338111974,0.5796132260710514,0.8378249198515774,0.015979389348096125,0.015979389348096125,0.007262771329267492,0.6348727368144843,1.0000000000000002,0.0,0.6153846153846154,1
0.0,0.0032458750338111974,0.5796132260710514,0.8378249198515774,0.015979389348096125,0.015979389348096125,0.007262771329267492,0.6422198897927053,1.0000000000000002,0.0,0.6153846153846154,1
0.0,0.0032458750338111974,0.5796132260710514,0.8378249198515774,0.015979389348096125,0.015979389348096125,0.007262771329267492,0.6500918394122277,1.0000000000000002,0.0,0.6153846153846154,1
0.0,0.0032458750338111974,0.5796132260710514,0.8378249198515774,0.015979389348096125,0.015979389348096125,0.007262771329267492,0.6576357911309367,1.0000000000000002,0.0,0.6153846153846154,1
0.0,0.0032458750338111974,0.5796132260710514,0.8378249198515774,0.015979389348096125,0.015979389348096125,0.007262771329267492,0.6651797428496456,1.0000000000000002,0.0,0.6153846153846154,1
0.0,0.0032458750338111974,0.5796132260710514,0.8378249198515774,0.015979389348096125,0.015979389348096125,0.007262771329267492,0.6724940960377853,1.0000000000000002,0.0,0.6153846153846154,1
0.0,0.0032458750338111974,0.5796132260710514,0.8378249198515774,0.015979389348096125,0.015979389348096125,0.007262771329267492,0.6801364471267383,1.0000000000000002,0.0,0.6153846153846154,1
0.0,0.17879361644576683,0.8432249042972114,0.5759249793520641,0.015979389348096125,0.015979389348096125,0.6883074299954095,0.006904355812122802,1.0000000000000002,0.0,0.9230769230769231,1
0.0,0.0032458750338111974,0.5796132260710514,0.8378249198515774,0.015979389348096125,0.015979389348096125,0.007262771329267492,0.6959787457360272,1.0000000000000002,0.0,0.6153846153846154,1
0.0,0.1476873140384095,0.5796132260710514,0.8378249198515774,0.015979389348096125,0.015979389348096125,0.007262771329267492,0.7034898976646549,1.0000000000000002,0.0,0.9230769230769231,1
0.0,0.0032458750338111974,0.5796132260710514,0.8378249198515774,0.015979389348096125,0.015979389348096125,0.007262771329267492,0.711230648123852,1.0000000000000002,0.0,0.6153846153846154,1
0.0,0.0032458750338111974,0.5796132260710514,0.8378249198515774,0.015979389348096125,0.015979389348096125,0.007262771329267492,0.7192993964838624,1.0000000000000002,0.0,0.6153846153846154,1
0.0,0.0032458750338111974,0.5796132260710514,0.8378249198515774,0.015979389348096125,0.015979389348096125,0.007262771329267492,0.7269745473628968,1.0000000000000002,0.0,0.6153846153846154,1
0.0,0.0032458750338111974,0.5796132260710514,0.8378249198515774,0.015979389348096125,0.015979389348096125,0.007262771329267492,0.7349120965625819,1.0000000000000002,0.0,0.6153846153846154,1
0.0,0.0032458750338111974,0.5796132260710514,0.8378249198515774,0.015979389348096125,0.015979389348096125,0.007262771329267492,0.742652847021779,1.0000000000000002,0.0,0.6153846153846154,1
0.0,0.0032458750338111974,0.5796132260710514,0.8378249198515774,0.015979389348096125,0.015979389348096125,0.007262771329267492,0.7505575964313828,1.0000000000000002,0.0,0.6153846153846154,1
0.0,0.0032458750338111974,0.5796132260710514,0.8378249198515774,0.015979389348096125,0.015979389348096125,0.007262771329267492,0.7581343479401731,1.0000000000000002,0.0,0.6153846153846154,1
0.0,0.0032458750338111974,0.5796132260710514,0.8378249198515774,0.015979389348096125,0.015979389348096125,0.007262771329267492,0.7658094988192075,1.0000000000000002,0.0,0.6153846153846154,1
0.0,0.0032458750338111974,0.5796132260710514,0.8378249198515774,0.015979389348096125,0.015979389348096125,0.007262771329267492,0.7734846496982418,1.0000000000000002,0.0,0.6153846153846154,1
0.0,0.0032458750338111974,0.5796132260710514,0.8378249198515774,0.015979389348096125,0.015979389348096125,0.007262771329267492,0.7811598005772762,1.0000000000000002,0.0,0.6153846153846154,1
0.0,0.0032458750338111974,0.5796132260710514,0.8378249198515774,0.015979389348096125,0.015979389348096125,0.007262771329267492,0.788867751246392,1.0000000000000002,0.0,0.6153846153846154,1
0.0,0.0032458750338111974,0.5796132260710514,0.8378249198515774,0.015979389348096125,0.015979389348096125,0.007262771329267492,0.7968053004460771,1.0000000000000002,0.0,0.6153846153846154,1
0.0,0.0032458750338111974,0.5796132260710514,0.8378249198515774,0.015979389348096125,0.015979389348096125,0.007262771329267492,0.8045788506953555,1.0000000000000002,0.0,0.6153846153846154,1
0.0,0.005409791723018665,0.5796132260710514,0.8378249198515774,0.015979389348096125,0.015979389348096125,0.007262771329267492,0.812647599055366,1.0000000000000002,0.0,0.6923076923076923,1
0.0,0.005409791723018665,0.8432249042972114,0.5759249793520641,0.015979389348096125,0.015979389348096125,0.8204144534067808,0.006904355812122802,1.0000000000000002,0.0,0.07692307692307693,1
0.0,0.0032458750338111974,0.5796132260710514,0.8378249198515774,0.015979389348096125,0.015979389348096125,0.007262771329267492,0.8277355024927839,1.0000000000000002,0.0,0.6153846153846154,1
0.0,0.005409791723018665,0.8432249042972114,0.5759249793520641,0.015979389348096125,0.015979389348096125,0.835694143878287,0.006904355812122802,1.0000000000000002,0.0,0.07692307692307693,1
0.0,0.1517446578306735,0.5796132260710514,0.8378249198515774,0.015979389348096125,0.015979389348096125,0.007262771329267492,0.8431514038310154,1.0000000000000002,0.0,0.9230769230769231,1
0.0,0.005409791723018665,0.8432249042972114,0.5759249793520641,0.015979389348096125,0.015979389348096125,0.8509082562791002,0.006904355812122802,1.0000000000000002,0.0,0.07692307692307693,1
0.0,0.0032458750338111974,0.8432249042972114,0.5759249793520641,0.015979389348096125,0.015979389348096125,0.8581218440553479,0.006904355812122802,1.0000000000000002,0.0,0.6153846153846154,1
0.0,0.15228563700297537,0.5796132260710514,0.8378249198515774,0.015979389348096125,0.015979389348096125,0.007262771329267492,0.8657832589871424,1.0000000000000002,0.0,0.9230769230769231,1
0.0,0.005409791723018665,0.8432249042972114,0.5759249793520641,0.015979389348096125,0.015979389348096125,0.8736310577742802,0.006904355812122802,1.0000000000000002,0.0,0.07692307692307693,1
0.0,0.0032458750338111974,0.5796132260710514,0.8378249198515774,0.015979389348096125,0.015979389348096125,0.007262771329267492,0.880739963264235,1.0000000000000002,0.0,0.6153846153846154,1
0.0,0.1476873140384095,0.5796132260710514,0.8378249198515774,0.015979389348096125,0.015979389348096125,0.007262771329267492,0.8886119128837575,1.0000000000000002,0.0,0.9230769230769231,1
0.0,0.005409791723018665,0.8432249042972114,0.5759249793520641,0.015979389348096125,0.015979389348096125,0.896222703128074,0.006904355812122802,1.0000000000000002,0.0,0.07692307692307693,1
0.0,0.005409791723018665,0.8432249042972114,0.5759249793520641,0.015979389348096125,0.015979389348096125,0.9038297593284805,0.006904355812122802,1.0000000000000002,0.0,0.07692307692307693,1
0.0,0.005409791723018665,0.8432249042972114,0.5759249793520641,0.015979389348096125,0.015979389348096125,0.9115679716702734,0.006904355812122802,1.0000000000000002,0.0,0.07692307692307693,1
0.0,0.0032458750338111974,0.5796132260710514,0.8378249198515774,0.015979389348096125,0.015979389348096125,0.007262771329267492,0.9191485174494882,1.0000000000000002,0.0,0.6153846153846154,1
0.0,0.005409791723018665,0.8432249042972114,0.5759249793520641,0.015979389348096125,0.015979389348096125,0.9272083415305921,0.006904355812122802,1.0000000000000002,0.0,0.07692307692307693,1
0.0,0.14660535569380578,0.5796132260710514,0.8378249198515774,0.015979389348096125,0.015979389348096125,0.007262771329267492,0.9348596168984518,1.0000000000000002,0.0,0.9230769230769231,1
0.0,0.005409791723018665,0.5796132260710514,0.8378249198515774,0.015979389348096125,0.015979389348096125,0.007262771329267492,0.9426987667278929,1.0000000000000002,0.0,0.6923076923076923,1
0.0,0.0032458750338111974,0.5796132260710514,0.8378249198515774,0.015979389348096125,0.015979389348096125,0.007262771329267492,0.9503083180267645,1.0000000000000002,0.0,0.6153846153846154,1
0.0,0.14741682445225857,0.5796132260710514,0.8378249198515774,0.015979389348096125,0.015979389348096125,0.007262771329267492,0.9578850695355549,1.0000000000000002,0.0,0.9230769230769231,1
0.0,0.005409791723018665,0.8432249042972114,0.5759249793520641,0.015979389348096125,0.015979389348096125,0.9654075677093579,0.006904355812122802,1.0000000000000002,0.0,0.07692307692307693,1
0.0,0.0032458750338111974,0.8432249042972114,0.5759249793520641,0.015979389348096125,0.015979389348096125,0.9729162568037247,0.006904355812122802,1.0000000000000002,0.0,0.6153846153846154,1
0.0,0.005409791723018665,0.8432249042972114,0.5759249793520641,0.015979389348096125,0.015979389348096125,0.9808184143222506,0.006904355812122802,1.0000000000000002,0.0,0.07692307692307693,1
0.0,0.1476873140384095,0.5796132260710514,0.8378249198515774,0.015979389348096125,0.015979389348096125,0.007262771329267492,0.9882576751508789,1.0000000000000002,0.0,0.9230769230769231,1
0.0,0.15201514741682445,0.5796132260710514,0.8378249198515774,0.015979389348096125,0.015979389348096125,0.007262771329267492,0.9959328260299133,1.0000000000000002,0.0,0.9230769230769231,1
0.0,0.0032458750338111974,0.5796132260710514,0.8378249198515774,0.015979389348096125,0.015979389348096125,0.007262771329267492,0.5404421411702964,1.0000000000000002,0.0,0.6153846153846154,1
0.0,0.1468758452799567,0.5796132260710514,0.8378249198515774,0.015979389348096125,0.015979389348096125,0.007262771329267492,0.5482484912096562,1.0000000000000002,0.0,0.9230769230769231,1
0.0,0.005409791723018665,0.8432249042972114,0.5759249793520641,0.015979389348096125,0.015979389348096125,0.556298773690078,0.006904355812122802,1.0000000000000002,0.0,0.07692307692307693,1
0.0,0.15039220989991883,0.5796132260710514,0.8378249198515774,0.015979389348096125,0.015979389348096125,0.007262771329267492,0.563598792967725,1.0000000000000002,0.0,0.9230769230769231,1
0.0,0.005409791723018665,0.8432249042972114,0.5759249793520641,0.015979389348096125,0.015979389348096125,0.5715784641615843,0.006904355812122802,1.0000000000000002,0.0,0.07692307692307693,1
0.0,0.0032458750338111974,0.5796132260710514,0.8378249198515774,0.015979389348096125,0.015979389348096125,0.007262771329267492,0.5789490947257937,1.0000000000000002,0.0,0.6153846153846154,1
0.0,0.005409791723018665,0.8432249042972114,0.5759249793520641,0.015979389348096125,0.015979389348096125,0.586989310774477,0.006904355812122802,1.0000000000000002,0.0,0.07692307692307693,1
0.0,0.0032458750338111974,0.5796132260710514,0.8378249198515774,0.015979389348096125,0.015979389348096125,0.007262771329267492,0.5944305956441878,1.0000000000000002,0.0,0.6153846153846154,1
0.0,0.14985123072761697,0.5796132260710514,0.8378249198515774,0.015979389348096125,0.015979389348096125,0.007262771329267492,0.6023025452637103,1.0000000000000002,0.0,0.9230769230769231,1
0.0,0.14633486610765484,0.5796132260710514,0.8378249198515774,0.015979389348096125,0.015979389348096125,0.007262771329267492,0.6101744948832327,1.0000000000000002,0.0,0.9230769230769231,1
0.0,0.005409791723018665,0.8432249042972114,0.5759249793520641,0.015979389348096125,0.015979389348096125,0.6184012066365007,0.006904355812122802,1.0000000000000002,0.0,0.07692307692307693,1
0.0,0.0032458750338111974,0.8432249042972114,0.5759249793520641,0.015979389348096125,0.015979389348096125,0.6255492163420552,0.006904355812122802,1.0000000000000002,0.0,0.6153846153846154,1
0.0,0.14633486610765484,0.5796132260710514,0.8378249198515774,0.015979389348096125,0.015979389348096125,0.007262771329267492,0.6331015481500918,1.0000000000000002,0.0,0.9230769230769231,1
0.0,0.005409791723018665,0.8432249042972114,0.5759249793520641,0.015979389348096125,0.015979389348096125,0.641025641025641,0.006904355812122802,1.0000000000000002,0.0,0.07692307692307693,1
0.0,0.14795780362456043,0.5796132260710514,0.8378249198515774,0.015979389348096125,0.015979389348096125,0.007262771329267492,0.6490094463395434,1.0000000000000002,0.0,0.9230769230769231,1
0.0,0.005409791723018665,0.8432249042972114,0.5759249793520641,0.015979389348096125,0.015979389348096125,0.6568627450980392,0.006904355812122802,1.0000000000000002,0.0,0.07692307692307693,1
0.0,0.14714633486610765,0.5796132260710514,0.8378249198515774,0.015979389348096125,0.015979389348096125,0.007262771329267492,0.6644253476777748,1.0000000000000002,0.0,0.9230769230769231,1
0.0,0.1476873140384095,0.5796132260710514,0.8378249198515774,0.015979389348096125,0.015979389348096125,0.007262771329267492,0.6723628968774599,1.0000000000000002,0.0,0.9230769230769231,1
0.0,0.005409791723018665,0.8432249042972114,0.5759249793520641,0.015979389348096125,0.015979389348096125,0.6800773821234178,0.006904355812122802,1.0000000000000002,0.0,0.07692307692307693,1
0.0,0.005409791723018665,0.8432249042972114,0.5759249793520641,0.015979389348096125,0.015979389348096125,0.6877500163945176,0.006904355812122802,1.0000000000000002,0.0,0.07692307692307693,1
0.0,0.0032458750338111974,0.5796132260710514,0.8378249198515774,0.015979389348096125,0.015979389348096125,0.007262771329267492,0.6954867488848071,1.0000000000000002,0.0,0.6153846153846154,1
0.0,0.0032458750338111974,0.8432249042972114,0.5759249793520641,0.015979389348096125,0.015979389348096125,0.7033248081841432,0.006904355812122802,1.0000000000000002,0.0,0.6153846153846154,1
0.0,0.005409791723018665,0.8432249042972114,0.5759249793520641,0.015979389348096125,0.015979389348096125,0.7109318643845498,0.006904355812122802,1.0000000000000002,0.0,0.07692307692307693,1
0.0,0.14741682445225857,0.5796132260710514,0.8378249198515774,0.015979389348096125,0.015979389348096125,0.007262771329267492,0.7186434006822355,1.0000000000000002,0.0,0.9230769230769231,1
0.0,0.1476873140384095,0.5796132260710514,0.8378249198515774,0.015979389348096125,0.015979389348096125,0.007262771329267492,0.726515350301758,1.0000000000000002,0.0,0.9230769230769231,1
0.0,0.14714633486610765,0.5796132260710514,0.8378249198515774,0.015979389348096125,0.015979389348096125,0.007262771329267492,0.7340265022303857,1.0000000000000002,0.0,0.9230769230769231,1
0.0,0.14741682445225857,0.5796132260710514,0.8378249198515774,0.015979389348096125,0.015979389348096125,0.007262771329267492,0.7419640514300708,1.0000000000000002,0.0,0.9230769230769231,1
0.0,0.14660535569380578,0.5796132260710514,0.8378249198515774,0.015979389348096125,0.015979389348096125,0.007262771329267492,0.7492784046182104,1.0000000000000002,0.0,0.9230769230769231,1
0.0,0.0032458750338111974,0.5796132260710514,0.8378249198515774,0.015979389348096125,0.015979389348096125,0.007262771329267492,0.7569535554972447,1.0000000000000002,0.0,0.6153846153846154,1
0.0,0.14849878279686232,0.5796132260710514,0.8378249198515774,0.015979389348096125,0.015979389348096125,0.007262771329267492,0.7648583049068485,1.0000000000000002,0.0,0.9230769230769231,1
0.0,0.14660535569380578,0.5796132260710514,0.8378249198515774,0.015979389348096125,0.015979389348096125,0.007262771329267492,0.772631855156127,1.0000000000000002,0.0,0.9230769230769231,1
0.0,0.14579388693535297,0.5796132260710514,0.8378249198515774,0.015979389348096125,0.015979389348096125,0.007262771329267492,0.7804382051954867,1.0000000000000002,0.0,0.9230769230769231,1
0.0,0.0032458750338111974,0.5796132260710514,0.8378249198515774,0.015979389348096125,0.015979389348096125,0.007262771329267492,0.7878837575439517,1.0000000000000002,0.0,0.6153846153846154,1
0.0,0.005409791723018665,0.8432249042972114,0.5759249793520641,0.015979389348096125,0.015979389348096125,0.7958226768968456,0.006904355812122802,1.0000000000000002,0.0,0.07692307692307693,1
0.0,0.005409791723018665,0.8432249042972114,0.5759249793520641,0.015979389348096125,0.015979389348096125,0.8036592563446783,0.006904355812122802,1.0000000000000002,0.0,0.07692307692307693,1
0.0,0.1476873140384095,0.5796132260710514,0.8378249198515774,0.015979389348096125,0.015979389348096125,0.007262771329267492,0.8112044082917869,1.0000000000000002,0.0,0.9230769230769231,1
0.0,0.14741682445225857,0.5796132260710514,0.8378249198515774,0.015979389348096125,0.015979389348096125,0.007262771329267492,0.8192075570716346,1.0000000000000002,0.0,0.9230769230769231,1
0.0,0.0032458750338111974,0.5796132260710514,0.8378249198515774,0.015979389348096125,0.015979389348096125,0.007262771329267492,0.8269155077407504,1.0000000000000002,0.0,0.6153846153846154,1
0.0,0.005409791723018665,0.8432249042972114,0.5759249793520641,0.015979389348096125,0.015979389348096125,0.8348416289592759,0.006904355812122802,1.0000000000000002,0.0,0.07692307692307693,1
0.0,0.14714633486610765,0.5796132260710514,0.8378249198515774,0.015979389348096125,0.015979389348096125,0.007262771329267492,0.8422002099186564,1.0000000000000002,0.0,0.9230769230769231,1
0.0,0.005409791723018665,0.5796132260710514,0.8378249198515774,0.015979389348096125,0.015979389348096125,0.007262771329267492,0.8501049593282602,1.0000000000000002,0.0,0.6923076923076923,1
0.0,0.005409791723018665,0.8432249042972114,0.5759249793520641,0.015979389348096125,0.015979389348096125,0.857957898878615,0.006904355812122802,1.0000000000000002,0.0,0.07692307692307693,1
0.0,0.005409791723018665,0.8432249042972114,0.5759249793520641,0.015979389348096125,0.015979389348096125,0.8656633221850613,0.006904355812122802,1.0000000000000002,0.0,0.07692307692307693,1
0.0,0.1509331890722207,0.5796132260710514,0.8378249198515774,0.015979389348096125,0.015979389348096125,0.007262771329267492,0.872999212805038,1.0000000000000002,0.0,0.9230769230769231,1
0.0,0.005409791723018665,0.8432249042972114,0.5759249793520641,0.015979389348096125,0.015979389348096125,0.8807790674798347,0.006904355812122802,1.0000000000000002,0.0,0.07692307692307693,1
0.0,0.14958074114146605,0.5796132260710514,0.8378249198515774,0.015979389348096125,0.015979389348096125,0.007262771329267492,0.8883495145631067,1.0000000000000002,0.0,0.9230769230769231,1
0.0,0.0032458750338111974,0.8432249042972114,0.5759249793520641,0.015979389348096125,0.015979389348096125,0.8960915469866876,0.006904355812122802,1.0000000000000002,0.0,0.6153846153846154,1
0.0,0.1476873140384095,0.5796132260710514,0.8378249198515774,0.015979389348096125,0.015979389348096125,0.007262771329267492,0.9037326161112568,1.0000000000000002,0.0,0.9230769230769231,1
0.0,0.0032458750338111974,0.8432249042972114,0.5759249793520641,0.015979389348096125,0.015979389348096125,0.911207292281461,0.006904355812122802,1.0000000000000002,0.0,0.6153846153846154,1
0.0,0.14660535569380578,0.5796132260710514,0.8378249198515774,0.015979389348096125,0.015979389348096125,0.007262771329267492,0.9189189189189189,1.0000000000000002,0.0,0.9230769230769231,1
0.0,0.14876927238301324,0.5796132260710514,0.8378249198515774,0.015979389348096125,0.015979389348096125,0.007262771329267492,0.9263316714773024,1.0000000000000002,0.0,0.9230769230769231,1
0.0,0.0032458750338111974,0.8432249042972114,0.5759249793520641,0.015979389348096125,0.015979389348096125,0.9339628828119876,0.006904355812122802,1.0000000000000002,0.0,0.6153846153846154,1
0.0,0.005409791723018665,0.8432249042972114,0.5759249793520641,0.015979389348096125,0.015979389348096125,0.941504360941701,0.006904355812122802,1.0000000000000002,0.0,0.07692307692307693,1
0.0,0.0032458750338111974,0.8432249042972114,0.5759249793520641,0.015979389348096125,0.015979389348096125,0.9493409403895336,0.006904355812122802,1.0000000000000002,0.0,0.6153846153846154,1
0.0,0.005409791723018665,0.8432249042972114,0.5759249793520641,0.015979389348096125,0.015979389348096125,0.9572103088727129,0.006904355812122802,1.0000000000000002,0.0,0.07692307692307693,1
0.0,0.005409791723018665,0.8432249042972114,0.5759249793520641,0.015979389348096125,0.015979389348096125,0.9650796773558922,0.006904355812122802,1.0000000000000002,0.0,0.07692307692307693,1
0.0,0.005409791723018665,0.8432249042972114,0.5759249793520641,0.015979389348096125,0.015979389348096125,0.9729162568037247,0.006904355812122802,1.0000000000000002,0.0,0.07692307692307693,1
0.0,0.0032458750338111974,0.5796132260710514,0.8378249198515774,0.015979389348096125,0.015979389348096125,0.007262771329267492,0.9805497244817633,1.0000000000000002,0.0,0.6153846153846154,1
0.0,0.14714633486610765,0.5796132260710514,0.8378249198515774,0.015979389348096125,0.015979389348096125,0.007262771329267492,0.9882904749409603,1.0000000000000002,0.0,0.9230769230769231,1
0.0,0.0032458750338111974,0.8432249042972114,0.5759249793520641,0.015979389348096125,0.015979389348096125,0.9958357925109843,0.006904355812122802,1.0000000000000002,0.0,0.6153846153846154,1
0.0,0.14741682445225857,0.5796132260710514,0.8378249198515774,0.015979389348096125,0.015979389348096125,0.007262771329267492,0.5404749409603777,1.0000000000000002,0.0,0.9230769230769231,1
0.0,0.1476873140384095,0.5796132260710514,0.8378249198515774,0.015979389348096125,0.015979389348096125,0.007262771329267492,0.5484780897402256,1.0000000000000002,0.0,0.9230769230769231,1
0.0,0.005409791723018665,0.8432249042972114,0.5759249793520641,0.015979389348096125,0.015979389348096125,0.5567250311495835,0.006904355812122802,1.0000000000000002,0.0,0.07692307692307693,1
0.0,0.005409791723018665,0.8432249042972114,0.5759249793520641,0.015979389348096125,0.015979389348096125,0.564496032526723,0.006904355812122802,1.0000000000000002,0.0,0.07692307692307693,1
0.0,0.1476873140384095,0.5796132260710514,0.8378249198515774,0.015979389348096125,0.015979389348096125,0.007262771329267492,0.5718315402781422,1.0000000000000002,0.0,0.9230769230769231,1
0.0,0.005409791723018665,0.8432249042972114,0.5759249793520641,0.015979389348096125,0.015979389348096125,0.5796117778214964,0.006904355812122802,1.0000000000000002,0.0,0.07692307692307693,1
0.0,0.0032458750338111974,0.8432249042972114,0.5759249793520641,0.015979389348096125,0.015979389348096125,0.5874155682339826,0.006904355812122802,1.0000000000000002,0.0,0.6153846153846154,1
0.0,0.005409791723018665,0.8432249042972114,0.5759249793520641,0.015979389348096125,0.015979389348096125,0.595350514787855,0.006904355812122802,1.0000000000000002,0.0,0.07692307692307693,1
0.0,0.005409791723018665,0.8432249042972114,0.5759249793520641,0.015979389348096125,0.015979389348096125,0.6028919929175683,0.006904355812122802,1.0000000000000002,0.0,0.07692307692307693,1
0.0,0.0032458750338111974,0.5796132260710514,0.8378249198515774,0.015979389348096125,0.015979389348096125,0.007262771329267492,0.6103712936237208,1.0000000000000002,0.0,0.6153846153846154,1
0.0,0.005409791723018665,0.8432249042972114,0.5759249793520641,0.015979389348096125,0.015979389348096125,0.6183684176011541,0.006904355812122802,1.0000000000000002,0.0,0.07692307692307693,1
0.0,0.14633486610765484,0.5796132260710514,0.8378249198515774,0.015979389348096125,0.015979389348096125,0.007262771329267492,0.6259511939123589,1.0000000000000002,0.0,0.9230769230769231,1
0.0,0.005409791723018665,0.8432249042972114,0.5759249793520641,0.015979389348096125,0.015979389348096125,0.6337464751787002,0.006904355812122802,1.0000000000000002,0.0,0.07692307692307693,1
0.0,0.14660535569380578,0.5796132260710514,0.8378249198515774,0.015979389348096125,0.015979389348096125,0.007262771329267492,0.6410390973497769,1.0000000000000002,0.0,0.9230769230769231,1
0.0,0.0032458750338111974,0.5796132260710514,0.8378249198515774,0.015979389348096125,0.015979389348096125,0.007262771329267492,0.6487470480188926,1.0000000000000002,0.0,0.6153846153846154,1
0.0,0.005409791723018665,0.8432249042972114,0.5759249793520641,0.015979389348096125,0.015979389348096125,0.6566660108859597,0.006904355812122802,1.0000000000000002,0.0,0.07692307692307693,1
0.0,0.005409791723018665,0.8432249042972114,0.5759249793520641,0.015979389348096125,0.015979389348096125,0.664371434192406,0.006904355812122802,1.0000000000000002,0.0,0.07692307692307693,1
0.0,0.14741682445225857,0.5796132260710514,0.8378249198515774,0.015979389348096125,0.015979389348096125,0.007262771329267492,0.6719364996064024,1.0000000000000002,0.0,0.9230769230769231,1
0.0,0.0032458750338111974,0.8432249042972114,0.5759249793520641,0.015979389348096125,0.015979389348096125,0.6795855465932192,0.006904355812122802,1.0000000000000002,0.0,0.6153846153846154,1
0.0,0.005409791723018665,0.8432249042972114,0.5759249793520641,0.015979389348096125,0.015979389348096125,0.6873565479703586,0.006904355812122802,1.0000000000000002,0.0,0.07692307692307693,1
0.0,0.005409791723018665,0.8432249042972114,0.5759249793520641,0.015979389348096125,0.015979389348096125,0.6949963932061118,0.006904355812122802,1.0000000000000002,0.0,0.07692307692307693,1
0.0,0.14741682445225857,0.5796132260710514,0.8378249198515774,0.015979389348096125,0.015979389348096125,0.007262771329267492,0.7022763054316452,1.0000000000000002,0.0,0.9230769230769231,1
0.0,0.005409791723018665,0.8432249042972114,0.5759249793520641,0.015979389348096125,0.015979389348096125,0.710210505606925,0.006904355812122802,1.0000000000000002,0.0,0.07692307692307693,1
0.0,0.1490397619691642,0.5796132260710514,0.8378249198515774,0.015979389348096125,0.015979389348096125,0.007262771329267492,0.7174626082393072,1.0000000000000002,0.0,0.9230769230769231,1
0.0,0.005409791723018665,0.8432249042972114,0.5759249793520641,0.015979389348096125,0.015979389348096125,0.7255885631844711,0.006904355812122802,1.0000000000000002,0.0,0.07692307692307693,1
0.0,0.005409791723018665,0.8432249042972114,0.5759249793520641,0.015979389348096125,0.015979389348096125,0.7335890878090366,0.006904355812122802,1.0000000000000002,0.0,0.07692307692307693,1
0.0,0.14660535569380578,0.5796132260710514,0.8378249198515774,0.015979389348096125,0.015979389348096125,0.007262771329267492,0.7413736552086065,1.0000000000000002,0.0,0.9230769230769231,1
0.0,0.14660535569380578,0.5796132260710514,0.8378249198515774,0.015979389348096125,0.015979389348096125,0.007262771329267492,0.7492456048281291,1.0000000000000002,0.0,0.9230769230769231,1
0.0,0.1476873140384095,0.5796132260710514,0.8378249198515774,0.015979389348096125,0.015979389348096125,0.007262771329267492,0.7568223563369194,1.0000000000000002,0.0,0.9230769230769231,1
0.0,0.0032458750338111974,0.5796132260710514,0.8378249198515774,0.015979389348096125,0.015979389348096125,0.007262771329267492,0.764235108895303,1.0000000000000002,0.0,0.6153846153846154,1
0.0,0.14741682445225857,0.5796132260710514,0.8378249198515774,0.015979389348096125,0.015979389348096125,0.007262771329267492,0.7720742587247441,1.0000000000000002,0.0,0.9230769230769231,1
0.0,0.1476873140384095,0.5796132260710514,0.8378249198515774,0.015979389348096125,0.015979389348096125,0.007262771329267492,0.7799462083442665,1.0000000000000002,0.0,0.9230769230769231,1
0.0,0.005409791723018665,0.8432249042972114,0.5759249793520641,0.015979389348096125,0.015979389348096125,0.7879205193783199,0.006904355812122802,1.0000000000000002,0.0,0.07692307692307693,1
0.0,0.005409791723018665,0.8432249042972114,0.5759249793520641,0.015979389348096125,0.015979389348096125,0.7956915207554593,0.006904355812122802,1.0000000000000002,0.0,0.07692307692307693,1
0.0,0.0032458750338111974,0.5796132260710514,0.8378249198515774,0.015979389348096125,0.015979389348096125,0.007262771329267492,0.803102860141695,1.0000000000000002,0.0,0.6153846153846154,1
0.0,0.005409791723018665,0.8432249042972114,0.5759249793520641,0.015979389348096125,0.015979389348096125,0.8110695783330054,0.006904355812122802,1.0000000000000002,0.0,0.07692307692307693,1
0.0,0.005409791723018665,0.8432249042972114,0.5759249793520641,0.015979389348096125,0.015979389348096125,0.8186110564627188,0.006904355812122802,1.0000000000000002,0.0,0.07692307692307693,1
0.0,0.005409791723018665,0.8432249042972114,0.5759249793520641,0.015979389348096125,0.015979389348096125,0.8263820578398583,0.006904355812122802,1.0000000000000002,0.0,0.07692307692307693,1
0.0,0.14660535569380578,0.5796132260710514,0.8378249198515774,0.015979389348096125,0.015979389348096125,0.007262771329267492,0.8342626607189714,1.0000000000000002,0.0,0.9230769230769231,1
0.0,0.0032458750338111974,0.5796132260710514,0.8378249198515774,0.015979389348096125,0.015979389348096125,0.007262771329267492,0.8422330097087378,1.0000000000000002,0.0,0.6153846153846154,1
0.0,0.0032458750338111974,0.5796132260710514,0.8378249198515774,0.015979389348096125,0.015979389348096125,0.007262771329267492,0.8498425610076095,1.0000000000000002,0.0,0.6153846153846154,1
0.0,0.005409791723018665,0.8432249042972114,0.5759249793520641,0.015979389348096125,0.015979389348096125,0.857793953701882,0.006904355812122802,1.0000000000000002,0.0,0.07692307692307693,1
0.0,0.0032458750338111974,0.8432249042972114,0.5759249793520641,0.015979389348096125,0.015979389348096125,0.8653354318315954,0.006904355812122802,1.0000000000000002,0.0,0.6153846153846154,1
0.0,0.005409791723018665,0.8432249042972114,0.5759249793520641,0.015979389348096125,0.015979389348096125,0.8727785428552691,0.006904355812122802,1.0000000000000002,0.0,0.07692307692307693,1
0.0,0.005409791723018665,0.8432249042972114,0.5759249793520641,0.015979389348096125,0.015979389348096125,0.8801232867729031,0.006904355812122802,1.0000000000000002,0.0,0.07692307692307693,1
0.0,0.14660535569380578,0.5796132260710514,0.8378249198515774,0.015979389348096125,0.015979389348096125,0.007262771329267492,0.8875951193912358,1.0000000000000002,0.0,0.9230769230769231,1
0.0,0.0032458750338111974,0.5796132260710514,0.8378249198515774,0.015979389348096125,0.015979389348096125,0.007262771329267492,0.8954998688008395,1.0000000000000002,0.0,0.6153846153846154,1
0.0,0.0032458750338111974,0.8432249042972114,0.5759249793520641,0.015979389348096125,0.015979389348096125,0.9030756115155092,0.006904355812122802,1.0000000000000002,0.0,0.6153846153846154,1
0.0,0.14633486610765484,0.5796132260710514,0.8378249198515774,0.015979389348096125,0.015979389348096125,0.007262771329267492,0.9107845709787457,1.0000000000000002,0.0,0.9230769230769231,1
0.0,0.0032458750338111974,0.5796132260710514,0.8378249198515774,0.015979389348096125,0.015979389348096125,0.007262771329267492,0.918361322487536,1.0000000000000002,0.0,0.6153846153846154,1
0.0,0.14741682445225857,0.5796132260710514,0.8378249198515774,0.015979389348096125,0.015979389348096125,0.007262771329267492,0.9262332721070584,1.0000000000000002,0.0,0.9230769230769231,1
0.0,0.0032458750338111974,0.8432249042972114,0.5759249793520641,0.015979389348096125,0.015979389348096125,0.9336349924585218,0.006904355812122802,1.0000000000000002,0.0,0.6153846153846154,1
0.0,0.005409791723018665,0.8432249042972114,0.5759249793520641,0.015979389348096125,0.015979389348096125,0.9414387828710079,0.006904355812122802,1.0000000000000002,0.0,0.07692307692307693,1
0.0,0.005409791723018665,0.8432249042972114,0.5759249793520641,0.015979389348096125,0.015979389348096125,0.9490458390714145,0.006904355812122802,1.0000000000000002,0.0,0.07692307692307693,1
0.0,0.14660535569380578,0.5796132260710514,0.8378249198515774,0.015979389348096125,0.015979389348096125,0.007262771329267492,0.9564418787719757,1.0000000000000002,0.0,0.9230769230769231,1
0.0,0.005409791723018665,0.5796132260710514,0.8378249198515774,0.015979389348096125,0.015979389348096125,0.007262771329267492,0.9640514300708475,1.0000000000000002,0.0,0.6923076923076923,1
0.0,0.0032458750338111974,0.8432249042972114,0.5759249793520641,0.015979389348096125,0.015979389348096125,0.9714407502131287,0.006904355812122802,1.0000000000000002,0.0,0.6153846153846154,1
0.0,0.005409791723018665,0.5796132260710514,0.8378249198515774,0.015979389348096125,0.015979389348096125,0.007262771329267492,0.9791721332983468,1.0000000000000002,0.0,0.6923076923076923,1
0.0,0.14985123072761697,0.5796132260710514,0.8378249198515774,0.015979389348096125,0.015979389348096125,0.007262771329267492,0.9868144843872998,1.0000000000000002,0.0,0.9230769230769231,1
0.0,0.005409791723018665,0.8432249042972114,0.5759249793520641,0.015979389348096125,0.015979389348096125,0.9945898091678143,0.006904355812122802,1.0000000000000002,0.0,0.07692307692307693,1
0.0,0.005409791723018665,0.8432249042972114,0.5759249793520641,0.015979389348096125,0.015979389348096125,0.5390845301331234,0.006904355812122802,1.0000000000000002,0.0,0.07692307692307693,1
0.0,0.0032458750338111974,0.8432249042972114,0.5759249793520641,0.015979389348096125,0.015979389348096125,0.5466587972981835,0.006904355812122802,1.0000000000000002,0.0,0.6153846153846154,1
0.0,0.005409791723018665,0.5796132260710514,0.8378249198515774,0.015979389348096125,0.015979389348096125,0.007262771329267492,0.5541852532143794,1.0000000000000002,0.0,0.6923076923076923,1
0.0,0.14714633486610765,0.5796132260710514,0.8378249198515774,0.015979389348096125,0.015979389348096125,0.007262771329267492,0.5617292049330883,1.0000000000000002,0.0,0.9230769230769231,1
0.0,0.005409791723018665,0.8432249042972114,0.5759249793520641,0.015979389348096125,0.015979389348096125,0.5695455439700964,0.006904355812122802,1.0000000000000002,0.0,0.07692307692307693,1
0.0,0.005409791723018665,0.8432249042972114,0.5759249793520641,0.015979389348096125,0.015979389348096125,0.5774477014886221,0.006904355812122802,1.0000000000000002,0.0,0.07692307692307693,1
0.0,0.0032458750338111974,0.8432249042972114,0.5759249793520641,0.015979389348096125,0.015979389348096125,0.5848252344416027,0.006904355812122802,1.0000000000000002,0.0,0.6153846153846154,1
0.0,0.1476873140384095,0.5796132260710514,0.8378249198515774,0.015979389348096125,0.015979389348096125,0.007262771329267492,0.5925282078194699,1.0000000000000002,0.0,0.9230769230769231,1
0.0,0.0032458750338111974,0.5796132260710514,0.8378249198515774,0.015979389348096125,0.015979389348096125,0.007262771329267492,0.5998425610076095,1.0000000000000002,0.0,0.6153846153846154,1
0.0,0.14660535569380578,0.5796132260710514,0.8378249198515774,0.015979389348096125,0.015979389348096125,0.007262771329267492,0.608108108108108,1.0000000000000002,0.0,0.9230769230769231,1
0.0,0.005409791723018665,0.8432249042972114,0.5759249793520641,0.015979389348096125,0.015979389348096125,0.6159748180208537,0.006904355812122802,1.0000000000000002,0.0,0.07692307692307693,1
0.0,0.005409791723018665,0.5796132260710514,0.8378249198515774,0.015979389348096125,0.015979389348096125,0.007262771329267492,0.6235896090265022,1.0000000000000002,0.0,0.6923076923076923,1
0.0,0.005409791723018665,0.8432249042972114,0.5759249793520641,0.015979389348096125,0.015979389348096125,0.6314512427044396,0.006904355812122802,1.0000000000000002,0.0,0.07692307692307693,1
0.0,0.005409791723018665,0.8432249042972114,0.5759249793520641,0.015979389348096125,0.015979389348096125,0.6387959866220735,0.006904355812122802,1.0000000000000002,0.0,0.07692307692307693,1
0.0,0.005409791723018665,0.8432249042972114,0.5759249793520641,0.015979389348096125,0.015979389348096125,0.6462390976457473,0.006904355812122802,1.0000000000000002,0.0,0.07692307692307693,1
0.0,0.0032458750338111974,0.8432249042972114,0.5759249793520641,0.015979389348096125,0.015979389348096125,0.653682208669421,0.006904355812122802,1.0000000000000002,0.0,0.6153846153846154,1
0.0,0.005409791723018665,0.8432249042972114,0.5759249793520641,0.015979389348096125,0.015979389348096125,0.6613548429405206,0.006904355812122802,1.0000000000000002,0.0,0.07692307692307693,1
0.0,0.005409791723018665,0.8432249042972114,0.5759249793520641,0.015979389348096125,0.015979389348096125,0.6691258443176601,0.006904355812122802,1.0000000000000002,0.0,0.07692307692307693,1
0.0,0.005409791723018665,0.8432249042972114,0.5759249793520641,0.015979389348096125,0.015979389348096125,0.6768968456947996,0.006904355812122802,1.0000000000000002,0.0,0.07692307692307693,1
0.0,0.14741682445225857,0.5796132260710514,0.8378249198515774,0.015979389348096125,0.015979389348096125,0.007262771329267492,0.6844004198373129,1.0000000000000002,0.0,0.9230769230769231,1
0.0,0.005409791723018665,0.8432249042972114,0.5759249793520641,0.015979389348096125,0.015979389348096125,0.692406059413732,0.006904355812122802,1.0000000000000002,0.0,0.07692307692307693,1
0.0,0.14795780362456043,0.5796132260710514,0.8378249198515774,0.015979389348096125,0.015979389348096125,0.007262771329267492,0.6996523222251377,1.0000000000000002,0.0,0.9230769230769231,1
0.0,0.14633486610765484,0.5796132260710514,0.8378249198515774,0.015979389348096125,0.015979389348096125,0.007262771329267492,0.7076226712149042,1.0000000000000002,0.0,0.9230769230769231,1
0.0,0.005409791723018665,0.8432249042972114,0.5759249793520641,0.015979389348096125,0.015979389348096125,0.715751852580497,0.006904355812122802,1.0000000000000002,0.0,0.07692307692307693,1
0.0,0.14741682445225857,0.5796132260710514,0.8378249198515774,0.015979389348096125,0.015979389348096125,0.007262771329267492,0.723366570453949,1.0000000000000002,0.0,0.9230769230769231,1
0.0,0.005409791723018665,0.8432249042972114,0.5759249793520641,0.015979389348096125,0.015979389348096125,0.7315561676175486,0.006904355812122802,1.0000000000000002,0.0,0.07692307692307693,1
0.0,0.0032458750338111974,0.8432249042972114,0.5759249793520641,0.015979389348096125,0.015979389348096125,0.739261590923995,0.006904355812122802,1.0000000000000002,0.0,0.6153846153846154,1
0.0,0.1476873140384095,0.5796132260710514,0.8378249198515774,0.015979389348096125,0.015979389348096125,0.007262771329267492,0.7465232222513775,1.0000000000000002,0.0,0.9230769230769231,1
0.0,0.005409791723018665,0.8432249042972114,0.5759249793520641,0.015979389348096125,0.015979389348096125,0.7545740704308479,0.006904355812122802,1.0000000000000002,0.0,0.07692307692307693,1
0.0,0.0032458750338111974,0.8432249042972114,0.5759249793520641,0.015979389348096125,0.015979389348096125,0.7621155485605613,0.006904355812122802,1.0000000000000002,0.0,0.6153846153846154,1
0.0,0.1476873140384095,0.5796132260710514,0.8378249198515774,0.015979389348096125,0.015979389348096125,0.007262771329267492,0.7700078719496194,1.0000000000000002,0.0,0.9230769230769231,1
0.0,0.1476873140384095,0.5796132260710514,0.8378249198515774,0.015979389348096125,0.015979389348096125,0.007262771329267492,0.7778142219889792,1.0000000000000002,0.0,0.9230769230769231,1
0.0,0.1476873140384095,0.5796132260710514,0.8378249198515774,0.015979389348096125,0.015979389348096125,0.007262771329267492,0.7853253739176068,1.0000000000000002,0.0,0.9230769230769231,1
0.0,0.0032458750338111974,0.8432249042972114,0.5759249793520641,0.015979389348096125,0.015979389348096125,0.7927405075742671,0.006904355812122802,1.0000000000000002,0.0,0.6153846153846154,1
0.0,0.14633486610765484,0.5796132260710514,0.8378249198515774,0.015979389348096125,0.015979389348096125,0.007262771329267492,0.8006756756756755,1.0000000000000002,0.0,0.9230769230769231,1
0.0,0.005409791723018665,0.8432249042972114,0.5759249793520641,0.015979389348096125,0.015979389348096125,0.8090366581415174,0.006904355812122802,1.0000000000000002,0.0,0.07692307692307693,1
0.0,0.14633486610765484,0.5796132260710514,0.8378249198515774,0.015979389348096125,0.015979389348096125,0.007262771329267492,0.8162883757543951,1.0000000000000002,0.0,0.9230769230769231,1
0.0,0.0032458750338111974,0.5796132260710514,0.8378249198515774,0.015979389348096125,0.015979389348096125,0.007262771329267492,0.8240291262135921,1.0000000000000002,0.0,0.6153846153846154,1
0.0,0.14633486610765484,0.5796132260710514,0.8378249198515774,0.015979389348096125,0.015979389348096125,0.007262771329267492,0.8316386775124638,1.0000000000000002,0.0,0.9230769230769231,1
0.0,0.14633486610765484,0.5796132260710514,0.8378249198515774,0.015979389348096125,0.015979389348096125,0.007262771329267492,0.8389858304906848,1.0000000000000002,0.0,0.9230769230769231,1
0.0,0.0032458750338111974,0.8432249042972114,0.5759249793520641,0.015979389348096125,0.015979389348096125,0.8462522132598859,0.006904355812122802,1.0000000000000002,0.0,0.6153846153846154,1
0.0,0.005409791723018665,0.8432249042972114,0.5759249793520641,0.015979389348096125,0.015979389348096125,0.8542199488491048,0.006904355812122802,1.0000000000000002,0.0,0.07692307692307693,1
0.0,0.0032458750338111974,0.8432249042972114,0.5759249793520641,0.015979389348096125,0.015979389348096125,0.8614991146960456,0.006904355812122802,1.0000000000000002,0.0,0.6153846153846154,1
0.0,0.18068704354882337,0.8432249042972114,0.5759249793520641,0.015979389348096125,0.015979389348096125,0.8689422257197192,0.006904355812122802,1.0000000000000002,0.0,0.9230769230769231,1
0.0,0.005409791723018665,0.8432249042972114,0.5759249793520641,0.015979389348096125,0.015979389348096125,0.8766476490261655,0.006904355812122802,1.0000000000000002,0.0,0.07692307692307693,1
0.0,0.14633486610765484,0.5796132260710514,0.8378249198515774,0.015979389348096125,0.015979389348096125,0.007262771329267492,0.8839215429021253,1.0000000000000002,0.0,0.9230769230769231,1
0.0,0.005409791723018665,0.8432249042972114,0.5759249793520641,0.015979389348096125,0.015979389348096125,0.8919929175683651,0.006904355812122802,1.0000000000000002,0.0,0.07692307692307693,1
0.0,0.005409791723018665,0.8432249042972114,0.5759249793520641,0.015979389348096125,0.015979389348096125,0.899337661485999,0.006904355812122802,1.0000000000000002,0.0,0.07692307692307693,1
0.0,0.14660535569380578,0.5796132260710514,0.8378249198515774,0.015979389348096125,0.015979389348096125,0.007262771329267492,0.9067501967987404,1.0000000000000002,0.0,0.9230769230769231,1
0.0,0.005409791723018665,0.8432249042972114,0.5759249793520641,0.015979389348096125,0.015979389348096125,0.914486195816119,0.006904355812122802,1.0000000000000002,0.0,0.07692307692307693,1
0.0,0.0032458750338111974,0.5796132260710514,0.8378249198515774,0.015979389348096125,0.015979389348096125,0.007262771329267492,0.9217725006559957,1.0000000000000002,0.0,0.6153846153846154,1
0.0,0.1509331890722207,0.5796132260710514,0.8378249198515774,0.015979389348096125,0.015979389348096125,0.007262771329267492,0.9296772500655995,1.0000000000000002,0.0,0.9230769230769231,1
0.0,0.14633486610765484,0.5796132260710514,0.8378249198515774,0.015979389348096125,0.015979389348096125,0.007262771329267492,0.9373196011545525,1.0000000000000002,0.0,0.9230769230769231,1
0.0,0.14606437652150392,0.5796132260710514,0.8378249198515774,0.015979389348096125,0.015979389348096125,0.007262771329267492,0.9450931514038309,1.0000000000000002,0.0,0.9230769230769231,1
0.0,0.1468758452799567,0.5796132260710514,0.8378249198515774,0.015979389348096125,0.015979389348096125,0.007262771329267492,0.9530635003935974,1.0000000000000002,0.0,0.9230769230769231,1
0.0,0.15012172031376791,0.5796132260710514,0.8378249198515774,0.015979389348096125,0.015979389348096125,0.007262771329267492,0.9608370506428758,1.0000000000000002,0.0,0.9230769230769231,1
0.0,0.14660535569380578,0.5796132260710514,0.8378249198515774,0.015979389348096125,0.015979389348096125,0.007262771329267492,0.9684794017318288,1.0000000000000002,0.0,0.9230769230769231,1
0.0,0.0032458750338111974,0.5796132260710514,0.8378249198515774,0.015979389348096125,0.015979389348096125,0.007262771329267492,0.9760233534505378,1.0000000000000002,0.0,0.6153846153846154,1
0.0,0.005409791723018665,0.8432249042972114,0.5759249793520641,0.015979389348096125,0.015979389348096125,0.9841301068922552,0.006904355812122802,1.0000000000000002,0.0,0.07692307692307693,1
0.0,0.0032458750338111974,0.8432249042972114,0.5759249793520641,0.015979389348096125,0.015979389348096125,0.9918355301987015,0.006904355812122802,1.0000000000000002,0.0,0.6153846153846154,1
0.0,0.005409791723018665,0.8432249042972114,0.5759249793520641,0.015979389348096125,0.015979389348096125,0.9993442192930684,0.006904355812122802,1.0000000000000002,0.0,0.07692307692307693,1
0.0,0.15066269948606978,0.5796132260710514,0.8378249198515774,0.015979389348096125,0.015979389348096125,0.007262771329267492,0.5440173182891629,1.0000000000000002,0.0,0.9230769230769231,1
0.0,0.005409791723018665,0.8432249042972114,0.5759249793520641,0.015979389348096125,0.015979389348096125,0.5520689881303692,0.006904355812122802,1.0000000000000002,0.0,0.07692307692307693,1
0.0,0.005409791723018665,0.8432249042972114,0.5759249793520641,0.015979389348096125,0.015979389348096125,0.559741622401469,0.006904355812122802,1.0000000000000002,0.0,0.07692307692307693,1
0.0,0.15039220989991883,0.5796132260710514,0.8378249198515774,0.015979389348096125,0.015979389348096125,0.007262771329267492,0.5675019679874048,1.0000000000000002,0.0,0.9230769230769231,1
0.0,0.005409791723018665,0.8432249042972114,0.5759249793520641,0.015979389348096125,0.015979389348096125,0.5753164141910945,0.006904355812122802,1.0000000000000002,0.0,0.07692307692307693,1
0.0,0.14714633486610765,0.5796132260710514,0.8378249198515774,0.015979389348096125,0.015979389348096125,0.007262771329267492,0.5828522697454736,1.0000000000000002,0.0,0.9230769230769231,1
0.0,0.14660535569380578,0.5796132260710514,0.8378249198515774,0.015979389348096125,0.015979389348096125,0.007262771329267492,0.5905930202046706,1.0000000000000002,0.0,0.9230769230769231,1
0.0,0.005409791723018665,0.8432249042972114,0.5759249793520641,0.015979389348096125,0.015979389348096125,0.5983343170043937,0.006904355812122802,1.0000000000000002,0.0,0.07692307692307693,1
0.0,0.005409791723018665,0.8432249042972114,0.5759249793520641,0.015979389348096125,0.015979389348096125,0.6062036854875729,0.006904355812122802,1.0000000000000002,0.0,0.07692307692307693,1
0.0,0.0032458750338111974,0.8432249042972114,0.5759249793520641,0.015979389348096125,0.015979389348096125,0.6138763197586726,0.006904355812122802,1.0000000000000002,0.0,0.6153846153846154,1
0.0,0.1476873140384095,0.5796132260710514,0.8378249198515774,0.015979389348096125,0.015979389348096125,0.007262771329267492,0.6214248228811335,1.0000000000000002,0.0,0.9230769230769231,1
0.0,0.0032458750338111974,0.5796132260710514,0.8378249198515774,0.015979389348096125,0.015979389348096125,0.007262771329267492,0.6286735764891104,1.0000000000000002,0.0,0.6153846153846154,1
0.0,0.005409791723018665,0.8432249042972114,0.5759249793520641,0.015979389348096125,0.015979389348096125,0.6368614335366253,0.006904355812122802,1.0000000000000002,0.0,0.07692307692307693,1
0.0,0.1476873140384095,0.5796132260710514,0.8378249198515774,0.015979389348096125,0.015979389348096125,0.007262771329267492,0.6440894778273418,1.0000000000000002,0.0,0.9230769230769231,1
0.0,0.005409791723018665,0.8432249042972114,0.5759249793520641,0.015979389348096125,0.015979389348096125,0.6519116007607055,0.006904355812122802,1.0000000000000002,0.0,0.07692307692307693,1
0.0,0.14795780362456043,0.5796132260710514,0.8378249198515774,0.015979389348096125,0.015979389348096125,0.007262771329267492,0.6593413802151665,1.0000000000000002,0.0,0.9230769230769231,1
0.0,0.005409791723018665,0.8432249042972114,0.5759249793520641,0.015979389348096125,0.015979389348096125,0.667420814479638,0.006904355812122802,1.0000000000000002,0.0,0.07692307692307693,1
0.0,0.1468758452799567,0.5796132260710514,0.8378249198515774,0.015979389348096125,0.015979389348096125,0.007262771329267492,0.6750196798740488,1.0000000000000002,0.0,0.9230769230769231,1
0.0,0.0032458750338111974,0.5796132260710514,0.8378249198515774,0.015979389348096125,0.015979389348096125,0.007262771329267492,0.6825308318026764,1.0000000000000002,0.0,0.6153846153846154,1
0.0,0.0032458750338111974,0.8432249042972114,0.5759249793520641,0.015979389348096125,0.015979389348096125,0.6904387172929372,0.006904355812122802,1.0000000000000002,0.0,0.6153846153846154,1
0.0,0.005409791723018665,0.8432249042972114,0.5759249793520641,0.015979389348096125,0.015979389348096125,0.6985048199881959,0.006904355812122802,1.0000000000000002,0.0,0.07692307692307693,1
0.0,0.15039220989991883,0.5796132260710514,0.8378249198515774,0.015979389348096125,0.015979389348096125,0.007262771329267492,0.7058514825505116,1.0000000000000002,0.0,0.9230769230769231,1
0.0,0.1476873140384095,0.5796132260710514,0.8378249198515774,0.015979389348096125,0.015979389348096125,0.007262771329267492,0.7137562319601154,1.0000000000000002,0.0,0.9230769230769231,1
0.0,0.005409791723018665,0.8432249042972114,0.5759249793520641,0.015979389348096125,0.015979389348096125,0.7216538789428815,0.006904355812122802,1.0000000000000002,0.0,0.07692307692307693,1
0.0,0.14741682445225857,0.5796132260710514,0.8378249198515774,0.015979389348096125,0.015979389348096125,0.007262771329267492,0.7290737339281028,1.0000000000000002,0.0,0.9230769230769231,1
0.0,0.005409791723018665,0.8432249042972114,0.5759249793520641,0.015979389348096125,0.015979389348096125,0.7369991474850809,0.006904355812122802,1.0000000000000002,0.0,0.07692307692307693,1
0.0,0.14795780362456043,0.5796132260710514,0.8378249198515774,0.015979389348096125,0.015979389348096125,0.007262771329267492,0.7447848333770664,1.0000000000000002,0.0,0.9230769230769231,1
0.0,0.0032458750338111974,0.8432249042972114,0.5759249793520641,0.015979389348096125,0.015979389348096125,0.7523444160272804,0.006904355812122802,1.0000000000000002,0.0,0.6153846153846154,1
0.0,0.1476873140384095,0.5796132260710514,0.8378249198515774,0.015979389348096125,0.015979389348096125,0.007262771329267492,0.7601679349252164,1.0000000000000002,0.0,0.9230769230769231,1
0.0,0.005409791723018665,0.8432249042972114,0.5759249793520641,0.015979389348096125,0.015979389348096125,0.7678864187815594,0.006904355812122802,1.0000000000000002,0.0,0.07692307692307693,1
0.0,0.1476873140384095,0.5796132260710514,0.8378249198515774,0.015979389348096125,0.015979389348096125,0.007262771329267492,0.7755838362634478,1.0000000000000002,0.0,0.9230769230769231,1
0.0,0.005409791723018665,0.8432249042972114,0.5759249793520641,0.015979389348096125,0.015979389348096125,0.7834612105711849,0.006904355812122802,1.0000000000000002,0.0,0.07692307692307693,1
0.0,0.0032458750338111974,0.8432249042972114,0.5759249793520641,0.015979389348096125,0.015979389348096125,0.7911994229129778,0.006904355812122802,1.0000000000000002,0.0,0.6153846153846154,1
0.0,0.005409791723018665,0.8432249042972114,0.5759249793520641,0.015979389348096125,0.015979389348096125,0.7991671585021968,0.006904355812122802,1.0000000000000002,0.0,0.07692307692307693,1
0.0,0.0032458750338111974,0.5796132260710514,0.8378249198515774,0.015979389348096125,0.015979389348096125,0.007262771329267492,0.8067436368407241,1.0000000000000002,0.0,0.6153846153846154,1
0.0,0.14741682445225857,0.5796132260710514,0.8378249198515774,0.015979389348096125,0.015979389348096125,0.007262771329267492,0.8145171870900025,1.0000000000000002,0.0,0.9230769230769231,1
0.0,0.005409791723018665,0.8432249042972114,0.5759249793520641,0.015979389348096125,0.015979389348096125,0.8223162174568823,0.006904355812122802,1.0000000000000002,0.0,0.07692307692307693,1
0.0,0.005409791723018665,0.8432249042972114,0.5759249793520641,0.015979389348096125,0.015979389348096125,0.8301855859400616,0.006904355812122802,1.0000000000000002,0.0,0.07692307692307693,1
0.0,0.14795780362456043,0.5796132260710514,0.8378249198515774,0.015979389348096125,0.015979389348096125,0.007262771329267492,0.8380018367882445,1.0000000000000002,0.0,0.9230769230769231,1
0.0,0.005409791723018665,0.8432249042972114,0.5759249793520641,0.015979389348096125,0.015979389348096125,0.8456620106236474,0.006904355812122802,1.0000000000000002,0.0,0.07692307692307693,1
0.0,0.14660535569380578,0.5796132260710514,0.8378249198515774,0.015979389348096125,0.015979389348096125,0.007262771329267492,0.8531881395959066,1.0000000000000002,0.0,0.9230769230769231,1
0.0,0.0032458750338111974,0.8432249042972114,0.5759249793520641,0.015979389348096125,0.015979389348096125,0.8607121778477277,0.006904355812122802,1.0000000000000002,0.0,0.6153846153846154,1
0.0,0.005409791723018665,0.8432249042972114,0.5759249793520641,0.015979389348096125,0.015979389348096125,0.8682864450127876,0.006904355812122802,1.0000000000000002,0.0,0.07692307692307693,1
0.0,0.005409791723018665,0.8432249042972114,0.5759249793520641,0.015979389348096125,0.015979389348096125,0.8757295560364613,0.006904355812122802,1.0000000000000002,0.0,0.07692307692307693,1
0.0,0.0032458750338111974,0.8432249042972114,0.5759249793520641,0.015979389348096125,0.015979389348096125,0.8833694012722145,0.006904355812122802,1.0000000000000002,0.0,0.6153846153846154,1
0.0,0.005409791723018665,0.8432249042972114,0.5759249793520641,0.015979389348096125,0.015979389348096125,0.8915010820381664,0.006904355812122802,1.0000000000000002,0.0,0.07692307692307693,1
0.0,0.1468758452799567,0.5796132260710514,0.8378249198515774,0.015979389348096125,0.015979389348096125,0.007262771329267492,0.8988126475990553,1.0000000000000002,0.0,0.9230769230769231,1
0.0,0.005409791723018665,0.8432249042972114,0.5759249793520641,0.015979389348096125,0.015979389348096125,0.9067807725096727,0.006904355812122802,1.0000000000000002,0.0,0.07692307692307693,1
0.0,0.0032458750338111974,0.8432249042972114,0.5759249793520641,0.015979389348096125,0.015979389348096125,0.9145189848514657,0.006904355812122802,1.0000000000000002,0.0,0.6153846153846154,1
0.0,0.005409791723018665,0.8432249042972114,0.5759249793520641,0.015979389348096125,0.015979389348096125,0.9217325726277132,0.006904355812122802,1.0000000000000002,0.0,0.07692307692307693,1
0.0,0.005409791723018665,0.8432249042972114,0.5759249793520641,0.015979389348096125,0.015979389348096125,0.929405206898813,0.006904355812122802,1.0000000000000002,0.0,0.07692307692307693,1
0.0,0.005409791723018665,0.8432249042972114,0.5759249793520641,0.015979389348096125,0.015979389348096125,0.9370778411699128,0.006904355812122802,1.0000000000000002,0.0,0.07692307692307693,1
0.0,0.14795780362456043,0.5796132260710514,0.8378249198515774,0.015979389348096125,0.015979389348096125,0.007262771329267492,0.9448307530831802,1.0000000000000002,0.0,0.9230769230769231,1
0.0,0.005409791723018665,0.8432249042972114,0.5759249793520641,0.015979389348096125,0.015979389348096125,0.9526854219948848,0.006904355812122802,1.0000000000000002,0.0,0.07692307692307693,1
0.0,0.005409791723018665,0.8432249042972114,0.5759249793520641,0.015979389348096125,0.015979389348096125,0.960554790478064,0.006904355812122802,1.0000000000000002,0.0,0.07692307692307693,1
0.0,0.005409791723018665,0.8432249042972114,0.5759249793520641,0.015979389348096125,0.015979389348096125,0.9678339563250049,0.006904355812122802,1.0000000000000002,0.0,0.07692307692307693,1
0.0,0.005409791723018665,0.8432249042972114,0.5759249793520641,0.015979389348096125,0.015979389348096125,0.9753098563840251,0.006904355812122802,1.0000000000000002,0.0,0.07692307692307693,1
0.0,0.14714633486610765,0.5796132260710514,0.8378249198515774,0.015979389348096125,0.015979389348096125,0.007262771329267492,0.98291130936762,1.0000000000000002,0.0,0.9230769230769231,1
0.0,0.0032458750338111974,0.5796132260710514,0.8378249198515774,0.015979389348096125,0.015979389348096125,0.007262771329267492,0.990553660456573,1.0000000000000002,0.0,0.6153846153846154,1
0.0,0.15066269948606978,0.5796132260710514,0.8378249198515774,0.015979389348096125,0.015979389348096125,0.007262771329267492,0.9984256100760954,1.0000000000000002,0.0,0.9230769230769231,1
0.0,0.005409791723018665,0.8432249042972114,0.5759249793520641,0.015979389348096125,0.015979389348096125,0.5435110499049117,0.006904355812122802,1.0000000000000002,0.0,0.07692307692307693,1
0.0,0.14795780362456043,0.5796132260710514,0.8378249198515774,0.015979389348096125,0.015979389348096125,0.007262771329267492,0.550806874836001,1.0000000000000002,0.0,0.9230769230769231,1
0.0,0.005409791723018665,0.8432249042972114,0.5759249793520641,0.015979389348096125,0.015979389348096125,0.5588891074824578,0.006904355812122802,1.0000000000000002,0.0,0.07692307692307693,1
0.0,0.005409791723018665,0.8432249042972114,0.5759249793520641,0.015979389348096125,0.015979389348096125,0.5664633746475178,0.006904355812122802,1.0000000000000002,0.0,0.07692307692307693,1
0.0,0.15147416824452256,0.5796132260710514,0.8378249198515774,0.015979389348096125,0.015979389348096125,0.007262771329267492,0.5736683285226973,1.0000000000000002,0.0,0.9230769230769231,1
0.0,0.0032458750338111974,0.8432249042972114,0.5759249793520641,0.015979389348096125,0.015979389348096125,0.5816446980129845,0.006904355812122802,1.0000000000000002,0.0,0.6153846153846154,1
0.0,0.005409791723018665,0.8432249042972114,0.5759249793520641,0.015979389348096125,0.015979389348096125,0.589251754213391,0.006904355812122802,1.0000000000000002,0.0,0.07692307692307693,1
0.0,0.14741682445225857,0.5796132260710514,0.8378249198515774,0.015979389348096125,0.015979389348096125,0.007262771329267492,0.5965953817895565,1.0000000000000002,0.0,0.9230769230769231,1
0.0,0.14741682445225857,0.5796132260710514,0.8378249198515774,0.015979389348096125,0.015979389348096125,0.007262771329267492,0.6044017318289162,1.0000000000000002,0.0,0.9230769230769231,1
0.0,0.005409791723018665,0.8432249042972114,0.5759249793520641,0.015979389348096125,0.015979389348096125,0.612204078955997,0.006904355812122802,1.0000000000000002,0.0,0.07692307692307693,1
0.0,0.005409791723018665,0.8432249042972114,0.5759249793520641,0.015979389348096125,0.015979389348096125,0.6199095022624433,0.006904355812122802,1.0000000000000002,0.0,0.07692307692307693,1
0.0,0.15066269948606978,0.5796132260710514,0.8378249198515774,0.015979389348096125,0.015979389348096125,0.007262771329267492,0.627295985305694,1.0000000000000002,0.0,0.9230769230769231,1
0.0,0.005409791723018665,0.8432249042972114,0.5759249793520641,0.015979389348096125,0.015979389348096125,0.6353203488753361,0.006904355812122802,1.0000000000000002,0.0,0.07692307692307693,1
0.0,0.005409791723018665,0.8432249042972114,0.5759249793520641,0.015979389348096125,0.015979389348096125,0.6430913502524755,0.006904355812122802,1.0000000000000002,0.0,0.07692307692307693,1
0.0,0.005409791723018665,0.8432249042972114,0.5759249793520641,0.015979389348096125,0.015979389348096125,0.6508295625942684,0.006904355812122802,1.0000000000000002,0.0,0.07692307692307693,1
0.0,0.005409791723018665,0.8432249042972114,0.5759249793520641,0.015979389348096125,0.015979389348096125,0.6586333530067545,0.006904355812122802,1.0000000000000002,0.0,0.07692307692307693,1
0.0,0.005409791723018665,0.8432249042972114,0.5759249793520641,0.015979389348096125,0.015979389348096125,0.6662731982425076,0.006904355812122802,1.0000000000000002,0.0,0.07692307692307693,1
0.0,0.1517446578306735,0.5796132260710514,0.8378249198515774,0.015979389348096125,0.015979389348096125,0.007262771329267492,0.6736092889005509,1.0000000000000002,0.0,0.9230769230769231,1
0.0,0.14714633486610765,0.5796132260710514,0.8378249198515774,0.015979389348096125,0.015979389348096125,0.007262771329267492,0.68115324061926,1.0000000000000002,0.0,0.9230769230769231,1
0.0,0.005409791723018665,0.8432249042972114,0.5759249793520641,0.015979389348096125,0.015979389348096125,0.6889959997376877,0.006904355812122802,1.0000000000000002,0.0,0.07692307692307693,1
0.0,0.1509331890722207,0.5796132260710514,0.8378249198515774,0.015979389348096125,0.015979389348096125,0.007262771329267492,0.6966019417475727,1.0000000000000002,0.0,0.9230769230769231,1
0.0,0.15120367865837164,0.5796132260710514,0.8378249198515774,0.015979389348096125,0.015979389348096125,0.007262771329267492,0.7042114930464445,1.0000000000000002,0.0,0.9230769230769231,1
0.0,0.0032458750338111974,0.8432249042972114,0.5759249793520641,0.015979389348096125,0.015979389348096125,0.7119483244802938,0.006904355812122802,1.0000000000000002,0.0,0.6153846153846154,1
0.0,0.1476873140384095,0.5796132260710514,0.8378249198515774,0.015979389348096125,0.015979389348096125,0.007262771329267492,0.7193977958541065,1.0000000000000002,0.0,0.9230769230769231,1
0.0,0.005409791723018665,0.8432249042972114,0.5759249793520641,0.015979389348096125,0.015979389348096125,0.7271296478457603,0.006904355812122802,1.0000000000000002,0.0,0.07692307692307693,1
0.0,0.005409791723018665,0.8432249042972114,0.5759249793520641,0.015979389348096125,0.015979389348096125,0.7348350711522067,0.006904355812122802,1.0000000000000002,0.0,0.07692307692307693,1
0.0,0.0032458750338111974,0.8432249042972114,0.5759249793520641,0.015979389348096125,0.015979389348096125,0.7423437602465734,0.006904355812122802,1.0000000000000002,0.0,0.6153846153846154,1
0.0,0.005409791723018665,0.8432249042972114,0.5759249793520641,0.015979389348096125,0.015979389348096125,0.7497868712702472,0.006904355812122802,1.0000000000000002,0.0,0.07692307692307693,1
0.0,0.005409791723018665,0.8432249042972114,0.5759249793520641,0.015979389348096125,0.015979389348096125,0.7575250836120401,0.006904355812122802,1.0000000000000002,0.0,0.07692307692307693,1
0.0,0.0032458750338111974,0.5796132260710514,0.8378249198515774,0.015979389348096125,0.015979389348096125,0.007262771329267492,0.7647927053266859,1.0000000000000002,0.0,0.6153846153846154,1
0.0,0.005409791723018665,0.8432249042972114,0.5759249793520641,0.015979389348096125,0.015979389348096125,0.7728703521542396,0.006904355812122802,1.0000000000000002,0.0,0.07692307692307693,1
0.0,0.005409791723018665,0.8432249042972114,0.5759249793520641,0.015979389348096125,0.015979389348096125,0.7806741425667256,0.006904355812122802,1.0000000000000002,0.0,0.07692307692307693,1
0.0,0.0032458750338111974,0.8432249042972114,0.5759249793520641,0.015979389348096125,0.015979389348096125,0.7882811987671322,0.006904355812122802,1.0000000000000002,0.0,0.6153846153846154,1
0.0,0.0032458750338111974,0.8432249042972114,0.5759249793520641,0.015979389348096125,0.015979389348096125,0.7960522001442717,0.006904355812122802,1.0000000000000002,0.0,0.6153846153846154,1
0.0,0.005409791723018665,0.8432249042972114,0.5759249793520641,0.015979389348096125,0.015979389348096125,0.8038232015214112,0.006904355812122802,1.0000000000000002,0.0,0.07692307692307693,1
0.0,0.005409791723018665,0.8432249042972114,0.5759249793520641,0.015979389348096125,0.015979389348096125,0.8117581480752836,0.006904355812122802,1.0000000000000002,0.0,0.07692307692307693,1
0.0,0.005409791723018665,0.8432249042972114,0.5759249793520641,0.015979389348096125,0.015979389348096125,0.8192340481343038,0.006904355812122802,1.0000000000000002,0.0,0.07692307692307693,1
0.0,0.15066269948606978,0.5796132260710514,0.8378249198515774,0.015979389348096125,0.015979389348096125,0.007262771329267492,0.826784308580425,1.0000000000000002,0.0,0.9230769230769231,1
0.0,0.005409791723018665,0.8432249042972114,0.5759249793520641,0.015979389348096125,0.015979389348096125,0.8346448947471965,0.006904355812122802,1.0000000000000002,0.0,0.07692307692307693,1
0.0,0.0032458750338111974,0.5796132260710514,0.8378249198515774,0.015979389348096125,0.015979389348096125,0.007262771329267492,0.8418394122277617,1.0000000000000002,0.0,0.6153846153846154,1
0.0,0.14795780362456043,0.5796132260710514,0.8378249198515774,0.015979389348096125,0.015979389348096125,0.007262771329267492,0.8496785620572027,1.0000000000000002,0.0,0.9230769230769231,1
0.0,0.005409791723018665,0.8432249042972114,0.5759249793520641,0.015979389348096125,0.015979389348096125,0.8574332743130697,0.006904355812122802,1.0000000000000002,0.0,0.07692307692307693,1
0.0,0.1476873140384095,0.5796132260710514,0.8378249198515774,0.015979389348096125,0.015979389348096125,0.007262771329267492,0.8648976646549461,1.0000000000000002,0.0,0.9230769230769231,1
0.0,0.005409791723018665,0.8432249042972114,0.5759249793520641,0.015979389348096125,0.015979389348096125,0.8725162305724965,0.006904355812122802,1.0000000000000002,0.0,0.07692307692307693,1
0.0,0.005409791723018665,0.8432249042972114,0.5759249793520641,0.015979389348096125,0.015979389348096125,0.8800249196668634,0.006904355812122802,1.0000000000000002,0.0,0.07692307692307693,1
0.0,0.1476873140384095,0.5796132260710514,0.8378249198515774,0.015979389348096125,0.015979389348096125,0.007262771329267492,0.8874311204408291,1.0000000000000002,0.0,0.9230769230769231,1
0.0,0.005409791723018665,0.8432249042972114,0.5759249793520641,0.015979389348096125,0.015979389348096125,0.8952718211030231,0.006904355812122802,1.0000000000000002,0.0,0.07692307692307693,1
0.0,0.0032458750338111974,0.5796132260710514,0.8378249198515774,0.015979389348096125,0.015979389348096125,0.007262771329267492,0.9027486224088165,1.0000000000000002,0.0,0.6153846153846154,1
0.0,0.005409791723018665,0.8432249042972114,0.5759249793520641,0.015979389348096125,0.015979389348096125,0.9104859335038362,0.006904355812122802,1.0000000000000002,0.0,0.07692307692307693,1
0.0,0.1476873140384095,0.5796132260710514,0.8378249198515774,0.015979389348096125,0.015979389348096125,0.007262771329267492,0.9180005247966412,1.0000000000000002,0.0,0.9230769230769231,1
0.0,0.005409791723018665,0.8432249042972114,0.5759249793520641,0.015979389348096125,0.015979389348096125,0.925732834939996,0.006904355812122802,1.0000000000000002,0.0,0.07692307692307693,1
0.0,0.15120367865837164,0.5796132260710514,0.8378249198515774,0.015979389348096125,0.015979389348096125,0.007262771329267492,0.9332852269745473,1.0000000000000002,0.0,0.9230769230769231,1
0.0,0.005409791723018665,0.8432249042972114,0.5759249793520641,0.015979389348096125,0.015979389348096125,0.9410781034821954,0.006904355812122802,1.0000000000000002,0.0,0.07692307692307693,1
0.0,0.005409791723018665,0.8432249042972114,0.5759249793520641,0.015979389348096125,0.015979389348096125,0.9487179487179487,0.006904355812122802,1.0000000000000002,0.0,0.07692307692307693,1
0.0,0.005409791723018665,0.8432249042972114,0.5759249793520641,0.015979389348096125,0.015979389348096125,0.9562266378123155,0.006904355812122802,1.0000000000000002,0.0,0.07692307692307693,1
0.0,0.0032458750338111974,0.5796132260710514,0.8378249198515774,0.015979389348096125,0.015979389348096125,0.007262771329267492,0.9634938336394646,1.0000000000000002,0.0,0.6153846153846154,1
0.0,0.005409791723018665,0.8432249042972114,0.5759249793520641,0.015979389348096125,0.015979389348096125,0.971407961177782,0.006904355812122802,1.0000000000000002,0.0,0.07692307692307693,1
0.0,0.005409791723018665,0.8432249042972114,0.5759249793520641,0.015979389348096125,0.015979389348096125,0.9789822283428421,0.006904355812122802,1.0000000000000002,0.0,0.07692307692307693,1
0.0,0.005409791723018665,0.8432249042972114,0.5759249793520641,0.015979389348096125,0.015979389348096125,0.986490917437209,0.006904355812122802,1.0000000000000002,0.0,0.07692307692307693,1
0.0,0.0032458750338111974,0.8432249042972114,0.5759249793520641,0.015979389348096125,0.015979389348096125,0.9940323955669224,0.006904355812122802,1.0000000000000002,0.0,0.6153846153846154,1
0.0,0.005409791723018665,0.8432249042972114,0.5759249793520641,0.015979389348096125,0.015979389348096125,0.5385271165322316,0.006904355812122802,1.0000000000000002,0.0,0.07692307692307693,1
0.0,0.005409791723018665,0.8432249042972114,0.5759249793520641,0.015979389348096125,0.015979389348096125,0.5464292740507574,0.006904355812122802,1.0000000000000002,0.0,0.07692307692307693,1
0.0,0.0032458750338111974,0.8432249042972114,0.5759249793520641,0.015979389348096125,0.015979389348096125,0.5541019083218571,0.006904355812122802,1.0000000000000002,0.0,0.6153846153846154,1
0.0,0.1476873140384095,0.5796132260710514,0.8378249198515774,0.015979389348096125,0.015979389348096125,0.007262771329267492,0.5614668066124376,1.0000000000000002,0.0,0.9230769230769231,1
0.0,0.14714633486610765,0.5796132260710514,0.8378249198515774,0.015979389348096125,0.015979389348096125,0.007262771329267492,0.569141957491472,1.0000000000000002,0.0,0.9230769230769231,1
0.0,0.005409791723018665,0.8432249042972114,0.5759249793520641,0.015979389348096125,0.015979389348096125,0.5770542330644632,0.006904355812122802,1.0000000000000002,0.0,0.07692307692307693,1
0.0,0.14714633486610765,0.5796132260710514,0.8378249198515774,0.015979389348096125,0.015979389348096125,0.007262771329267492,0.5842954605090527,1.0000000000000002,0.0,0.9230769230769231,1
0.0,0.0032458750338111974,0.5796132260710514,0.8378249198515774,0.015979389348096125,0.015979389348096125,0.007262771329267492,0.5920362109682498,1.0000000000000002,0.0,0.6153846153846154,1
0.0,0.14795780362456043,0.5796132260710514,0.8378249198515774,0.015979389348096125,0.015979389348096125,0.007262771329267492,0.5995145631067961,1.0000000000000002,0.0,0.9230769230769231,1
0.0,0.14822829321071138,0.5796132260710514,0.8378249198515774,0.015979389348096125,0.015979389348096125,0.007262771329267492,0.6073209131461558,1.0000000000000002,0.0,0.9230769230769231,1
0.0,0.0032458750338111974,0.8432249042972114,0.5759249793520641,0.015979389348096125,0.015979389348096125,0.6149583579251098,0.006904355812122802,1.0000000000000002,0.0,0.6153846153846154,1
0.0,0.0032458750338111974,0.8432249042972114,0.5759249793520641,0.015979389348096125,0.015979389348096125,0.6224342579841301,0.006904355812122802,1.0000000000000002,0.0,0.6153846153846154,1
0.0,0.005409791723018665,0.8432249042972114,0.5759249793520641,0.015979389348096125,0.015979389348096125,0.6303036264673093,0.006904355812122802,1.0000000000000002,0.0,0.07692307692307693,1
0.0,0.0032458750338111974,0.8432249042972114,0.5759249793520641,0.015979389348096125,0.015979389348096125,0.6377139484556364,0.006904355812122802,1.0000000000000002,0.0,0.6153846153846154,1
0.0,0.1493102515553151,0.5796132260710514,0.8378249198515774,0.015979389348096125,0.015979389348096125,0.007262771329267492,0.6451390711099448,1.0000000000000002,0.0,0.9230769230769231,1
0.0,0.005409791723018665,0.8432249042972114,0.5759249793520641,0.015979389348096125,0.015979389348096125,0.6527641156797167,0.006904355812122802,1.0000000000000002,0.0,0.07692307692307693,1
0.0,0.005409791723018665,0.8432249042972114,0.5759249793520641,0.015979389348096125,0.015979389348096125,0.660469538986163,0.006904355812122802,1.0000000000000002,0.0,0.07692307692307693,1
0.0,0.005409791723018665,0.8432249042972114,0.5759249793520641,0.015979389348096125,0.015979389348096125,0.6680765951865696,0.006904355812122802,1.0000000000000002,0.0,0.07692307692307693,1
0.0,0.1476873140384095,0.5796132260710514,0.8378249198515774,0.015979389348096125,0.015979389348096125,0.007262771329267492,0.6752164786145368,1.0000000000000002,0.0,0.9230769230769231,1
0.0,0.005409791723018665,0.5796132260710514,0.8378249198515774,0.015979389348096125,0.015979389348096125,0.007262771329267492,0.6828916294935712,1.0000000000000002,0.0,0.6923076923076923,1
0.0,0.005409791723018665,0.8432249042972114,0.5759249793520641,0.015979389348096125,0.015979389348096125,0.6906026624696701,0.006904355812122802,1.0000000000000002,0.0,0.07692307692307693,1
0.0,0.14741682445225857,0.5796132260710514,0.8378249198515774,0.015979389348096125,0.015979389348096125,0.007262771329267492,0.6980451325111519,1.0000000000000002,0.0,0.9230769230769231,1
0.0,0.14795780362456043,0.5796132260710514,0.8378249198515774,0.015979389348096125,0.015979389348096125,0.007262771329267492,0.7054906848596169,1.0000000000000002,0.0,0.9230769230769231,1
0.0,0.0032458750338111974,0.5796132260710514,0.8378249198515774,0.015979389348096125,0.015979389348096125,0.007262771329267492,0.7127722382576751,1.0000000000000002,0.0,0.6153846153846154,1
0.0,0.0032458750338111974,0.5796132260710514,0.8378249198515774,0.015979389348096125,0.015979389348096125,0.007262771329267492,0.7204473891367095,1.0000000000000002,0.0,0.6153846153846154,1
0.0,0.1517446578306735,0.5796132260710514,0.8378249198515774,0.015979389348096125,0.015979389348096125,0.007262771329267492,0.7281881395959066,1.0000000000000002,0.0,0.9230769230769231,1
0.0,0.005409791723018665,0.8432249042972114,0.5759249793520641,0.015979389348096125,0.015979389348096125,0.7360154764246836,0.006904355812122802,1.0000000000000002,0.0,0.07692307692307693,1
0.0,0.005409791723018665,0.8432249042972114,0.5759249793520641,0.015979389348096125,0.015979389348096125,0.7438520558725161,0.006904355812122802,1.0000000000000002,0.0,0.07692307692307693,1
0.0,0.0032458750338111974,0.8432249042972114,0.5759249793520641,0.015979389348096125,0.015979389348096125,0.7511640107548035,0.006904355812122802,1.0000000000000002,0.0,0.6153846153846154,1
0.0,0.0032458750338111974,0.8432249042972114,0.5759249793520641,0.015979389348096125,0.015979389348096125,0.7589678011672896,0.006904355812122802,1.0000000000000002,0.0,0.6153846153846154,1
0.0,0.0032458750338111974,0.8432249042972114,0.5759249793520641,0.015979389348096125,0.015979389348096125,0.7664764902616564,0.006904355812122802,1.0000000000000002,0.0,0.6153846153846154,1
0.0,0.1468758452799567,0.5796132260710514,0.8378249198515774,0.015979389348096125,0.015979389348096125,0.007262771329267492,0.7743374442403568,1.0000000000000002,0.0,0.9230769230769231,1
0.0,0.14849878279686232,0.5796132260710514,0.8378249198515774,0.015979389348096125,0.015979389348096125,0.007262771329267492,0.7817829965888218,1.0000000000000002,0.0,0.9230769230769231,1
0.0,0.005409791723018665,0.8432249042972114,0.5759249793520641,0.015979389348096125,0.015979389348096125,0.7896911272870352,0.006904355812122802,1.0000000000000002,0.0,0.07692307692307693,1
0.0,0.0032458750338111974,0.8432249042972114,0.5759249793520641,0.015979389348096125,0.015979389348096125,0.7974949176995212,0.006904355812122802,1.0000000000000002,0.0,0.6153846153846154,1
0.0,0.005409791723018665,0.8432249042972114,0.5759249793520641,0.015979389348096125,0.015979389348096125,0.8052987081120073,0.006904355812122802,1.0000000000000002,0.0,0.07692307692307693,1
0.0,0.005409791723018665,0.8432249042972114,0.5759249793520641,0.015979389348096125,0.015979389348096125,0.8127746081710275,0.006904355812122802,1.0000000000000002,0.0,0.07692307692307693,1
0.0,0.14633486610765484,0.5796132260710514,0.8378249198515774,0.015979389348096125,0.015979389348096125,0.007262771329267492,0.8202571503542376,1.0000000000000002,0.0,0.9230769230769231,1
0.0,0.005409791723018665,0.8432249042972114,0.5759249793520641,0.015979389348096125,0.015979389348096125,0.8281198767132271,0.006904355812122802,1.0000000000000002,0.0,0.07692307692307693,1
0.0,0.005409791723018665,0.8432249042972114,0.5759249793520641,0.015979389348096125,0.015979389348096125,0.8358253000196734,0.006904355812122802,1.0000000000000002,0.0,0.07692307692307693,1
0.0,0.0032458750338111974,0.8432249042972114,0.5759249793520641,0.015979389348096125,0.015979389348096125,0.8431044658666141,0.006904355812122802,1.0000000000000002,0.0,0.6153846153846154,1
0.0,0.005409791723018665,0.8432249042972114,0.5759249793520641,0.015979389348096125,0.015979389348096125,0.8506459439963275,0.006904355812122802,1.0000000000000002,0.0,0.07692307692307693,1
0.0,0.0032458750338111974,0.8432249042972114,0.5759249793520641,0.015979389348096125,0.015979389348096125,0.858351367302774,0.006904355812122802,1.0000000000000002,0.0,0.6153846153846154,1
0.0,0.005409791723018665,0.8432249042972114,0.5759249793520641,0.015979389348096125,0.015979389348096125,0.8656305331497147,0.006904355812122802,1.0000000000000002,0.0,0.07692307692307693,1
0.0,0.0032458750338111974,0.5796132260710514,0.8378249198515774,0.015979389348096125,0.015979389348096125,0.007262771329267492,0.8727696142744685,1.0000000000000002,0.0,0.6153846153846154,1
0.0,0.14795780362456043,0.5796132260710514,0.8378249198515774,0.015979389348096125,0.015979389348096125,0.007262771329267492,0.8801823668328522,1.0000000000000002,0.0,0.9230769230769231,1
0.0,0.005409791723018665,0.8432249042972114,0.5759249793520641,0.015979389348096125,0.015979389348096125,0.8880254442914289,0.006904355812122802,1.0000000000000002,0.0,0.07692307692307693,1
0.0,0.005409791723018665,0.8432249042972114,0.5759249793520641,0.015979389348096125,0.015979389348096125,0.8955013443504491,0.006904355812122802,1.0000000000000002,0.0,0.07692307692307693,1
0.0,0.005409791723018665,0.8432249042972114,0.5759249793520641,0.015979389348096125,0.015979389348096125,0.9029444553741228,0.006904355812122802,1.0000000000000002,0.0,0.07692307692307693,1
0.0,0.005409791723018665,0.8432249042972114,0.5759249793520641,0.015979389348096125,0.015979389348096125,0.9100596760443307,0.006904355812122802,1.0000000000000002,0.0,0.07692307692307693,1
0.0,0.0032458750338111974,0.8432249042972114,0.5759249793520641,0.015979389348096125,0.015979389348096125,0.9176667322447373,0.006904355812122802,1.0000000000000002,0.0,0.6153846153846154,1
0.0,0.0032458750338111974,0.5796132260710514,0.8378249198515774,0.015979389348096125,0.015979389348096125,0.007262771329267492,0.9244620834426659,1.0000000000000002,0.0,0.6153846153846154,1
0.0,0.0032458750338111974,0.8432249042972114,0.5759249793520641,0.015979389348096125,0.015979389348096125,0.9322250639386188,0.006904355812122802,1.0000000000000002,0.0,0.6153846153846154,1
0.0,0.005409791723018665,0.8432249042972114,0.5759249793520641,0.015979389348096125,0.015979389348096125,0.9393074955734801,0.006904355812122802,1.0000000000000002,0.0,0.07692307692307693,1
0.0,0.14849878279686232,0.5796132260710514,0.8378249198515774,0.015979389348096125,0.015979389348096125,0.007262771329267492,0.9467659406979795,1.0000000000000002,0.0,0.9230769230769231,1
0.0,0.15120367865837164,0.5796132260710514,0.8378249198515774,0.015979389348096125,0.015979389348096125,0.007262771329267492,0.954080293886119,1.0000000000000002,0.0,0.9230769230769231,1
0.0,0.0032458750338111974,0.8432249042972114,0.5759249793520641,0.015979389348096125,0.015979389348096125,0.9609810479375697,0.006904355812122802,1.0000000000000002,0.0,0.6153846153846154,1
0.0,0.005409791723018665,0.5796132260710514,0.8378249198515774,0.015979389348096125,0.015979389348096125,0.007262771329267492,0.9682170034111781,1.0000000000000002,0.0,0.6923076923076923,1
0.0,0.005409791723018665,0.8432249042972114,0.5759249793520641,0.015979389348096125,0.015979389348096125,0.9752442783133319,0.006904355812122802,1.0000000000000002,0.0,0.07692307692307693,1
0.0,0.005409791723018665,0.8432249042972114,0.5759249793520641,0.015979389348096125,0.015979389348096125,0.9824578660895796,0.006904355812122802,1.0000000000000002,0.0,0.07692307692307693,1
0.0,0.005409791723018665,0.8432249042972114,0.5759249793520641,0.015979389348096125,0.015979389348096125,0.9890812512295888,0.006904355812122802,1.0000000000000002,0.0,0.07692307692307693,1
0.0,0.005409791723018665,0.8432249042972114,0.5759249793520641,0.015979389348096125,0.015979389348096125,0.9964915732179158,0.006904355812122802,1.0000000000000002,0.0,0.07692307692307693,1
0.0,0.005409791723018665,0.8432249042972114,0.5759249793520641,0.015979389348096125,0.015979389348096125,0.5401993573349072,0.006904355812122802,1.0000000000000002,0.0,0.07692307692307693,1
0.0,0.005409791723018665,0.8432249042972114,0.5759249793520641,0.015979389348096125,0.015979389348096125,0.5473801560758083,0.006904355812122802,1.0000000000000002,0.0,0.07692307692307693,1
0.0,0.005409791723018665,0.8432249042972114,0.5759249793520641,0.015979389348096125,0.015979389348096125,0.5539379631451242,0.006904355812122802,1.0000000000000002,0.0,0.07692307692307693,1
0.0,0.0032458750338111974,0.5796132260710514,0.8378249198515774,0.015979389348096125,0.015979389348096125,0.007262771329267492,0.5602860141695093,1.0000000000000002,0.0,0.6153846153846154,1
0.0,0.005409791723018665,0.8432249042972114,0.5759249793520641,0.015979389348096125,0.015979389348096125,0.5672175224604892,0.006904355812122802,1.0000000000000002,0.0,0.07692307692307693,1
0.0,0.0032458750338111974,0.8432249042972114,0.5759249793520641,0.015979389348096125,0.015979389348096125,0.5737425404944586,0.006904355812122802,1.0000000000000002,0.0,0.6153846153846154,1
0.0,0.005409791723018665,0.8432249042972114,0.5759249793520641,0.015979389348096125,0.015979389348096125,0.5803331365991212,0.006904355812122802,1.0000000000000002,0.0,0.07692307692307693,1
0.0,0.0032458750338111974,0.8432249042972114,0.5759249793520641,0.015979389348096125,0.015979389348096125,0.5866942094563578,0.006904355812122802,1.0000000000000002,0.0,0.6153846153846154,1
0.0,0.0032458750338111974,0.8432249042972114,0.5759249793520641,0.015979389348096125,0.015979389348096125,0.5934159617024066,0.006904355812122802,1.0000000000000002,0.0,0.6153846153846154,1
0.0,0.14849878279686232,0.5796132260710514,0.8378249198515774,0.015979389348096125,0.015979389348096125,0.007262771329267492,0.5997769614274469,1.0000000000000002,0.0,0.9230769230769231,1
0.0,0.005409791723018665,0.8432249042972114,0.5759249793520641,0.015979389348096125,0.015979389348096125,0.6065643648763853,0.006904355812122802,1.0000000000000002,0.0,0.07692307692307693,1
0.0,0.14795780362456043,0.5796132260710514,0.8378249198515774,0.015979389348096125,0.015979389348096125,0.007262771329267492,0.6128968774599842,1.0000000000000002,0.0,0.9230769230769231,1
0.0,0.005409791723018665,0.8432249042972114,0.5759249793520641,0.015979389348096125,0.015979389348096125,0.6196799790150174,0.006904355812122802,1.0000000000000002,0.0,0.07692307692307693,1
0.0,0.005409791723018665,0.8432249042972114,0.5759249793520641,0.015979389348096125,0.015979389348096125,0.6262377860843333,0.006904355812122802,1.0000000000000002,0.0,0.07692307692307693,1
0.0,0.005409791723018665,0.8432249042972114,0.5759249793520641,0.015979389348096125,0.015979389348096125,0.6327955931536494,0.006904355812122802,1.0000000000000002,0.0,0.07692307692307693,1
0.0,0.005409791723018665,0.8432249042972114,0.5759249793520641,0.015979389348096125,0.015979389348096125,0.6393534002229654,0.006904355812122802,1.0000000000000002,0.0,0.07692307692307693,1
0.0,0.005409791723018665,0.8432249042972114,0.5759249793520641,0.015979389348096125,0.015979389348096125,0.6459112072922815,0.006904355812122802,1.0000000000000002,0.0,0.07692307692307693,1
0.0,0.005409791723018665,0.8432249042972114,0.5759249793520641,0.015979389348096125,0.015979389348096125,0.6524690143615974,0.006904355812122802,1.0000000000000002,0.0,0.07692307692307693,1
0.0,0.0032458750338111974,0.8432249042972114,0.5759249793520641,0.015979389348096125,0.015979389348096125,0.6589940323955669,0.006904355812122802,1.0000000000000002,0.0,0.6153846153846154,1
0.0,0.0032458750338111974,0.8432249042972114,0.5759249793520641,0.015979389348096125,0.015979389348096125,0.66538789428815,0.006904355812122802,1.0000000000000002,0.0,0.6153846153846154,1
0.0,0.005409791723018665,0.8432249042972114,0.5759249793520641,0.015979389348096125,0.015979389348096125,0.6721424355695454,0.006904355812122802,1.0000000000000002,0.0,0.07692307692307693,1
0.0,0.1468758452799567,0.5796132260710514,0.8378249198515774,0.015979389348096125,0.015979389348096125,0.007262771329267492,0.6784964576226712,1.0000000000000002,0.0,0.9230769230769231,1
0.0,0.0032458750338111974,0.5796132260710514,0.8378249198515774,0.015979389348096125,0.015979389348096125,0.007262771329267492,0.6850564156389398,1.0000000000000002,0.0,0.6153846153846154,1
0.0,0.0032458750338111974,0.8432249042972114,0.5759249793520641,0.015979389348096125,0.015979389348096125,0.6917830677421469,0.006904355812122802,1.0000000000000002,0.0,0.6153846153846154,1
0.0,0.005409791723018665,0.8432249042972114,0.5759249793520641,0.015979389348096125,0.015979389348096125,0.6983736638468095,0.006904355812122802,1.0000000000000002,0.0,0.07692307692307693,1
0.0,0.005409791723018665,0.8432249042972114,0.5759249793520641,0.015979389348096125,0.015979389348096125,0.7049314709161256,0.006904355812122802,1.0000000000000002,0.0,0.07692307692307693,1
0.0,0.14714633486610765,0.5796132260710514,0.8378249198515774,0.015979389348096125,0.015979389348096125,0.007262771329267492,0.7112962477040147,1.0000000000000002,0.0,0.9230769230769231,1
0.0,0.0032458750338111974,0.8432249042972114,0.5759249793520641,0.015979389348096125,0.015979389348096125,0.718014296019411,0.006904355812122802,1.0000000000000002,0.0,0.6153846153846154,1
0.0,0.005409791723018665,0.8432249042972114,0.5759249793520641,0.015979389348096125,0.015979389348096125,0.7246048921240736,0.006904355812122802,1.0000000000000002,0.0,0.07692307692307693,1
0.0,0.14876927238301324,0.5796132260710514,0.8378249198515774,0.015979389348096125,0.015979389348096125,0.007262771329267492,0.7309761217528207,1.0000000000000002,0.0,0.9230769230769231,1
0.0,0.005409791723018665,0.8432249042972114,0.5759249793520641,0.015979389348096125,0.015979389348096125,0.7377205062627057,0.006904355812122802,1.0000000000000002,0.0,0.07692307692307693,1
0.0,0.14741682445225857,0.5796132260710514,0.8378249198515774,0.015979389348096125,0.015979389348096125,0.007262771329267492,0.744096037785358,1.0000000000000002,0.0,0.9230769230769231,1
0.0,0.005409791723018665,0.8432249042972114,0.5759249793520641,0.015979389348096125,0.015979389348096125,0.7508033313659912,0.006904355812122802,1.0000000000000002,0.0,0.07692307692307693,1
0.0,0.005409791723018665,0.8432249042972114,0.5759249793520641,0.015979389348096125,0.015979389348096125,0.7573939274706538,0.006904355812122802,1.0000000000000002,0.0,0.07692307692307693,1
0.0,0.005409791723018665,0.5796132260710514,0.8378249198515774,0.015979389348096125,0.015979389348096125,0.007262771329267492,0.7638087116242456,1.0000000000000002,0.0,0.6923076923076923,1
0.0,0.005409791723018665,0.8432249042972114,0.5759249793520641,0.015979389348096125,0.015979389348096125,0.7705095416092858,0.006904355812122802,1.0000000000000002,0.0,0.07692307692307693,1
0.0,0.005409791723018665,0.8432249042972114,0.5759249793520641,0.015979389348096125,0.015979389348096125,0.7770673486786018,0.006904355812122802,1.0000000000000002,0.0,0.07692307692307693,1
0.0,0.005409791723018665,0.8432249042972114,0.5759249793520641,0.015979389348096125,0.015979389348096125,0.7835923667125713,0.006904355812122802,1.0000000000000002,0.0,0.07692307692307693,1
0.0,0.005409791723018665,0.8432249042972114,0.5759249793520641,0.015979389348096125,0.015979389348096125,0.7901829628172339,0.006904355812122802,1.0000000000000002,0.0,0.07692307692307693,1
0.0,0.0032458750338111974,0.8432249042972114,0.5759249793520641,0.015979389348096125,0.015979389348096125,0.7967079808512033,0.006904355812122802,1.0000000000000002,0.0,0.6153846153846154,1
0.0,0.0032458750338111974,0.8432249042972114,0.5759249793520641,0.015979389348096125,0.015979389348096125,0.8032657879205193,0.006904355812122802,1.0000000000000002,0.0,0.6153846153846154,1
0.0,0.0032458750338111974,0.8432249042972114,0.5759249793520641,0.015979389348096125,0.015979389348096125,0.8098235949898354,0.006904355812122802,1.0000000000000002,0.0,0.6153846153846154,1
0.0,0.005409791723018665,0.8432249042972114,0.5759249793520641,0.015979389348096125,0.015979389348096125,0.816414191094498,0.006904355812122802,1.0000000000000002,0.0,0.07692307692307693,1
0.0,0.0032458750338111974,0.5796132260710514,0.8378249198515774,0.015979389348096125,0.015979389348096125,0.007262771329267492,0.822684334820257,1.0000000000000002,0.0,0.6153846153846154,1
0.0,0.14741682445225857,0.5796132260710514,0.8378249198515774,0.015979389348096125,0.015979389348096125,0.007262771329267492,0.8293754919968511,1.0000000000000002,0.0,0.9230769230769231,1
0.0,0.0032458750338111974,0.5796132260710514,0.8378249198515774,0.015979389348096125,0.015979389348096125,0.007262771329267492,0.8359354500131199,1.0000000000000002,0.0,0.6153846153846154,1
0.0,0.0032458750338111974,0.5796132260710514,0.8378249198515774,0.015979389348096125,0.015979389348096125,0.007262771329267492,0.8423970086591445,1.0000000000000002,0.0,0.6153846153846154,1
0.0,0.005409791723018665,0.8432249042972114,0.5759249793520641,0.015979389348096125,0.015979389348096125,0.849203226441078,0.006904355812122802,1.0000000000000002,0.0,0.07692307692307693,1
0.0,0.005409791723018665,0.8432249042972114,0.5759249793520641,0.015979389348096125,0.015979389348096125,0.8557610335103941,0.006904355812122802,1.0000000000000002,0.0,0.07692307692307693,1
0.0,0.1476873140384095,0.5796132260710514,0.8378249198515774,0.015979389348096125,0.015979389348096125,0.007262771329267492,0.8621752820781946,1.0000000000000002,0.0,0.9230769230769231,1
0.0,0.005409791723018665,0.8432249042972114,0.5759249793520641,0.015979389348096125,0.015979389348096125,0.8688766476490261,0.006904355812122802,1.0000000000000002,0.0,0.07692307692307693,1
0.0,0.0032458750338111974,0.5796132260710514,0.8378249198515774,0.015979389348096125,0.015979389348096125,0.007262771329267492,0.8751639989504066,1.0000000000000002,0.0,0.6153846153846154,1
0.0,0.005409791723018665,0.5796132260710514,0.8378249198515774,0.015979389348096125,0.015979389348096125,0.007262771329267492,0.881887955917082,1.0000000000000002,0.0,0.6923076923076923,1
0.0,0.14822829321071138,0.5796132260710514,0.8378249198515774,0.015979389348096125,0.015979389348096125,0.007262771329267492,0.8884151141432693,1.0000000000000002,0.0,0.9230769230769231,1
0.0,0.005409791723018665,0.8432249042972114,0.5759249793520641,0.015979389348096125,0.015979389348096125,0.8951078759262902,0.006904355812122802,1.0000000000000002,0.0,0.07692307692307693,1
0.0,0.005409791723018665,0.8432249042972114,0.5759249793520641,0.015979389348096125,0.015979389348096125,0.9016656829956062,0.006904355812122802,1.0000000000000002,0.0,0.07692307692307693,1
0.0,0.0032458750338111974,0.8432249042972114,0.5759249793520641,0.015979389348096125,0.015979389348096125,0.9080595448881893,0.006904355812122802,1.0000000000000002,0.0,0.6153846153846154,1
0.0,0.0032458750338111974,0.5796132260710514,0.8378249198515774,0.015979389348096125,0.015979389348096125,0.007262771329267492,0.9145237470480188,1.0000000000000002,0.0,0.6153846153846154,1
0.0,0.005409791723018665,0.8432249042972114,0.5759249793520641,0.015979389348096125,0.015979389348096125,0.9213391042035542,0.006904355812122802,1.0000000000000002,0.0,0.07692307692307693,1
0.0,0.0032458750338111974,0.5796132260710514,0.8378249198515774,0.015979389348096125,0.015979389348096125,0.007262771329267492,0.9277420624508003,1.0000000000000002,0.0,0.6153846153846154,1
0.0,0.005409791723018665,0.8432249042972114,0.5759249793520641,0.015979389348096125,0.015979389348096125,0.9344875073775329,0.006904355812122802,1.0000000000000002,0.0,0.07692307692307693,1
0.0,0.005409791723018665,0.8432249042972114,0.5759249793520641,0.015979389348096125,0.015979389348096125,0.9410781034821954,0.006904355812122802,1.0000000000000002,0.0,0.07692307692307693,1
0.0,0.0032458750338111974,0.8432249042972114,0.5759249793520641,0.015979389348096125,0.015979389348096125,0.9476031215161649,0.006904355812122802,1.0000000000000002,0.0,0.6153846153846154,1
0.0,0.005409791723018665,0.8432249042972114,0.5759249793520641,0.015979389348096125,0.015979389348096125,0.9541937176208275,0.006904355812122802,1.0000000000000002,0.0,0.07692307692307693,1
0.0,0.005409791723018665,0.8432249042972114,0.5759249793520641,0.015979389348096125,0.015979389348096125,0.9607515246901436,0.006904355812122802,1.0000000000000002,0.0,0.07692307692307693,1
0.0,0.0032458750338111974,0.5796132260710514,0.8378249198515774,0.015979389348096125,0.015979389348096125,0.007262771329267492,0.9670690107583311,1.0000000000000002,0.0,0.6153846153846154,1
0.0,0.0032458750338111974,0.8432249042972114,0.5759249793520641,0.015979389348096125,0.015979389348096125,0.9736704046166961,0.006904355812122802,1.0000000000000002,0.0,0.6153846153846154,1
0.0,0.0032458750338111974,0.5796132260710514,0.8378249198515774,0.015979389348096125,0.015979389348096125,0.007262771329267492,0.9802873261611125,1.0000000000000002,0.0,0.6153846153846154,1
0.0,0.005409791723018665,0.8432249042972114,0.5759249793520641,0.015979389348096125,0.015979389348096125,0.986949963932061,0.006904355812122802,1.0000000000000002,0.0,0.07692307692307693,1
0.0,0.005409791723018665,0.8432249042972114,0.5759249793520641,0.015979389348096125,0.015979389348096125,0.9935405600367236,0.006904355812122802,1.0000000000000002,0.0,0.07692307692307693,1
0.0,0.14795780362456043,0.5796132260710514,0.8378249198515774,0.015979389348096125,0.015979389348096125,0.007262771329267492,1.0,1.0000000000000002,0.0,0.9230769230769231,1
0.0,0.0032458750338111974,0.8432249042972114,0.5759249793520641,0.015979389348096125,0.015979389348096125,0.5437733621876844,0.006904355812122802,1.0000000000000002,0.0,0.6153846153846154,1
0.0,0.005409791723018665,0.8432249042972114,0.5759249793520641,0.015979389348096125,0.015979389348096125,0.550363958292347,0.006904355812122802,1.0000000000000002,0.0,0.07692307692307693,1
0.0,0.14822829321071138,0.5796132260710514,0.8378249198515774,0.015979389348096125,0.015979389348096125,0.007262771329267492,0.5566780372605614,1.0000000000000002,0.0,0.9230769230769231,1
0.0,0.0032458750338111974,0.8432249042972114,0.5759249793520641,0.015979389348096125,0.015979389348096125,0.5634467833956325,0.006904355812122802,1.0000000000000002,0.0,0.6153846153846154,1
0.0,0.1476873140384095,0.5796132260710514,0.8378249198515774,0.015979389348096125,0.015979389348096125,0.007262771329267492,0.5697979532930989,1.0000000000000002,0.0,0.9230769230769231,1
0.0,0.1476873140384095,0.5796132260710514,0.8378249198515774,0.015979389348096125,0.015979389348096125,0.007262771329267492,0.5763579113093675,1.0000000000000002,0.0,0.9230769230769231,1
0.0,0.0032458750338111974,0.5796132260710514,0.8378249198515774,0.015979389348096125,0.015979389348096125,0.007262771329267492,0.5827866701653108,1.0000000000000002,0.0,0.6153846153846154,1
0.0,0.005409791723018665,0.8432249042972114,0.5759249793520641,0.015979389348096125,0.015979389348096125,0.5897108007082431,0.006904355812122802,1.0000000000000002,0.0,0.07692307692307693,1
0.0,0.0032458750338111974,0.8432249042972114,0.5759249793520641,0.015979389348096125,0.015979389348096125,0.5962358187422125,0.006904355812122802,1.0000000000000002,0.0,0.6153846153846154,1
0.0,0.005409791723018665,0.8432249042972114,0.5759249793520641,0.015979389348096125,0.015979389348096125,0.6027936258115286,0.006904355812122802,1.0000000000000002,0.0,0.07692307692307693,1
0.0,0.005409791723018665,0.8432249042972114,0.5759249793520641,0.015979389348096125,0.015979389348096125,0.6093842219161912,0.006904355812122802,1.0000000000000002,0.0,0.07692307692307693,1
0.0,0.005409791723018665,0.8432249042972114,0.5759249793520641,0.015979389348096125,0.015979389348096125,0.6159420289855072,0.006904355812122802,1.0000000000000002,0.0,0.07692307692307693,1
0.0,0.0032458750338111974,0.8432249042972114,0.5759249793520641,0.015979389348096125,0.015979389348096125,0.6224998360548232,0.006904355812122802,1.0000000000000002,0.0,0.6153846153846154,1
0.0,0.005409791723018665,0.8432249042972114,0.5759249793520641,0.015979389348096125,0.015979389348096125,0.6290904321594858,0.006904355812122802,1.0000000000000002,0.0,0.07692307692307693,1
0.0,0.005409791723018665,0.8432249042972114,0.5759249793520641,0.015979389348096125,0.015979389348096125,0.6356482392288019,0.006904355812122802,1.0000000000000002,0.0,0.07692307692307693,1
0.0,0.005409791723018665,0.8432249042972114,0.5759249793520641,0.015979389348096125,0.015979389348096125,0.6421732572627713,0.006904355812122802,1.0000000000000002,0.0,0.07692307692307693,1
0.0,0.005409791723018665,0.8432249042972114,0.5759249793520641,0.015979389348096125,0.015979389348096125,0.6487638533674339,0.006904355812122802,1.0000000000000002,0.0,0.07692307692307693,1
0.0,0.0032458750338111974,0.8432249042972114,0.5759249793520641,0.015979389348096125,0.015979389348096125,0.6552888714014033,0.006904355812122802,1.0000000000000002,0.0,0.6153846153846154,1
0.0,0.005409791723018665,0.8432249042972114,0.5759249793520641,0.015979389348096125,0.015979389348096125,0.661879467506066,0.006904355812122802,1.0000000000000002,0.0,0.07692307692307693,1
0.0,0.005409791723018665,0.8432249042972114,0.5759249793520641,0.015979389348096125,0.015979389348096125,0.6684372745753819,0.006904355812122802,1.0000000000000002,0.0,0.07692307692307693,1
0.0,0.005409791723018665,0.8432249042972114,0.5759249793520641,0.015979389348096125,0.015979389348096125,0.674995081644698,0.006904355812122802,1.0000000000000002,0.0,0.07692307692307693,1
0.0,0.0032458750338111974,0.8432249042972114,0.5759249793520641,0.015979389348096125,0.015979389348096125,0.6813561545019345,0.006904355812122802,1.0000000000000002,0.0,0.6153846153846154,1
0.0,0.0032458750338111974,0.5796132260710514,0.8378249198515774,0.015979389348096125,0.015979389348096125,0.007262771329267492,0.6877787982156913,1.0000000000000002,0.0,0.6153846153846154,1
0.0,0.17960508520421964,0.8432249042972114,0.5759249793520641,0.015979389348096125,0.015979389348096125,0.6946029247819528,0.006904355812122802,1.0000000000000002,0.0,0.9230769230769231,1
0.0,0.005409791723018665,0.8432249042972114,0.5759249793520641,0.015979389348096125,0.015979389348096125,0.701226309921962,0.006904355812122802,1.0000000000000002,0.0,0.07692307692307693,1
0.0,0.005409791723018665,0.8432249042972114,0.5759249793520641,0.015979389348096125,0.015979389348096125,0.7077841169912781,0.006904355812122802,1.0000000000000002,0.0,0.07692307692307693,1
0.0,0.1468758452799567,0.5796132260710514,0.8378249198515774,0.015979389348096125,0.015979389348096125,0.007262771329267492,0.7141498294410915,1.0000000000000002,0.0,0.9230769230769231,1
0.0,0.005409791723018665,0.8432249042972114,0.5759249793520641,0.015979389348096125,0.015979389348096125,0.7208997311299101,0.006904355812122802,1.0000000000000002,0.0,0.07692307692307693,1
0.0,0.0032458750338111974,0.8432249042972114,0.5759249793520641,0.015979389348096125,0.015979389348096125,0.7272608039871467,0.006904355812122802,1.0000000000000002,0.0,0.6153846153846154,1
0.0,0.0032458750338111974,0.5796132260710514,0.8378249198515774,0.015979389348096125,0.015979389348096125,0.007262771329267492,0.7336985043295722,1.0000000000000002,0.0,0.6153846153846154,1
0.0,0.005409791723018665,0.8432249042972114,0.5759249793520641,0.015979389348096125,0.015979389348096125,0.7405731523378581,0.006904355812122802,1.0000000000000002,0.0,0.07692307692307693,1
0.0,0.005409791723018665,0.8432249042972114,0.5759249793520641,0.015979389348096125,0.015979389348096125,0.7471309594071742,0.006904355812122802,1.0000000000000002,0.0,0.07692307692307693,1
0.0,0.005409791723018665,0.8432249042972114,0.5759249793520641,0.015979389348096125,0.015979389348096125,0.7536887664764902,0.006904355812122802,1.0000000000000002,0.0,0.07692307692307693,1
0.0,0.0032458750338111974,0.8432249042972114,0.5759249793520641,0.015979389348096125,0.015979389348096125,0.7602793625811528,0.006904355812122802,1.0000000000000002,0.0,0.6153846153846154,1
0.0,0.0032458750338111974,0.5796132260710514,0.8378249198515774,0.015979389348096125,0.015979389348096125,0.007262771329267492,0.7666294935712411,1.0000000000000002,0.0,0.6153846153846154,1
0.0,0.005409791723018665,0.8432249042972114,0.5759249793520641,0.015979389348096125,0.015979389348096125,0.7733949767197849,0.006904355812122802,1.0000000000000002,0.0,0.07692307692307693,1
0.0,0.005409791723018665,0.8432249042972114,0.5759249793520641,0.015979389348096125,0.015979389348096125,0.7799855728244475,0.006904355812122802,1.0000000000000002,0.0,0.07692307692307693,1
0.0,0.005409791723018665,0.8432249042972114,0.5759249793520641,0.015979389348096125,0.015979389348096125,0.7865105908584169,0.006904355812122802,1.0000000000000002,0.0,0.07692307692307693,1
0.0,0.005409791723018665,0.8432249042972114,0.5759249793520641,0.015979389348096125,0.015979389348096125,0.7931011869630795,0.006904355812122802,1.0000000000000002,0.0,0.07692307692307693,1
0.0,0.005409791723018665,0.8432249042972114,0.5759249793520641,0.015979389348096125,0.015979389348096125,0.7996589940323955,0.006904355812122802,1.0000000000000002,0.0,0.07692307692307693,1
0.0,0.0032458750338111974,0.5796132260710514,0.8378249198515774,0.015979389348096125,0.015979389348096125,0.007262771329267492,0.8059564418787719,1.0000000000000002,0.0,0.6153846153846154,1
0.0,0.005409791723018665,0.8432249042972114,0.5759249793520641,0.015979389348096125,0.015979389348096125,0.8127746081710275,0.006904355812122802,1.0000000000000002,0.0,0.07692307692307693,1
0.0,0.005409791723018665,0.8432249042972114,0.5759249793520641,0.015979389348096125,0.015979389348096125,0.8193324152403436,0.006904355812122802,1.0000000000000002,0.0,0.07692307692307693,1
0.0,0.005409791723018665,0.8432249042972114,0.5759249793520641,0.015979389348096125,0.015979389348096125,0.8258902223096596,0.006904355812122802,1.0000000000000002,0.0,0.07692307692307693,1
0.0,0.005409791723018665,0.8432249042972114,0.5759249793520641,0.015979389348096125,0.015979389348096125,0.8324480293789757,0.006904355812122802,1.0000000000000002,0.0,0.07692307692307693,1
0.0,0.005409791723018665,0.8432249042972114,0.5759249793520641,0.015979389348096125,0.015979389348096125,0.8390058364482916,0.006904355812122802,1.0000000000000002,0.0,0.07692307692307693,1
0.0,0.0032458750338111974,0.8432249042972114,0.5759249793520641,0.015979389348096125,0.015979389348096125,0.8455964325529542,0.006904355812122802,1.0000000000000002,0.0,0.6153846153846154,1
0.0,0.0032458750338111974,0.5796132260710514,0.8378249198515774,0.015979389348096125,0.015979389348096125,0.007262771329267492,0.8519417475728155,1.0000000000000002,0.0,0.6153846153846154,1
0.0,0.005409791723018665,0.8432249042972114,0.5759249793520641,0.015979389348096125,0.015979389348096125,0.8587448357269328,0.006904355812122802,1.0000000000000002,0.0,0.07692307692307693,1
0.0,0.005409791723018665,0.8432249042972114,0.5759249793520641,0.015979389348096125,0.015979389348096125,0.8653026427962489,0.006904355812122802,1.0000000000000002,0.0,0.07692307692307693,1
0.0,0.005409791723018665,0.8432249042972114,0.5759249793520641,0.015979389348096125,0.015979389348096125,0.8718604498655649,0.006904355812122802,1.0000000000000002,0.0,0.07692307692307693,1
0.0,0.005409791723018665,0.8432249042972114,0.5759249793520641,0.015979389348096125,0.015979389348096125,0.878418256934881,0.006904355812122802,1.0000000000000002,0.0,0.07692307692307693,1
0.0,0.0032458750338111974,0.5796132260710514,0.8378249198515774,0.015979389348096125,0.015979389348096125,0.007262771329267492,0.884741537654159,1.0000000000000002,0.0,0.6153846153846154,1
0.0,0.0032458750338111974,0.5796132260710514,0.8378249198515774,0.015979389348096125,0.015979389348096125,0.007262771329267492,0.8913014956704276,1.0000000000000002,0.0,0.6153846153846154,1
0.0,0.005409791723018665,0.8432249042972114,0.5759249793520641,0.015979389348096125,0.015979389348096125,0.898091678142829,0.006904355812122802,1.0000000000000002,0.0,0.07692307692307693,1
0.0,0.005409791723018665,0.8432249042972114,0.5759249793520641,0.015979389348096125,0.015979389348096125,0.9046494852121449,0.006904355812122802,1.0000000000000002,0.0,0.07692307692307693,1
0.0,0.005409791723018665,0.8432249042972114,0.5759249793520641,0.015979389348096125,0.015979389348096125,0.911207292281461,0.006904355812122802,1.0000000000000002,0.0,0.07692307692307693,1
0.0,0.0032458750338111974,0.5796132260710514,0.8378249198515774,0.015979389348096125,0.015979389348096125,0.007262771329267492,0.917508527945421,1.0000000000000002,0.0,0.6153846153846154,1
0.0,0.005409791723018665,0.8432249042972114,0.5759249793520641,0.015979389348096125,0.015979389348096125,0.9242901173847465,0.006904355812122802,1.0000000000000002,0.0,0.07692307692307693,1
0.0,0.0032458750338111974,0.8432249042972114,0.5759249793520641,0.015979389348096125,0.015979389348096125,0.9306839792773296,0.006904355812122802,1.0000000000000002,0.0,0.6153846153846154,1
0.0,0.005409791723018665,0.8432249042972114,0.5759249793520641,0.015979389348096125,0.015979389348096125,0.9374385205587251,0.006904355812122802,1.0000000000000002,0.0,0.07692307692307693,1
0.0,0.005409791723018665,0.8432249042972114,0.5759249793520641,0.015979389348096125,0.015979389348096125,0.9439963276280411,0.006904355812122802,1.0000000000000002,0.0,0.07692307692307693,1
0.0,0.0032458750338111974,0.5796132260710514,0.8378249198515774,0.015979389348096125,0.015979389348096125,0.007262771329267492,0.9503411178168459,1.0000000000000002,0.0,0.6153846153846154,1
0.0,0.005409791723018665,0.8432249042972114,0.5759249793520641,0.015979389348096125,0.015979389348096125,0.9571119417666731,0.006904355812122802,1.0000000000000002,0.0,0.07692307692307693,1
0.0,0.0032458750338111974,0.5796132260710514,0.8378249198515774,0.015979389348096125,0.015979389348096125,0.007262771329267492,0.9635266334295459,1.0000000000000002,0.0,0.6153846153846154,1
0.0,0.005409791723018665,0.8432249042972114,0.5759249793520641,0.015979389348096125,0.015979389348096125,0.9702275559053052,0.006904355812122802,1.0000000000000002,0.0,0.07692307692307693,1
0.0,0.0032458750338111974,0.8432249042972114,0.5759249793520641,0.015979389348096125,0.015979389348096125,0.9765886287625417,0.006904355812122802,1.0000000000000002,0.0,0.6153846153846154,1
0.0,0.005409791723018665,0.8432249042972114,0.5759249793520641,0.015979389348096125,0.015979389348096125,0.9833103810085907,0.006904355812122802,1.0000000000000002,0.0,0.07692307692307693,1
0.0,0.005409791723018665,0.8432249042972114,0.5759249793520641,0.015979389348096125,0.015979389348096125,0.9899009771132533,0.006904355812122802,1.0000000000000002,0.0,0.07692307692307693,1
0.0,0.0032458750338111974,0.8432249042972114,0.5759249793520641,0.015979389348096125,0.015979389348096125,0.9962620499704898,0.006904355812122802,1.0000000000000002,0.0,0.6153846153846154,1
0.0,0.0032458750338111974,0.8432249042972114,0.5759249793520641,0.015979389348096125,0.015979389348096125,0.5399698340874811,0.006904355812122802,1.0000000000000002,0.0,0.6153846153846154,1
0.0,0.0032458750338111974,0.5796132260710514,0.8378249198515774,0.015979389348096125,0.015979389348096125,0.007262771329267492,0.5463789031750196,1.0000000000000002,0.0,0.6153846153846154,1
0.0,0.0032458750338111974,0.5796132260710514,0.8378249198515774,0.015979389348096125,0.015979389348096125,0.007262771329267492,0.5529388611912883,1.0000000000000002,0.0,0.6153846153846154,1
0.0,0.0032458750338111974,0.8432249042972114,0.5759249793520641,0.015979389348096125,0.015979389348096125,0.5596432552954291,0.006904355812122802,1.0000000000000002,0.0,0.6153846153846154,1
0.0,0.0032458750338111974,0.8432249042972114,0.5759249793520641,0.015979389348096125,0.015979389348096125,0.5662010623647452,0.006904355812122802,1.0000000000000002,0.0,0.6153846153846154,1
0.0,0.005409791723018665,0.8432249042972114,0.5759249793520641,0.015979389348096125,0.015979389348096125,0.5729556036461407,0.006904355812122802,1.0000000000000002,0.0,0.07692307692307693,1
0.0,0.0032458750338111974,0.5796132260710514,0.8378249198515774,0.015979389348096125,0.015979389348096125,0.007262771329267492,0.5791786932563631,1.0000000000000002,0.0,0.6153846153846154,1
0.0,0.005409791723018665,0.8432249042972114,0.5759249793520641,0.015979389348096125,0.015979389348096125,0.5860712177847728,0.006904355812122802,1.0000000000000002,0.0,0.07692307692307693,1
0.0,0.005409791723018665,0.8432249042972114,0.5759249793520641,0.015979389348096125,0.015979389348096125,0.5926290248540887,0.006904355812122802,1.0000000000000002,0.0,0.07692307692307693,1
0.0,0.14795780362456043,0.5796132260710514,0.8378249198515774,0.015979389348096125,0.015979389348096125,0.007262771329267492,0.5989569666754132,1.0000000000000002,0.0,0.9230769230769231,1
0.0,0.14822829321071138,0.5796132260710514,0.8378249198515774,0.015979389348096125,0.015979389348096125,0.007262771329267492,0.605516924691682,1.0000000000000002,0.0,0.9230769230769231,1
0.0,0.0032458750338111974,0.5796132260710514,0.8378249198515774,0.015979389348096125,0.015979389348096125,0.007262771329267492,0.6119784833377065,1.0000000000000002,0.0,0.6153846153846154,1
0.4838709677419355,0.8225588314849879,0.5796132174428184,0.8378249848344326,1.0,0.015979389348096125,0.0003606793888123811,0.8359026502230384,1.0000000000000002,0.0,1.0,1
0.5483870967741935,0.7392480389505004,0.8432249697047847,0.5759249707798577,0.015979389348096125,1.0,0.8359892451964063,0.0,1.0000000000000002,0.0,1.0,1
1.0,0.6686502569651069,0.8432249697047847,0.5759249707798577,0.015979389348096125,1.0,0.8359892451964063,0.0,1.0000000000000002,0.08333333333333333,0.9615384615384616,1
0.6774193548387097,0.8493373005139303,0.5796132174428184,0.8378249848344326,1.0,0.015979389348096125,0.0003606793888123811,0.8359026502230384,1.0000000000000002,0.08333333333333333,0.9615384615384616,1
0.22580645161290322,0.16012983500135244,0.5796132174428184,0.8378249848344326,1.0,0.015979389348096125,0.7339825562331955,0.0,1.0000000000000002,0.041666666666666664,0.9615384615384616,1
0.5483870967741935,0.8506897484446849,0.8432249697047847,0.5759249707798577,0.015979389348096125,1.0,0.0003606793888123811,0.7338625032799789,1.0000000000000002,0.0,1.0,1
0.12903225806451613,0.11252366783878821,0.8432249697047847,0.5759249707798577,0.015979389348096125,1.0,0.0003606793888123811,0.7338625032799789,1.0000000000000002,0.041666666666666664,0.9615384615384616,1
0.5483870967741935,0.7392480389505004,0.5796132174428184,0.8378249848344326,1.0,0.015979389348096125,0.7339825562331955,0.0,1.0000000000000002,0.0,1.0,1
0.22580645161290322,0.16012983500135244,0.5796132174428184,0.8378249848344326,1.0,0.015979389348096125,0.7341137123745819,0.0,1.0000000000000002,0.041666666666666664,0.9615384615384616,1
0.5483870967741935,0.8506897484446849,0.8432249697047847,0.5759249707798577,0.015979389348096125,1.0,0.0003606793888123811,0.7339937024403043,1.0000000000000002,0.0,1.0,1
0.5483870967741935,0.7392480389505004,0.5796132174428184,0.8378249848344326,1.0,0.015979389348096125,0.7341137123745819,0.0,1.0000000000000002,0.0,1.0,1
0.12903225806451613,0.11252366783878821,0.8432249697047847,0.5759249707798577,0.015979389348096125,1.0,0.0003606793888123811,0.7339937024403043,1.0000000000000002,0.041666666666666664,0.9615384615384616,1
0.0,0.005409791723018665,0.8432249001222599,0.5759250211070052,0.012912328052876136,0.012912328052876136,0.8029378975670535,0.006904355812122802,1.0000000000000002,0.0,0.07692307692307693,1
0.0,0.0032458750338111974,0.5796132680988962,0.8378249157037355,0.012912328052876136,0.012912328052876136,0.007262771329267492,0.8093348202571503,1.0000000000000002,0.0,0.6153846153846154,1
0.0,0.11847443873410875,0.8432249004005901,0.5759250172356861,0.012912328052876136,0.012912328052876136,0.5909239950160666,0.006904355812122802,1.0000000000000002,0.0,0.9230769230769231,1
0.0,0.12848255342169326,0.8432249001222599,0.5759250211070052,0.012912328052876136,0.012912328052876136,0.8224473735982687,0.006904355812122802,1.0000000000000002,0.0,0.9230769230769231,1
0.0,0.11793345956180688,0.8432249001222599,0.5759250211070052,0.012912328052876136,0.012912328052876136,0.8289723916322381,0.006904355812122802,1.0000000000000002,0.0,0.9230769230769231,1
0.0,0.005409791723018665,0.8432249001222599,0.5759250211070052,0.012912328052876136,0.012912328052876136,0.8359236671257131,0.006904355812122802,1.0000000000000002,0.0,0.07692307692307693,1
0.0,0.0032458750338111974,0.8432249004005901,0.5759250172356861,0.012912328052876136,0.012912328052876136,0.6201062364745229,0.006904355812122802,1.0000000000000002,0.0,0.6153846153846154,1
0.0,0.0032458750338111974,0.5796132416575369,0.8378249165333039,0.012912328052876136,0.012912328052876136,0.007262771329267492,0.8153043820519548,1.0000000000000002,0.0,0.6153846153846154,1
0.0,0.11955639707871248,0.5796132680988962,0.8378249157037355,0.012912328052876136,0.012912328052876136,0.007262771329267492,0.8548937286801364,1.0000000000000002,0.0,0.9230769230769231,1
0.0,0.11766296997565594,0.5796132642022749,0.8378249159802583,0.012912328052876136,0.012912328052876136,0.007262771329267492,0.6389727105746522,1.0000000000000002,0.0,0.9230769230769231,1
0.0,0.005409791723018665,0.8432249009572502,0.5759249948373403,0.012912328052876136,0.012912328052876136,0.8355629877369007,0.006904355812122802,1.0000000000000002,0.0,0.07692307692307693,1
0.0,0.0032458750338111974,0.5796132680988962,0.8378249157037355,0.012912328052876136,0.012912328052876136,0.007262771329267492,0.8744752033586984,1.0000000000000002,0.0,0.6153846153846154,1
0.0,0.005409791723018665,0.8432249006789202,0.5759249771398819,0.012912328052876136,0.012912328052876136,0.7150960718735654,0.006904355812122802,1.0000000000000002,0.0,0.07692307692307693,1
0.0,0.0032458750338111974,0.8432249004005901,0.5759250172356861,0.012912328052876136,0.012912328052876136,0.6653223162174569,0.006904355812122802,1.0000000000000002,0.0,0.6538461538461539,1
0.0,0.0032458750338111974,0.8432249004005901,0.5759250172356861,0.012912328052876136,0.012912328052876136,0.671552232933307,0.006904355812122802,1.0000000000000002,0.0,0.6153846153846154,1
0.0,0.0032458750338111974,0.8432249012355804,0.5759250083869569,0.012912328052876136,0.012912328052876136,0.6759787527050953,0.006904355812122802,1.0000000000000002,0.0,0.6153846153846154,1
0.0,0.0032458750338111974,0.5796132552957117,0.8378249168098267,0.012912328052876136,0.012912328052876136,0.007262771329267492,0.6814156389399108,1.0000000000000002,0.0,0.6153846153846154,1
0.0,0.0032458750338111974,0.5796132680988962,0.8378249157037355,0.012912328052876136,0.012912328052876136,0.007262771329267492,0.9139333508265546,1.0000000000000002,0.0,0.6153846153846154,1
0.0,0.0032458750338111974,0.5796132416575369,0.8378249165333039,0.012912328052876136,0.012912328052876136,0.007262771329267492,0.8872015219102597,1.0000000000000002,0.0,0.6153846153846154,1
0.0,0.0032458750338111974,0.8432249009572502,0.5759249948373403,0.012912328052876136,0.012912328052876136,0.894025837759853,0.006904355812122802,1.0000000000000002,0.0,0.6153846153846154,1
0.0,0.0032458750338111974,0.8432249001222599,0.5759250211070052,0.012912328052876136,0.012912328052876136,0.9345202964128795,0.006904355812122802,1.0000000000000002,0.0,0.6153846153846154,1
0.0,0.13118744928320258,0.8432249012355804,0.5759250083869569,0.012912328052876136,0.012912328052876136,0.7147026034494065,0.006904355812122802,1.0000000000000002,0.0,0.9230769230769231,1
0.0,0.0032458750338111974,0.5796132552957117,0.8378249168098267,0.012912328052876136,0.012912328052876136,0.007262771329267492,0.7204801889267908,1.0000000000000002,0.0,0.6153846153846154,1
0.0,0.0032458750338111974,0.8432249004005901,0.5759250172356861,0.012912328052876136,0.012912328052876136,0.7305069184864581,0.006904355812122802,1.0000000000000002,0.0,0.6538461538461539,1
0.0,0.0032458750338111974,0.8432249006789202,0.5759249771398819,0.012912328052876136,0.012912328052876136,0.7923798281854547,0.006904355812122802,1.0000000000000002,0.0,0.6538461538461539,1
0.0,0.125507167974033,0.5796132680988962,0.8378249157037355,0.012912328052876136,0.012912328052876136,0.007262771329267492,0.9661506166360534,1.0000000000000002,0.0,0.9230769230769231,1
0.0,0.0032458750338111974,0.8432249009572502,0.5759249948373403,0.012912328052876136,0.012912328052876136,0.939471440750213,0.006904355812122802,1.0000000000000002,0.0,0.6538461538461539,1
0.0,0.0032458750338111974,0.5796132238444106,0.8378249162567811,0.012912328052876136,0.012912328052876136,0.007262771329267492,0.8119916032537391,1.0000000000000002,0.0,0.6153846153846154,1
0.0,0.0032458750338111974,0.5796132552957117,0.8378249173628722,0.012912328052876136,0.012912328052876136,0.001311561413863204,0.6686565205982681,1.0000000000000002,0.0,0.6153846153846154,1
0.0,0.005409791723018665,0.8432249017922405,0.5759250083869569,0.012912328052876136,0.012912328052876136,0.676864056659453,0.0009511939123589609,1.0000000000000002,0.0,0.07692307692307693,1
0.0,0.12144982418176901,0.8432249009572502,0.5759249948373403,0.012912328052876136,0.012912328052876136,0.9658338251688635,0.006904355812122802,1.0000000000000002,0.0,0.9230769230769231,1
0.0,0.0032458750338111974,0.8432249006789202,0.5759249771398819,0.012912328052876136,0.012912328052876136,0.8382188995999738,0.006904355812122802,1.0000000000000002,0.0,0.6153846153846154,1
0.0,0.12388423045712739,0.5796132238444106,0.8378249162567811,0.012912328052876136,0.012912328052876136,0.007262771329267492,0.8446273943846758,1.0000000000000002,0.0,0.9230769230769231,1
0.0,0.1298350013524479,0.5796132680988962,0.8378249157037355,0.012912328052876136,0.012912328052876136,0.007262771329267492,0.555202046706901,1.0000000000000002,0.0,0.9230769230769231,1
0.0,0.0032458750338111974,0.8432249006789202,0.5759249771398819,0.012912328052876136,0.012912328052876136,0.8578267427372286,0.006904355812122802,1.0000000000000002,0.0,0.6538461538461539,1
0.0,0.0032458750338111974,0.8432249004005901,0.5759250172356861,0.012912328052876136,0.012912328052876136,0.8089382910354777,0.006904355812122802,1.0000000000000002,0.0,0.6538461538461539,1
0.0,0.0032458750338111974,0.8432249009572502,0.5759249948373403,0.012912328052876136,0.012912328052876136,0.5434454718342187,0.006904355812122802,1.0000000000000002,0.0,0.6153846153846154,1
0.0,0.0032458750338111974,0.5796132416575369,0.8378249165333039,0.012912328052876136,0.012912328052876136,0.007262771329267492,0.5482812909997375,1.0000000000000002,0.0,0.6153846153846154,1
0.0,0.0032458750338111974,0.5796132416575369,0.8378249165333039,0.012912328052876136,0.012912328052876136,0.007262771329267492,0.5545132511151928,1.0000000000000002,0.0,0.6153846153846154,1
0.0,0.0032458750338111974,0.5796132552957117,0.8378249173628722,0.012912328052876136,0.012912328052876136,0.001311561413863204,0.7404880608764103,1.0000000000000002,0.0,0.6153846153846154,1
0.0,0.0032458750338111974,0.8432249001222599,0.5759250211070052,0.012912328052876136,0.012912328052876136,0.6011869630795461,0.006904355812122802,1.0000000000000002,0.0,0.6153846153846154,1
0.0,0.11549905328644848,0.5796132313593233,0.8378249179159178,0.012912328052876136,0.012912328052876136,0.001311561413863204,0.9993112044082917,1.0000000000000002,0.0,0.9230769230769231,1
0.0,0.11225317825263728,0.5796132642022749,0.8378249159802583,0.012912328052876136,0.012912328052876136,0.007262771329267492,0.8543033324586722,1.0000000000000002,0.0,0.9230769230769231,1
0.0,0.0032458750338111974,0.8432249023489008,0.5759249846059972,0.012912328052876136,0.012912328052876136,0.5489212407370975,0.0009511939123589609,1.0000000000000002,0.0,0.6538461538461539,1
0.0,0.12848255342169326,0.8432249006789202,0.5759249771398819,0.012912328052876136,0.012912328052876136,0.9236015476424683,0.006904355812122802,1.0000000000000002,0.0,0.9230769230769231,1
0.0,0.0032458750338111974,0.8432249001222599,0.5759250211070052,0.012912328052876136,0.012912328052876136,0.6339432093907796,0.006904355812122802,1.0000000000000002,0.0,0.6153846153846154,1
0.0,0.12496618880173115,0.5796132238444106,0.8378249162567811,0.012912328052876136,0.012912328052876136,0.007262771329267492,0.9361716085017056,1.0000000000000002,0.0,0.9230769230769231,1
0.0,0.11847443873410875,0.5796132680988962,0.8378249157037355,0.012912328052876136,0.012912328052876136,0.007262771329267492,0.6471070585148254,1.0000000000000002,0.0,0.9230769230769231,1
0.0,0.0032458750338111974,0.8432249001222599,0.5759250211070052,0.012912328052876136,0.012912328052876136,0.6533543183159551,0.006904355812122802,1.0000000000000002,0.0,0.6538461538461539,1
0.0,0.0032458750338111974,0.8432249023489008,0.5759249846059972,0.012912328052876136,0.012912328052876136,0.5887599186831923,0.0009511939123589609,1.0000000000000002,0.0,0.6153846153846154,1
0.0,0.005409791723018665,0.8432249015139105,0.5759249879242706,0.012912328052876136,0.012912328052876136,0.8607121778477277,0.006904355812122802,1.0000000000000002,0.0,0.07692307692307693,1
0.0,0.0032458750338111974,0.5796132642022749,0.8378249159802583,0.012912328052876136,0.012912328052876136,0.007262771329267492,0.914162949357124,1.0000000000000002,0.0,0.6153846153846154,1
0.0,0.005409791723018665,0.8432249006789202,0.5759249771398819,0.012912328052876136,0.012912328052876136,0.977506721752246,0.006904355812122802,1.0000000000000002,0.0,0.07692307692307693,1
0.0,0.0032458750338111974,0.8432249009572502,0.5759249948373403,0.012912328052876136,0.012912328052876136,0.6549937700832841,0.006904355812122802,1.0000000000000002,0.0,0.6153846153846154,1
0.0,0.0032458750338111974,0.5796132552957117,0.8378249168098267,0.012912328052876136,0.012912328052876136,0.007262771329267492,0.9299396483862502,1.0000000000000002,0.0,0.6153846153846154,1
0.0,0.0032458750338111974,0.5796132552957117,0.8378249173628722,0.012912328052876136,0.012912328052876136,0.001311561413863204,0.8449225924954079,1.0000000000000002,0.0,0.6538461538461539,1
0.0,0.010819583446037328,0.5796132174428184,0.5759250211070052,1.0,0.012912328052876136,0.0,0.02064746785620572,0.0,1.0,0.0,1
0.0,0.0032458750338111974,0.5796132680988962,0.8378249157037355,0.012912328052876136,0.012912328052876136,0.007262771329267492,0.7063762791918131,1.0000000000000002,0.0,0.6538461538461539,1
0.0,0.0032458750338111974,0.8432249026272308,0.5759249837764288,0.012912328052876136,0.012912328052876136,0.8224473735982687,0.006904355812122802,1.0000000000000002,0.0,0.6153846153846154,1
0.0,0.0032458750338111974,0.8432249023489008,0.5759249846059972,0.012912328052876136,0.012912328052876136,0.6496491573217915,0.0009511939123589609,1.0000000000000002,0.0,0.6153846153846154,1
0.0,0.0032458750338111974,0.8432249006789202,0.5759249771398819,0.012912328052876136,0.012912328052876136,0.5606925044265197,0.006904355812122802,1.0000000000000002,0.0,0.6153846153846154,1
0.0,0.11360562618339194,0.5796132238444106,0.8378249162567811,0.012912328052876136,0.012912328052876136,0.007262771329267492,0.5649435843610601,1.0000000000000002,0.0,0.9230769230769231,1
0.0,0.0032458750338111974,0.5796132416575369,0.8378249165333039,0.012912328052876136,0.012912328052876136,0.007262771329267492,0.7057858829703489,1.0000000000000002,0.0,0.6153846153846154,1
0.0,0.12280227211252366,0.8432249001222599,0.5759250211070052,0.012912328052876136,0.012912328052876136,0.7456226637812315,0.006904355812122802,1.0000000000000002,0.0,0.9230769230769231,1
0.0,0.005409791723018665,0.8432249017922405,0.5759250083869569,0.012912328052876136,0.012912328052876136,0.899960653157584,0.0009511939123589609,1.0000000000000002,0.0,0.07692307692307693,1
0.0,0.005409791723018665,0.8432249015139105,0.5759249879242706,0.012912328052876136,0.012912328052876136,0.9526854219948848,0.006904355812122802,1.0000000000000002,0.0,0.07692307692307693,1
0.0,0.0032458750338111974,0.8432249020705707,0.5759250249783242,0.012912328052876136,0.012912328052876136,0.6447308020198045,0.0009511939123589609,1.0000000000000002,0.0,0.6538461538461539,1
0.0,0.0032458750338111974,0.5796132416575369,0.8378249165333039,0.012912328052876136,0.012912328052876136,0.007262771329267492,0.7380936762004723,1.0000000000000002,0.0,0.6153846153846154,1
0.0,0.0032458750338111974,0.8432249015139105,0.5759249879242706,0.012912328052876136,0.012912328052876136,0.9723260541674863,0.006904355812122802,1.0000000000000002,0.0,0.6153846153846154,1
0.0,0.0032458750338111974,0.5796132642022749,0.8378249159802583,0.012912328052876136,0.012912328052876136,0.007262771329267492,0.5617620047231697,1.0000000000000002,0.0,0.6153846153846154,1
0.0,0.0032458750338111974,0.5796132346992844,0.8378249170863494,0.012912328052876136,0.012912328052876136,0.007262771329267492,0.9835017055890841,1.0000000000000002,0.0,0.6153846153846154,1
0.0,0.0032458750338111974,0.5796132313593233,0.8378249179159178,0.012912328052876136,0.012912328052876136,0.001311561413863204,0.7262857517711886,1.0000000000000002,0.0,0.6538461538461539,1
0.0,0.010819583446037328,0.5796132174428184,0.5759249846059972,1.0,0.012912328052876136,0.0,0.02064746785620572,0.0,1.0,0.0,1
0.0,0.0032458750338111974,0.8432249009572502,0.5759249948373403,0.012912328052876136,0.012912328052876136,0.7731654534723588,0.006904355812122802,1.0000000000000002,0.0,0.6153846153846154,1
0.0,0.0032458750338111974,0.8432249017922405,0.5759250083869569,0.012912328052876136,0.012912328052876136,0.9565217391304347,0.0009511939123589609,1.0000000000000002,0.0,0.6538461538461539,1
0.0,0.0032458750338111974,0.8432249012355804,0.5759250083869569,0.012912328052876136,0.012912328052876136,0.5908584169453734,0.006904355812122802,1.0000000000000002,0.0,0.6153846153846154,1
0.0,0.0032458750338111974,0.8432249009572502,0.5759249948373403,0.012912328052876136,0.012912328052876136,0.7918224145845628,0.006904355812122802,1.0000000000000002,0.0,0.6153846153846154,1
0.0,0.012983500135244795,0.5796132174428184,0.5759249948373403,1.0,0.012912328052876136,0.0,0.02064746785620572,0.0,1.0,0.0,1
0.0,0.005409791723018665,0.5796132416575369,0.8378249165333039,0.012912328052876136,0.012912328052876136,0.007262771329267492,0.799954080293886,1.0000000000000002,0.0,0.6923076923076923,1
0.0,0.005409791723018665,0.8432249026272308,0.5759249837764288,0.012912328052876136,0.012912328052876136,0.9479310118696307,0.006904355812122802,1.0000000000000002,0.0,0.07692307692307693,1
0.0,0.0032458750338111974,0.5796132416575369,0.8378249165333039,0.012912328052876136,0.012912328052876136,0.007262771329267492,0.8102860141695092,1.0000000000000002,0.0,0.6538461538461539,1
0.0,0.0032458750338111974,0.5796132680988962,0.8378249157037355,0.012912328052876136,0.012912328052876136,0.007262771329267492,0.850662555759643,1.0000000000000002,0.0,0.6153846153846154,1
0.0,0.0032458750338111974,0.5796132680988962,0.8378249157037355,0.012912328052876136,0.012912328052876136,0.007262771329267492,0.8575505116767251,1.0000000000000002,0.0,0.6153846153846154,1
0.0,0.0032458750338111974,0.8432249015139105,0.5759249879242706,0.012912328052876136,0.012912328052876136,0.5929897042429011,0.006904355812122802,1.0000000000000002,0.0,0.6538461538461539,1
0.0,0.0032458750338111974,0.5796132416575369,0.8378249165333039,0.012912328052876136,0.012912328052876136,0.007262771329267492,0.8380346365783258,1.0000000000000002,0.0,0.6538461538461539,1
0.0,0.0032458750338111974,0.5796132416575369,0.8378249165333039,0.012912328052876136,0.012912328052876136,0.007262771329267492,0.8433154027814221,1.0000000000000002,0.0,0.6153846153846154,1
0.0,0.0032458750338111974,0.5796132422141971,0.8378249187454863,0.012912328052876136,0.012912328052876136,0.001311561413863204,0.7552151666229335,1.0000000000000002,0.0,0.6153846153846154,1
0.0,0.0032458750338111974,0.8432249017922405,0.5759250083869569,0.012912328052876136,0.012912328052876136,0.5742343760246573,0.0009511939123589609,1.0000000000000002,0.0,0.6538461538461539,1
0.0,0.0032458750338111974,0.8432249004005901,0.5759250172356861,0.012912328052876136,0.012912328052876136,0.6750606597153911,0.006904355812122802,1.0000000000000002,0.0,0.6538461538461539,1
0.0,0.005409791723018665,0.5796132719955177,0.837824917639395,0.012912328052876136,0.012912328052876136,0.001311561413863204,0.787818157963789,1.0000000000000002,0.0,0.6923076923076923,1
0.0,0.1157695428725994,0.8432249031838911,0.5759249953903859,0.012912328052876136,0.012912328052876136,0.7825759066168273,0.0009511939123589609,1.0000000000000002,0.0,0.9230769230769231,1
0.0,0.0032458750338111974,0.5796132416575369,0.8378249165333039,0.012912328052876136,0.012912328052876136,0.007262771329267492,0.8835935450013119,1.0000000000000002,0.0,0.6153846153846154,1
0.0,0.0032458750338111974,0.5796132719955177,0.837824917639395,0.012912328052876136,0.012912328052876136,0.001311561413863204,0.8053332458672263,1.0000000000000002,0.0,0.6538461538461539,1
0.0,0.0032458750338111974,0.8432249020705707,0.5759250249783242,0.012912328052876136,0.012912328052876136,0.8124795068529084,0.0009511939123589609,1.0000000000000002,0.0,0.6153846153846154,1
0.0,0.0032458750338111974,0.8432249040188813,0.5759250050686835,0.012912328052876136,0.012912328052876136,0.7429995409535051,0.006904355812122802,1.0000000000000002,0.0,0.6153846153846154,1
0.0,0.0032458750338111974,0.8432249001222599,0.5759250211070052,0.012912328052876136,0.012912328052876136,0.9478654337989376,0.006904355812122802,1.0000000000000002,0.0,0.6153846153846154,1
0.0,0.005409791723018665,0.8432249001222599,0.5759250211070052,0.012912328052876136,0.012912328052876136,0.9547183421863729,0.006904355812122802,1.0000000000000002,0.0,0.07692307692307693,1
0.0,0.0032458750338111974,0.8432249006789202,0.5759249771398819,0.012912328052876136,0.012912328052876136,0.7909698996655518,0.006904355812122802,1.0000000000000002,0.0,0.6153846153846154,1
0.0,0.0032458750338111974,0.5796132313593233,0.8378249179159178,0.012912328052876136,0.012912328052876136,0.001311561413863204,0.8944830753083179,1.0000000000000002,0.0,0.6153846153846154,1
0.0,0.0032458750338111974,0.5796132313593233,0.8378249179159178,0.012912328052876136,0.012912328052876136,0.001311561413863204,0.9012070322749933,1.0000000000000002,0.0,0.6153846153846154,1
0.0,0.0032458750338111974,0.8432249015139105,0.5759249879242706,0.012912328052876136,0.012912328052876136,0.7109974424552429,0.006904355812122802,1.0000000000000002,0.0,0.6153846153846154,1
0.0,0.005409791723018665,0.8432249004005901,0.5759250172356861,0.012912328052876136,0.012912328052876136,0.7660502328021509,0.006904355812122802,1.0000000000000002,0.0,0.07692307692307693,1
0.0,0.0032458750338111974,0.8432249017922405,0.5759250083869569,0.012912328052876136,0.012912328052876136,0.6755197062102433,0.0009511939123589609,1.0000000000000002,0.0,0.6153846153846154,1
0.0,0.0032458750338111974,0.8432249006789202,0.5759249771398819,0.012912328052876136,0.012912328052876136,0.8320873499901632,0.006904355812122802,1.0000000000000002,0.0,0.6153846153846154,1
0.0,0.0032458750338111974,0.5796132552957117,0.8378249173628722,0.012912328052876136,0.012912328052876136,0.001311561413863204,0.6880083967462608,1.0000000000000002,0.0,0.6538461538461539,1
0.0,0.13037598052474977,0.8432249009572502,0.5759249948373403,0.012912328052876136,0.012912328052876136,0.980556102039478,0.006904355812122802,1.0000000000000002,0.0,0.9230769230769231,1
0.0,0.13253989721395726,0.8432249006789202,0.5759249771398819,0.012912328052876136,0.012912328052876136,0.8525149190110827,0.006904355812122802,1.0000000000000002,0.0,0.9230769230769231,1
0.0,0.0032458750338111974,0.8432249015139105,0.5759249879242706,0.012912328052876136,0.012912328052876136,0.755426585349859,0.006904355812122802,1.0000000000000002,0.0,0.6153846153846154,1
0.0,0.1274005950770895,0.8432249023489008,0.5759249846059972,0.012912328052876136,0.012912328052876136,0.9615712505738081,0.0009511939123589609,1.0000000000000002,0.0,0.9230769230769231,1
0.0,0.012983500135244795,0.5796132174428184,0.5759250172356861,1.0,0.012912328052876136,0.0,0.02064746785620572,0.0,1.0,0.0,1
0.0,0.005409791723018665,0.5796132642022749,0.8378249159802583,0.012912328052876136,0.012912328052876136,0.007262771329267492,0.8198963526633428,1.0000000000000002,0.0,0.6923076923076923,1
0.0,0.0032458750338111974,0.579613230524333,0.8378249181924406,0.012912328052876136,0.012912328052876136,0.007262771329267492,0.6901403831015481,1.0000000000000002,0.0,0.6538461538461539,1
0.0,0.010819583446037328,0.5796132174428184,0.5759249837764288,1.0,0.012912328052876136,0.0,0.02064746785620572,0.0,1.0,0.0,1
0.0,0.005409791723018665,0.8432249004005901,0.5759250172356861,0.012912328052876136,0.012912328052876136,0.8335956456161059,0.006904355812122802,1.0000000000000002,0.0,0.07692307692307693,1
0.0,0.005409791723018665,0.8432249020705707,0.5759250249783242,0.012912328052876136,0.012912328052876136,0.9435700701685356,0.0009511939123589609,1.0000000000000002,0.0,0.07692307692307693,1
0.0,0.11766296997565594,0.8432249026272308,0.5759249837764288,0.012912328052876136,0.012912328052876136,0.7123745819397993,0.006904355812122802,1.0000000000000002,0.0,0.9230769230769231,1
0.0,0.0032458750338111974,0.5796132552957117,0.8378249168098267,0.012912328052876136,0.012912328052876136,0.007262771329267492,0.8477433744424034,1.0000000000000002,0.0,0.6538461538461539,1
0.03225806451612903,0.032458750338111984,0.5796132174428184,0.5759250083869569,1.0,0.012912328052876136,0.0,0.02064746785620572,0.0,1.0,0.0,1
0.0,0.0032458750338111974,0.5796132552957117,0.8378249173628722,0.012912328052876136,0.012912328052876136,0.001311561413863204,0.7635463133035948,1.0000000000000002,0.0,0.6153846153846154,1
0.0,0.0032458750338111974,0.5796132680988962,0.8378249157037355,0.012912328052876136,0.012912328052876136,0.007262771329267492,0.6226384151141432,1.0000000000000002,0.0,0.6153846153846154,1
0.0,0.12144982418176901,0.8432249020705707,0.5759250249783242,0.012912328052876136,0.012912328052876136,0.9738999278641222,0.0009511939123589609,1.0000000000000002,0.0,0.9230769230769231,1
0.0,0.12821206383554232,0.8432249040188813,0.5759250050686835,0.012912328052876136,0.012912328052876136,0.9023214637025379,0.006904355812122802,1.0000000000000002,0.0,0.9230769230769231,1
0.0,0.0032458750338111974,0.8432249031838911,0.5759249953903859,0.012912328052876136,0.012912328052876136,0.9774739327168994,0.0009511939123589609,1.0000000000000002,0.0,0.6538461538461539,1
0.0,0.0032458750338111974,0.8432249004005901,0.5759250172356861,0.012912328052876136,0.012912328052876136,0.8906157780838088,0.006904355812122802,1.0000000000000002,0.0,0.6538461538461539,1
0.0,0.14065458479848525,0.5796132680988962,0.8378249157037355,0.012912328052876136,0.012912328052876136,0.007262771329267492,0.6581933875623195,1.0000000000000002,0.0,0.9230769230769231,1
0.0,0.1425480119015418,0.8432249023489008,0.5759249846059972,0.012912328052876136,0.012912328052876136,0.593153649419634,0.0009511939123589609,1.0000000000000002,0.0,0.9230769230769231,1
0.0,0.005409791723018665,0.5796132519557505,0.8378249195750546,0.012912328052876136,0.012912328052876136,0.007262771329267492,0.9385003935974809,1.0000000000000002,0.0,0.6923076923076923,1
0.0,0.0032458750338111974,0.5796132294110126,0.8378249192985318,0.012912328052876136,0.012912328052876136,0.007262771329267492,0.7322225137759117,1.0000000000000002,0.0,0.6153846153846154,1
0.0,0.005409791723018665,0.5796132313593233,0.8378249179159178,0.012912328052876136,0.012912328052876136,0.001311561413863204,0.6158488585673051,1.0000000000000002,0.0,0.6923076923076923,1
0.0,0.005409791723018665,0.5796132680988962,0.8378249157037355,0.012912328052876136,0.012912328052876136,0.007262771329267492,0.694141957491472,1.0000000000000002,0.0,0.6923076923076923,1
0.0,0.0032458750338111974,0.5796132680988962,0.8378249157037355,0.012912328052876136,0.012912328052876136,0.007262771329267492,0.697684334820257,1.0000000000000002,0.0,0.6538461538461539,1
0.0,0.1198268866648634,0.8432249031838911,0.5759249953903859,0.012912328052876136,0.012912328052876136,0.5761033510394123,0.0009511939123589609,1.0000000000000002,0.0,0.9230769230769231,1
0.0,0.1141466053556938,0.5796132422141971,0.8378249187454863,0.012912328052876136,0.012912328052876136,0.001311561413863204,0.5817370768827079,1.0000000000000002,0.0,0.9230769230769231,1
0.06451612903225806,0.05842575060860157,0.5796132174428184,0.5759250249783242,1.0,0.012912328052876136,0.0,0.02064746785620572,0.0,1.0,0.0,1
0.0,0.005409791723018665,0.5796132719955177,0.837824917639395,0.012912328052876136,0.012912328052876136,0.001311561413863204,0.6019089477827341,1.0000000000000002,0.0,0.6923076923076923,1
0.0,0.0032458750338111974,0.5796132422141971,0.8378249187454863,0.012912328052876136,0.012912328052876136,0.001311561413863204,0.5957425872474416,1.0000000000000002,0.0,0.6538461538461539,1
0.0,0.010819583446037328,0.5796132174428184,0.5759249953903859,1.0,0.012912328052876136,0.0,0.02064746785620572,0.0,1.0,0.0,1
0.0,0.11333513659724101,0.5796132346992844,0.8378249170863494,0.012912328052876136,0.012912328052876136,0.007262771329267492,0.9228876935187614,1.0000000000000002,0.0,0.9230769230769231,1
0.0,0.1246956992155802,0.8432249023489008,0.5759249846059972,0.012912328052876136,0.012912328052876136,0.667420814479638,0.0009511939123589609,1.0000000000000002,0.0,0.9230769230769231,1
0.0,0.0032458750338111974,0.5796132552957117,0.8378249173628722,0.012912328052876136,0.012912328052876136,0.001311561413863204,0.8907766990291262,1.0000000000000002,0.0,0.6153846153846154,1
0.0,0.0032458750338111974,0.8432249023489008,0.5759249846059972,0.012912328052876136,0.012912328052876136,0.6802413273001507,0.0009511939123589609,1.0000000000000002,0.0,0.6538461538461539,1
0.0,0.1206383554233162,0.5796132313593233,0.8378249179159178,0.012912328052876136,0.012912328052876136,0.001311561413863204,0.6864340068223562,1.0000000000000002,0.0,0.9230769230769231,1
0.0,0.0032458750338111974,0.5796132719955177,0.837824917639395,0.012912328052876136,0.012912328052876136,0.001311561413863204,0.6450406717397008,1.0000000000000002,0.0,0.6153846153846154,1
0.0,0.005409791723018665,0.8432249001222599,0.5759250211070052,0.012912328052876136,0.012912328052876136,0.7747393271689946,0.006904355812122802,1.0000000000000002,0.0,0.07692307692307693,1
0.0,0.0032458750338111974,0.5796132313593233,0.8378249179159178,0.012912328052876136,0.012912328052876136,0.001311561413863204,0.7067370768827079,1.0000000000000002,0.0,0.6153846153846154,1
0.0,0.005409791723018665,0.8432249023489008,0.5759249846059972,0.012912328052876136,0.012912328052876136,0.7170634139943602,0.0009511939123589609,1.0000000000000002,0.0,0.07692307692307693,1
0.0,0.0032458750338111974,0.8432249004005901,0.5759250172356861,0.012912328052876136,0.012912328052876136,0.567938881238114,0.006904355812122802,1.0000000000000002,0.0,0.6538461538461539,1
0.0,0.005409791723018665,0.8432249012355804,0.5759250083869569,0.012912328052876136,0.012912328052876136,0.5761033510394123,0.006904355812122802,1.0000000000000002,0.0,0.07692307692307693,1
0.0,0.0032458750338111974,0.8432249001222599,0.5759250211070052,0.012912328052876136,0.012912328052876136,0.8058889107482458,0.006904355812122802,1.0000000000000002,0.0,0.6153846153846154,1
0.0,0.11441709494184475,0.5796132422141971,0.8378249187454863,0.012912328052876136,0.012912328052876136,0.001311561413863204,0.6827276305431644,1.0000000000000002,0.0,0.9230769230769231,1
0.0,0.0032458750338111974,0.8432249031838911,0.5759249953903859,0.012912328052876136,0.012912328052876136,0.6889304216669945,0.0009511939123589609,1.0000000000000002,0.0,0.6153846153846154,1
0.0,0.0032458750338111974,0.5796132680988962,0.8378249157037355,0.012912328052876136,0.012912328052876136,0.007262771329267492,0.8252755182366832,1.0000000000000002,0.0,0.6153846153846154,1
0.0,0.13037598052474977,0.8432249040188813,0.5759250050686835,0.012912328052876136,0.012912328052876136,0.6344022558856318,0.006904355812122802,1.0000000000000002,0.0,0.9230769230769231,1
0.0,0.13010549093859886,0.5796132719955177,0.837824917639395,0.012912328052876136,0.012912328052876136,0.001311561413863204,0.7197913933350826,1.0000000000000002,0.0,0.9230769230769231,1
0.0,0.0032458750338111974,0.5796132642022749,0.8378249159802583,0.012912328052876136,0.012912328052876136,0.007262771329267492,0.6232616111256887,1.0000000000000002,0.0,0.6153846153846154,1
0.0,0.0032458750338111974,0.5796132422141971,0.8378249187454863,0.012912328052876136,0.012912328052876136,0.001311561413863204,0.7239241668853319,1.0000000000000002,0.0,0.6153846153846154,1
0.0,0.12902353259399513,0.8432249023489008,0.5759249846059972,0.012912328052876136,0.012912328052876136,0.788150042625746,0.0009511939123589609,1.0000000000000002,0.0,0.9230769230769231,1
0.0,0.0032458750338111974,0.8432249037405513,0.5759249826703376,0.012912328052876136,0.012912328052876136,0.9195357072594924,0.006904355812122802,1.0000000000000002,0.0,0.6538461538461539,1
0.0,0.12009737625101434,0.8432249020705707,0.5759250249783242,0.012912328052876136,0.012912328052876136,0.7539182897239163,0.0009511939123589609,1.0000000000000002,0.0,0.9230769230769231,1
0.0,0.12172031376791993,0.8432249020705707,0.5759250249783242,0.012912328052876136,0.012912328052876136,0.7613941897829365,0.0009511939123589609,1.0000000000000002,0.0,0.9230769230769231,1
0.0,0.005409791723018665,0.5796132313593233,0.8378249179159178,0.012912328052876136,0.012912328052876136,0.001311561413863204,0.8183219627394384,1.0000000000000002,0.0,0.6923076923076923,1
0.03225806451612903,0.03678658371652692,0.5796132174428184,0.5759249846059972,1.0,0.012912328052876136,0.0,0.02064746785620572,0.0,1.0,0.0,1
0.0,0.0032458750338111974,0.5796132422141971,0.8378249187454863,0.012912328052876136,0.012912328052876136,0.001311561413863204,0.7648911046969299,1.0000000000000002,0.0,0.6153846153846154,1
0.0,0.005409791723018665,0.5796132519557505,0.8378249195750546,0.012912328052876136,0.012912328052876136,0.007262771329267492,0.7052610863290474,1.0000000000000002,0.0,0.6923076923076923,1
0.03225806451612903,0.03678658371652692,0.5796132174428184,0.5759250050686835,1.0,0.012912328052876136,0.0,0.02064746785620572,0.0,1.0,0.0,1
0.0,0.005409791723018665,0.5796132346992844,0.8378249170863494,0.012912328052876136,0.012912328052876136,0.007262771329267492,0.6394647074258724,1.0000000000000002,0.0,0.6923076923076923,1
0.0,0.11685150121720313,0.5796132719955177,0.837824917639395,0.012912328052876136,0.012912328052876136,0.001311561413863204,0.7937877197585934,1.0000000000000002,0.0,0.9230769230769231,1
0.0,0.0032458750338111974,0.8432249015139105,0.5759249879242706,0.012912328052876136,0.012912328052876136,0.6495835792510984,0.006904355812122802,1.0000000000000002,0.0,0.6153846153846154,1
0.0,0.12442520962942928,0.8432249015139105,0.5759249879242706,0.012912328052876136,0.012912328052876136,0.6579775722998229,0.006904355812122802,1.0000000000000002,0.0,0.9230769230769231,1
0.0,0.1279415742493914,0.5796132552957117,0.8378249173628722,0.012912328052876136,0.012912328052876136,0.001311561413863204,0.6168328522697454,1.0000000000000002,0.0,0.9230769230769231,1
0.0,0.0032458750338111974,0.5796132294110126,0.8378249192985318,0.012912328052876136,0.012912328052876136,0.007262771329267492,0.9959656258199947,1.0000000000000002,0.0,0.6538461538461539,1
0.0,0.010819583446037328,0.5796132174428184,0.5759249826703376,1.0,0.012912328052876136,0.0,0.02064746785620572,0.0,1.0,0.0,1
0.0,0.005409791723018665,0.8432249040188813,0.5759250050686835,0.012912328052876136,0.012912328052876136,0.7535248212997573,0.006904355812122802,1.0000000000000002,0.0,0.07692307692307693,1
0.0,0.0032458750338111974,0.8432249001222599,0.5759250211070052,0.012912328052876136,0.012912328052876136,0.9584562922158829,0.006904355812122802,1.0000000000000002,0.0,0.6153846153846154,1
0.0,0.005409791723018665,0.8432249026272308,0.5759249837764288,0.012912328052876136,0.012912328052876136,0.6104334710472817,0.006904355812122802,1.0000000000000002,0.0,0.07692307692307693,1
0.0,0.0032458750338111974,0.8432249037405513,0.5759249826703376,0.012912328052876136,0.012912328052876136,0.5613482851334514,0.006904355812122802,1.0000000000000002,0.0,0.6538461538461539,1
0.0,0.0032458750338111974,0.5796132346992844,0.8378249170863494,0.012912328052876136,0.012912328052876136,0.007262771329267492,0.704933088428234,1.0000000000000002,0.0,0.6153846153846154,1
0.0,0.17879361644576683,0.8432249012355804,0.5759250083869569,0.012912328052876136,0.012912328052876136,0.7574595055413469,0.006904355812122802,1.0000000000000002,0.0,0.9230769230769231,1
0.0,0.11901541790641061,0.8432249020705707,0.5759250249783242,0.012912328052876136,0.012912328052876136,0.871073513017247,0.0009511939123589609,1.0000000000000002,0.0,0.9230769230769231,1
0.0,0.0032458750338111974,0.5796132346992844,0.8378249170863494,0.012912328052876136,0.012912328052876136,0.007262771329267492,0.7259905536604565,1.0000000000000002,0.0,0.6153846153846154,1
0.0,0.0032458750338111974,0.5796132294110126,0.8378249192985318,0.012912328052876136,0.012912328052876136,0.007262771329267492,0.5955785882970348,1.0000000000000002,0.0,0.6153846153846154,1
0.0,0.0032458750338111974,0.8432249020705707,0.5759250249783242,0.012912328052876136,0.012912328052876136,0.891763394320939,0.0009511939123589609,1.0000000000000002,0.0,0.6153846153846154,1
0.0,0.0032458750338111974,0.5796132313593233,0.8378249179159178,0.012912328052876136,0.012912328052876136,0.001311561413863204,0.9471923379690369,1.0000000000000002,0.0,0.6153846153846154,1
0.0,0.0032458750338111974,0.5796132294110126,0.8378249192985318,0.012912328052876136,0.012912328052876136,0.007262771329267492,0.6171280503804775,1.0000000000000002,0.0,0.6153846153846154,1
0.0,0.0032458750338111974,0.8432249037405513,0.5759249826703376,0.012912328052876136,0.012912328052876136,0.6226965702669027,0.006904355812122802,1.0000000000000002,0.0,0.6153846153846154,1
0.0,0.0032458750338111974,0.8432249012355804,0.5759250083869569,0.012912328052876136,0.012912328052876136,0.8120532493934028,0.006904355812122802,1.0000000000000002,0.0,0.6538461538461539,1
0.0,0.0032458750338111974,0.5796132294110126,0.8378249192985318,0.012912328052876136,0.012912328052876136,0.007262771329267492,0.6379559170821306,1.0000000000000002,0.0,0.6153846153846154,1
0.0,0.005409791723018665,0.5796132346992844,0.8378249170863494,0.012912328052876136,0.012912328052876136,0.007262771329267492,0.7846365783258986,1.0000000000000002,0.0,0.6923076923076923,1
0.03225806451612903,0.03678658371652692,0.5796132174428184,0.5759249879242706,1.0,0.012912328052876136,0.0,0.02064746785620572,0.0,1.0,0.0,1
0.0,0.0032458750338111974,0.8432249001222599,0.5759250211070052,0.012912328052876136,0.012912328052876136,0.5957439832120138,0.006904355812122802,1.0000000000000002,0.0,0.6538461538461539,1
0.0,0.0032458750338111974,0.8432249037405513,0.5759249826703376,0.012912328052876136,0.012912328052876136,0.6608957964456685,0.006904355812122802,1.0000000000000002,0.0,0.6153846153846154,1
0.0,0.0032458750338111974,0.5796132313593233,0.8378249179159178,0.012912328052876136,0.012912328052876136,0.001311561413863204,0.5396221464182629,1.0000000000000002,0.0,0.6153846153846154,1
0.0,0.0032458750338111974,0.5796132346992844,0.8378249170863494,0.012912328052876136,0.012912328052876136,0.007262771329267492,0.8081212280241405,1.0000000000000002,0.0,0.6153846153846154,1
0.0,0.0032458750338111974,0.5796132680988962,0.8378249157037355,0.012912328052876136,0.012912328052876136,0.007262771329267492,0.6241800052479664,1.0000000000000002,0.0,0.6153846153846154,1
0.0,0.0032458750338111974,0.8432249023489008,0.5759249846059972,0.012912328052876136,0.012912328052876136,0.5623975342645419,0.0009511939123589609,1.0000000000000002,0.0,0.6153846153846154,1
0.0,0.0032458750338111974,0.8432249015139105,0.5759249879242706,0.012912328052876136,0.012912328052876136,0.8287756574201587,0.006904355812122802,1.0000000000000002,0.0,0.6153846153846154,1
0.0,0.0032458750338111974,0.8432249006789202,0.5759249771398819,0.012912328052876136,0.012912328052876136,0.9434389140271493,0.006904355812122802,1.0000000000000002,0.0,0.6153846153846154,1
0.0,0.005409791723018665,0.8432249012355804,0.5759250083869569,0.012912328052876136,0.012912328052876136,0.8916322381795527,0.006904355812122802,1.0000000000000002,0.0,0.07692307692307693,1
0.0,0.0032458750338111974,0.8432249006789202,0.5759249771398819,0.012912328052876136,0.012912328052876136,0.9571775198373663,0.006904355812122802,1.0000000000000002,0.0,0.6153846153846154,1
0.0,0.005409791723018665,0.8432249040188813,0.5759250050686835,0.012912328052876136,0.012912328052876136,0.9329792117515902,0.006904355812122802,1.0000000000000002,0.0,0.07692307692307693,1
0.0,0.005409791723018665,0.8432249009572502,0.5759249948373403,0.012912328052876136,0.012912328052876136,0.6418453669093055,0.006904355812122802,1.0000000000000002,0.0,0.07692307692307693,1
0.0,0.0032458750338111974,0.8432249037405513,0.5759249826703376,0.012912328052876136,0.012912328052876136,0.7338186110564626,0.006904355812122802,1.0000000000000002,0.0,0.6538461538461539,1
0.0,0.1338923451447119,0.5796132552957117,0.8378249173628722,0.012912328052876136,0.012912328052876136,0.001311561413863204,0.8319994752033586,1.0000000000000002,0.0,0.9230769230769231,1
0.0,0.11658101163105221,0.5796132519557505,0.8378249195750546,0.012912328052876136,0.012912328052876136,0.007262771329267492,0.9560154815009183,1.0000000000000002,0.0,0.9230769230769231,1
0.0,0.1246956992155802,0.5796132346992844,0.8378249170863494,0.012912328052876136,0.012912328052876136,0.007262771329267492,0.8908750983993702,1.0000000000000002,0.0,0.9230769230769231,1
0.0,0.0032458750338111974,0.5796132552957117,0.8378249173628722,0.012912328052876136,0.012912328052876136,0.001311561413863204,0.8508921542902125,1.0000000000000002,0.0,0.6153846153846154,1
0.0,0.005409791723018665,0.8432249026272308,0.5759249837764288,0.012912328052876136,0.012912328052876136,0.8240212472949046,0.006904355812122802,1.0000000000000002,0.0,0.07692307692307693,1
0.0,0.11468758452799567,0.5796132519557505,0.8378249195750546,0.012912328052876136,0.012912328052876136,0.007262771329267492,0.9837641039097349,1.0000000000000002,0.0,0.9230769230769231,1
0.0,0.0032458750338111974,0.5796132238444106,0.8378249162567811,0.012912328052876136,0.012912328052876136,0.007262771329267492,0.5604500131199159,1.0000000000000002,0.0,0.6153846153846154,1
0.0,0.0032458750338111974,0.5796132416575369,0.8378249165333039,0.012912328052876136,0.012912328052876136,0.007262771329267492,0.6999803201259511,1.0000000000000002,0.0,0.6153846153846154,1
0.0,0.005409791723018665,0.8432249031838911,0.5759249953903859,0.012912328052876136,0.012912328052876136,0.6141386320414453,0.0009511939123589609,1.0000000000000002,0.0,0.07692307692307693,1
0.0,0.0032458750338111974,0.5796132346992844,0.8378249170863494,0.012912328052876136,0.012912328052876136,0.007262771329267492,0.9390579900288637,1.0000000000000002,0.0,0.6153846153846154,1
0.0,0.12875304300784418,0.5796132642022749,0.8378249159802583,0.012912328052876136,0.012912328052876136,0.007262771329267492,0.994948832327473,1.0000000000000002,0.0,0.9230769230769231,1
0.0,0.005409791723018665,0.5796132552957117,0.8378249173628722,0.012912328052876136,0.012912328052876136,0.001311561413863204,0.9100629755969561,1.0000000000000002,0.0,0.6923076923076923,1
0.0,0.0032458750338111974,0.5796132346992844,0.8378249170863494,0.012912328052876136,0.012912328052876136,0.007262771329267492,0.9592954605090527,1.0000000000000002,0.0,0.6538461538461539,1
0.0,0.0032458750338111974,0.5796132294110126,0.8378249192985318,0.012912328052876136,0.012912328052876136,0.007262771329267492,0.8278667016531094,1.0000000000000002,0.0,0.6153846153846154,1
0.0,0.0032458750338111974,0.8432249009572502,0.5759249948373403,0.012912328052876136,0.012912328052876136,0.7480490523968785,0.006904355812122802,1.0000000000000002,0.0,0.6153846153846154,1
0.0,0.0032458750338111974,0.5796132552957117,0.8378249173628722,0.012912328052876136,0.012912328052876136,0.001311561413863204,0.9347612175282077,1.0000000000000002,0.0,0.6153846153846154,1
0.0,0.0032458750338111974,0.8432249037405513,0.5759249826703376,0.012912328052876136,0.012912328052876136,0.8501541084661288,0.006904355812122802,1.0000000000000002,0.0,0.6153846153846154,1
0.0,0.0032458750338111974,0.8432249031838911,0.5759249953903859,0.012912328052876136,0.012912328052876136,0.6765033772706407,0.0009511939123589609,1.0000000000000002,0.0,0.6153846153846154,1
0.0,0.005409791723018665,0.5796132552957117,0.8378249168098267,0.012912328052876136,0.012912328052876136,0.007262771329267492,0.5868210443453161,1.0000000000000002,0.0,0.6923076923076923,1
0.0,0.005409791723018665,0.8432249020705707,0.5759250249783242,0.012912328052876136,0.012912328052876136,0.7005377401796838,0.0009511939123589609,1.0000000000000002,0.0,0.07692307692307693,1
0.0,0.0032458750338111974,0.5796132719955177,0.837824917639395,0.012912328052876136,0.012912328052876136,0.001311561413863204,0.7043754919968511,1.0000000000000002,0.0,0.6538461538461539,1
0.0,0.0032458750338111974,0.579613230524333,0.8378249181924406,0.012912328052876136,0.012912328052876136,0.007262771329267492,0.9392219889792705,1.0000000000000002,0.0,0.6153846153846154,1
0.0,0.0032458750338111974,0.5796132313593233,0.8378249179159178,0.012912328052876136,0.012912328052876136,0.001311561413863204,0.7653175019679873,1.0000000000000002,0.0,0.6153846153846154,1
0.0,0.0032458750338111974,0.8432249020705707,0.5759250249783242,0.012912328052876136,0.012912328052876136,0.7280477408354645,0.0009511939123589609,1.0000000000000002,0.0,0.6153846153846154,1
0.0,0.0032458750338111974,0.8432249040188813,0.5759250050686835,0.012912328052876136,0.012912328052876136,0.6562069643911076,0.006904355812122802,1.0000000000000002,0.0,0.6153846153846154,1
0.0,0.0032458750338111974,0.8432249015139105,0.5759249879242706,0.012912328052876136,0.012912328052876136,0.5906288936979474,0.006904355812122802,1.0000000000000002,0.0,0.6153846153846154,1
0.0,0.0032458750338111974,0.5796132238444106,0.8378249162567811,0.012912328052876136,0.012912328052876136,0.007262771329267492,0.6978483337706638,1.0000000000000002,0.0,0.6153846153846154,1
0.0,0.0032458750338111974,0.5796132519557505,0.8378249195750546,0.012912328052876136,0.012912328052876136,0.007262771329267492,0.6733796903699816,1.0000000000000002,0.0,0.6153846153846154,1
0.0,0.125507167974033,0.5796132642022749,0.8378249159802583,0.012912328052876136,0.012912328052876136,0.007262771329267492,0.6550446077145106,1.0000000000000002,0.0,0.9230769230769231,1
0.0,0.0032458750338111974,0.8432249040188813,0.5759250050686835,0.012912328052876136,0.012912328052876136,0.6905042953636303,0.006904355812122802,1.0000000000000002,0.0,0.6153846153846154,1
0.0,0.0032458750338111974,0.5796132680988962,0.8378249157037355,0.012912328052876136,0.012912328052876136,0.007262771329267492,0.8921542902125426,1.0000000000000002,0.0,0.6538461538461539,1
0.0,0.1622937516905599,0.8432249023489008,0.5759249846059972,0.012912328052876136,0.012912328052876136,0.8284805561020394,0.0009511939123589609,1.0000000000000002,0.0,0.9230769230769231,1
0.0,0.16418717879361644,0.8432249023489008,0.5759249846059972,0.012912328052876136,0.012912328052876136,0.8356613548429405,0.0009511939123589609,1.0000000000000002,0.0,0.9230769230769231,1
0.0,0.15904787665674872,0.8432249004005901,0.5759250172356861,0.012912328052876136,0.012912328052876136,0.6911928651059085,0.006904355812122802,1.0000000000000002,0.0,0.9230769230769231,1
0.0,0.13551528266161753,0.8432249026272308,0.5759249837764288,0.012912328052876136,0.012912328052876136,0.5653813364810807,0.006904355812122802,1.0000000000000002,0.0,0.9230769230769231,1
0.03225806451612903,0.03462266702731945,0.5796132174428184,0.5759250249783242,1.0,0.012912328052876136,0.0,0.02064746785620572,0.0,1.0,0.0,1
0.0,0.005409791723018665,0.5796132719955177,0.837824917639395,0.012912328052876136,0.012912328052876136,0.001311561413863204,0.8103844135397532,1.0000000000000002,0.0,0.6923076923076923,1
0.0,0.010819583446037328,0.5796132174428184,0.5759249826703376,1.0,0.012912328052876136,0.0,0.02064746785620572,0.0,1.0,0.0,1
0.0,0.0032458750338111974,0.5796132294110126,0.8378249192985318,0.012912328052876136,0.012912328052876136,0.007262771329267492,0.9884216741012857,1.0000000000000002,0.0,0.6538461538461539,1
0.0,0.005409791723018665,0.8432249031838911,0.5759249953903859,0.012912328052876136,0.012912328052876136,0.8144140599383566,0.0009511939123589609,1.0000000000000002,0.0,0.07692307692307693,1
0.0,0.0032458750338111974,0.8432249006789202,0.5759249771398819,0.012912328052876136,0.012912328052876136,0.7806085644960324,0.006904355812122802,1.0000000000000002,0.0,0.6153846153846154,1
0.0,0.0032458750338111974,0.8432249037405513,0.5759249826703376,0.012912328052876136,0.012912328052876136,0.5496425995147223,0.006904355812122802,1.0000000000000002,0.0,0.6153846153846154,1
0.0,0.0032458750338111974,0.8432249012355804,0.5759250083869569,0.012912328052876136,0.012912328052876136,0.7352285395763656,0.006904355812122802,1.0000000000000002,0.0,0.6538461538461539,1
0.0,0.0032458750338111974,0.5796132313593233,0.8378249179159178,0.012912328052876136,0.012912328052876136,0.001311561413863204,0.8980910522172657,1.0000000000000002,0.0,0.6153846153846154,1
0.0,0.0032458750338111974,0.5796132719955177,0.837824917639395,0.012912328052876136,0.012912328052876136,0.001311561413863204,0.8563369194437155,1.0000000000000002,0.0,0.6153846153846154,1
0.0,0.0032458750338111974,0.5796132552957117,0.8378249168098267,0.012912328052876136,0.012912328052876136,0.007262771329267492,0.7577735502492783,1.0000000000000002,0.0,0.6153846153846154,1
0.0,0.012983500135244795,0.5796132174428184,0.5759250050686835,1.0,0.012912328052876136,0.0,0.02064746785620572,0.0,1.0,0.0,1
0.0,0.005409791723018665,0.5796132519557505,0.8378249195750546,0.012912328052876136,0.012912328052876136,0.007262771329267492,0.7940829178693256,1.0000000000000002,0.0,0.6923076923076923,1
0.0,0.0032458750338111974,0.5796132642022749,0.8378249159802583,0.012912328052876136,0.012912328052876136,0.007262771329267492,0.7727958541065336,1.0000000000000002,0.0,0.6153846153846154,1
0.0,0.0032458750338111974,0.5796132719955177,0.837824917639395,0.012912328052876136,0.012912328052876136,0.001311561413863204,0.8840527420624508,1.0000000000000002,0.0,0.6153846153846154,1
0.0,0.0032458750338111974,0.8432249037405513,0.5759249826703376,0.012912328052876136,0.012912328052876136,0.6012525411502393,0.006904355812122802,1.0000000000000002,0.0,0.6153846153846154,1
0.0,0.005409791723018665,0.5796132719955177,0.837824917639395,0.012912328052876136,0.012912328052876136,0.001311561413863204,0.9004854368932038,1.0000000000000002,0.0,0.6923076923076923,1
0.0,0.0032458750338111974,0.8432249020705707,0.5759250249783242,0.012912328052876136,0.012912328052876136,0.9038297593284805,0.0009511939123589609,1.0000000000000002,0.0,0.6153846153846154,1
0.0,0.18636732485799296,0.8432249001222599,0.5759250211070052,0.012912328052876136,0.012912328052876136,0.5682995606269263,0.006904355812122802,1.0000000000000002,0.0,0.9230769230769231,1
0.0,0.1322694076278063,0.5796132346992844,0.8378249170863494,0.012912328052876136,0.012912328052876136,0.007262771329267492,0.7659734977696142,1.0000000000000002,0.0,0.9230769230769231,1
0.0,0.005409791723018665,0.8432249015139105,0.5759249879242706,0.012912328052876136,0.012912328052876136,0.7769361925372155,0.006904355812122802,1.0000000000000002,0.0,0.07692307692307693,1
0.0,0.0032458750338111974,0.8432249006789202,0.5759249771398819,0.012912328052876136,0.012912328052876136,0.8875336087612302,0.006904355812122802,1.0000000000000002,0.0,0.6153846153846154,1
0.0,0.0032458750338111974,0.5796132719955177,0.837824917639395,0.012912328052876136,0.012912328052876136,0.001311561413863204,0.9395499868800838,1.0000000000000002,0.0,0.6153846153846154,1
0.0,0.005409791723018665,0.8432249023489008,0.5759249846059972,0.012912328052876136,0.012912328052876136,0.9968522526067283,0.0009511939123589609,1.0000000000000002,0.0,0.07692307692307693,1
0.0,0.0032458750338111974,0.5796132422141971,0.8378249187454863,0.012912328052876136,0.012912328052876136,0.001311561413863204,0.9427971660981369,1.0000000000000002,0.0,0.6153846153846154,1
0.0,0.0032458750338111974,0.5796132416575369,0.8378249165333039,0.012912328052876136,0.012912328052876136,0.007262771329267492,0.5819994752033586,1.0000000000000002,0.0,0.6538461538461539,1
0.0,0.0032458750338111974,0.8432249004005901,0.5759250172356861,0.012912328052876136,0.012912328052876136,0.8664830480687258,0.006904355812122802,1.0000000000000002,0.0,0.6153846153846154,1
0.0,0.0032458750338111974,0.8432249015139105,0.5759249879242706,0.012912328052876136,0.012912328052876136,0.8218571709620303,0.006904355812122802,1.0000000000000002,0.0,0.6153846153846154,1
0.0,0.0032458750338111974,0.8432249009572502,0.5759249948373403,0.012912328052876136,0.012912328052876136,0.6065971539117319,0.006904355812122802,1.0000000000000002,0.0,0.6153846153846154,1
0.0,0.0032458750338111974,0.5796132346992844,0.8378249170863494,0.012912328052876136,0.012912328052876136,0.007262771329267492,0.836525846234584,1.0000000000000002,0.0,0.6153846153846154,1
0.0,0.0032458750338111974,0.8432249009572502,0.5759249948373403,0.012912328052876136,0.012912328052876136,0.6174503246114499,0.006904355812122802,1.0000000000000002,0.0,0.6538461538461539,1
0.0,0.0032458750338111974,0.8432249006789202,0.5759249771398819,0.012912328052876136,0.012912328052876136,0.9564561610597415,0.006904355812122802,1.0000000000000002,0.0,0.6153846153846154,1
0.0,0.0032458750338111974,0.5796132422141971,0.8378249187454863,0.012912328052876136,0.012912328052876136,0.001311561413863204,0.9981304119653633,1.0000000000000002,0.0,0.6153846153846154,1
0.0,0.005409791723018665,0.8432249040188813,0.5759250050686835,0.012912328052876136,0.012912328052876136,0.9391763394320939,0.006904355812122802,1.0000000000000002,0.0,0.07692307692307693,1
0.0,0.0032458750338111974,0.5796132416575369,0.8378249165333039,0.012912328052876136,0.012912328052876136,0.007262771329267492,0.6445158750983992,1.0000000000000002,0.0,0.6538461538461539,1
0.03225806451612903,0.032458750338111984,0.5796132174428184,0.5759249948373403,1.0,0.012912328052876136,0.0,0.02064746785620572,0.0,1.0,0.0,1
0.0,0.0032458750338111974,0.5796132680988962,0.8378249157037355,0.012912328052876136,0.012912328052876136,0.007262771329267492,0.6852532143794279,1.0000000000000002,0.0,0.6538461538461539,1
0.0,0.0032458750338111974,0.8432249004005901,0.5759250172356861,0.012912328052876136,0.012912328052876136,0.932290642009312,0.006904355812122802,1.0000000000000002,0.0,0.6153846153846154,1
0.0,0.0032458750338111974,0.8432249004005901,0.5759250172356861,0.012912328052876136,0.012912328052876136,0.9423568758607122,0.006904355812122802,1.0000000000000002,0.0,0.6153846153846154,1
0.0,0.0032458750338111974,0.5796132680988962,0.8378249157037355,0.012912328052876136,0.012912328052876136,0.007262771329267492,0.7045722907373392,1.0000000000000002,0.0,0.6153846153846154,1
0.0,0.0032458750338111974,0.5796132680988962,0.8378249157037355,0.012912328052876136,0.012912328052876136,0.007262771329267492,0.7120178430858042,1.0000000000000002,0.0,0.6538461538461539,1
0.0,0.0032458750338111974,0.5796132552957117,0.8378249168098267,0.012912328052876136,0.012912328052876136,0.007262771329267492,0.9560482812909996,1.0000000000000002,0.0,0.6153846153846154,1
0.0,0.005409791723018665,0.5796132552957117,0.8378249173628722,0.012912328052876136,0.012912328052876136,0.001311561413863204,0.8751311991603253,1.0000000000000002,0.0,0.6923076923076923,1
0.0,0.0032458750338111974,0.8432249001222599,0.5759250211070052,0.012912328052876136,0.012912328052876136,0.7329988851727982,0.006904355812122802,1.0000000000000002,0.0,0.6538461538461539,1
0.0,0.13497430348931566,0.579613230524333,0.8378249181924406,0.012912328052876136,0.012912328052876136,0.007262771329267492,0.8476449750721594,1.0000000000000002,0.0,0.9230769230769231,1
0.0,0.14822829321071138,0.8432249012355804,0.5759250083869569,0.012912328052876136,0.012912328052876136,0.9840317397862154,0.006904355812122802,1.0000000000000002,0.0,0.9230769230769231,1
0.0,0.0032458750338111974,0.8432249037405513,0.5759249826703376,0.012912328052876136,0.012912328052876136,0.8080201980457734,0.006904355812122802,1.0000000000000002,0.0,0.6538461538461539,1
0.0,0.0032458750338111974,0.5796132519557505,0.8378249195750546,0.012912328052876136,0.012912328052876136,0.007262771329267492,0.5620572028339018,1.0000000000000002,0.0,0.6153846153846154,1
0.0,0.0032458750338111974,0.5796132294110126,0.8378249192985318,0.012912328052876136,0.012912328052876136,0.007262771329267492,0.8229795329309891,1.0000000000000002,0.0,0.6153846153846154,1
0.0,0.0032458750338111974,0.8432249015139105,0.5759249879242706,0.012912328052876136,0.012912328052876136,0.9663256606990621,0.006904355812122802,1.0000000000000002,0.0,0.6538461538461539,1
0.0,0.0032458750338111974,0.8432249037405513,0.5759249826703376,0.012912328052876136,0.012912328052876136,0.8348744179946226,0.006904355812122802,1.0000000000000002,0.0,0.6153846153846154,1
0.0,0.0032458750338111974,0.5796132680988962,0.8378249157037355,0.012912328052876136,0.012912328052876136,0.007262771329267492,0.7875885594332196,1.0000000000000002,0.0,0.6538461538461539,1
0.0,0.12496618880173115,0.5796132552957117,0.8378249168098267,0.012912328052876136,0.012912328052876136,0.007262771329267492,0.5688795591708212,1.0000000000000002,0.0,0.9230769230769231,1
0.0,0.005409791723018665,0.8432249009572502,0.5759249948373403,0.012912328052876136,0.012912328052876136,0.7718538920584956,0.006904355812122802,1.0000000000000002,0.0,0.07692307692307693,1
0.0,0.1452529077630511,0.5796132346992844,0.8378249170863494,0.012912328052876136,0.012912328052876136,0.007262771329267492,0.5382445552348465,1.0000000000000002,0.0,0.9230769230769231,1
0.0,0.1639166892074655,0.8432249015139105,0.5759249879242706,0.012912328052876136,0.012912328052876136,0.5464292740507574,0.006904355812122802,1.0000000000000002,0.0,0.9230769230769231,1
0.0,0.0032458750338111974,0.8432249037405513,0.5759249826703376,0.012912328052876136,0.012912328052876136,0.8776641091219096,0.006904355812122802,1.0000000000000002,0.0,0.6538461538461539,1
0.0,0.0032458750338111974,0.5796132238444106,0.8378249162567811,0.012912328052876136,0.012912328052876136,0.007262771329267492,0.6617357648911046,1.0000000000000002,0.0,0.6538461538461539,1
0.0,0.010819583446037328,0.5796132174428184,0.5759249771398819,1.0,0.012912328052876136,0.0,0.02064746785620572,0.0,1.0,0.0,1
0.0,0.0032458750338111974,0.8432249009572502,0.5759249948373403,0.012912328052876136,0.012912328052876136,0.8033313659912125,0.006904355812122802,1.0000000000000002,0.0,0.6153846153846154,1
0.0,0.0032458750338111974,0.8432249015139105,0.5759249879242706,0.012912328052876136,0.012912328052876136,0.5757426716506,0.006904355812122802,1.0000000000000002,0.0,0.6153846153846154,1
0.0,0.0032458750338111974,0.8432249031838911,0.5759249953903859,0.012912328052876136,0.012912328052876136,0.7206374188471375,0.0009511939123589609,1.0000000000000002,0.0,0.6538461538461539,1
0.0,0.0032458750338111974,0.8432249026272308,0.5759249837764288,0.012912328052876136,0.012912328052876136,0.9635058036592563,0.006904355812122802,1.0000000000000002,0.0,0.6538461538461539,1
0.0,0.005409791723018665,0.5796132680988962,0.8378249157037355,0.012912328052876136,0.012912328052876136,0.007262771329267492,0.8669640514300707,1.0000000000000002,0.0,0.6923076923076923,1
0.0,0.005409791723018665,0.5796132552957117,0.8378249168098267,0.012912328052876136,0.012912328052876136,0.007262771329267492,0.6478614536866963,1.0000000000000002,0.0,0.6923076923076923,1
0.0,0.0032458750338111974,0.8432249040188813,0.5759250050686835,0.012912328052876136,0.012912328052876136,0.680142960194111,0.006904355812122802,1.0000000000000002,0.0,0.6153846153846154,1
0.0,0.0032458750338111974,0.579613230524333,0.8378249181924406,0.012912328052876136,0.012912328052876136,0.007262771329267492,0.9923904487011282,1.0000000000000002,0.0,0.6153846153846154,1
0.0,0.0032458750338111974,0.5796132238444106,0.8378249162567811,0.012912328052876136,0.012912328052876136,0.007262771329267492,0.7244489635266333,1.0000000000000002,0.0,0.6153846153846154,1
0.0,0.005409791723018665,0.5796132313593233,0.8378249179159178,0.012912328052876136,0.012912328052876136,0.001311561413863204,0.8299002886381527,1.0000000000000002,0.0,0.6923076923076923,1
0.0,0.0032458750338111974,0.8432249012355804,0.5759250083869569,0.012912328052876136,0.012912328052876136,0.6780444619319299,0.006904355812122802,1.0000000000000002,0.0,0.6153846153846154,1
0.0,0.0032458750338111974,0.8432249009572502,0.5759249948373403,0.012912328052876136,0.012912328052876136,0.8818283166109252,0.006904355812122802,1.0000000000000002,0.0,0.6153846153846154,1
0.0,0.010819583446037328,0.5796132174428184,0.5759250050686835,1.0,0.012912328052876136,0.0,0.02064746785620572,0.0,1.0,0.0,1
0.0,0.0032458750338111974,0.5796132519557505,0.8378249195750546,0.012912328052876136,0.012912328052876136,0.007262771329267492,0.7204801889267908,1.0000000000000002,0.0,0.6538461538461539,1
0.0,0.005409791723018665,0.5796132313593233,0.8378249179159178,0.012912328052876136,0.012912328052876136,0.001311561413863204,0.857255313565993,1.0000000000000002,0.0,0.6923076923076923,1
0.0,0.0032458750338111974,0.5796132238444106,0.8378249162567811,0.012912328052876136,0.012912328052876136,0.007262771329267492,0.7655799002886381,1.0000000000000002,0.0,0.6153846153846154,1
0.0,0.0032458750338111974,0.5796132642022749,0.8378249159802583,0.012912328052876136,0.012912328052876136,0.007262771329267492,0.716773812647599,1.0000000000000002,0.0,0.6538461538461539,1
0.0,0.010819583446037328,0.5796132174428184,0.5759250172356861,1.0,0.012912328052876136,0.0,0.02064746785620572,0.0,1.0,0.0,1
0.0,0.0032458750338111974,0.8432249004005901,0.5759250172356861,0.012912328052876136,0.012912328052876136,0.7242770017706078,0.006904355812122802,1.0000000000000002,0.0,0.6153846153846154,1
0.0,0.0032458750338111974,0.5796132313593233,0.8378249179159178,0.012912328052876136,0.012912328052876136,0.001311561413863204,0.8818223563369194,1.0000000000000002,0.0,0.6538461538461539,1
0.0,0.13281038680010818,0.5796132346992844,0.8378249170863494,0.012912328052876136,0.012912328052876136,0.007262771329267492,0.6895827866701653,1.0000000000000002,0.0,0.9230769230769231,1
0.0,0.005409791723018665,0.8432249012355804,0.5759250083869569,0.012912328052876136,0.012912328052876136,0.7443438914027148,0.006904355812122802,1.0000000000000002,0.0,0.07692307692307693,1
0.0,0.0032458750338111974,0.5796132422141971,0.8378249187454863,0.012912328052876136,0.012912328052876136,0.001311561413863204,0.845316189976384,1.0000000000000002,0.0,0.6153846153846154,1
0.0,0.0032458750338111974,0.5796132294110126,0.8378249192985318,0.012912328052876136,0.012912328052876136,0.007262771329267492,0.5718643400682235,1.0000000000000002,0.0,0.6538461538461539,1
0.0,0.010819583446037328,0.5796132174428184,0.5759249826703376,1.0,0.012912328052876136,0.0,0.02064746785620572,0.0,1.0,0.0,1
0.0,0.0032458750338111974,0.8432249015139105,0.5759249879242706,0.012912328052876136,0.012912328052876136,0.7162436881106957,0.006904355812122802,1.0000000000000002,0.0,0.6538461538461539,1
0.0,0.0032458750338111974,0.5796132313593233,0.8378249179159178,0.012912328052876136,0.012912328052876136,0.001311561413863204,0.9219692993964838,1.0000000000000002,0.0,0.6538461538461539,1
0.0,0.005409791723018665,0.5796132294110126,0.8378249192985318,0.012912328052876136,0.012912328052876136,0.007262771329267492,0.5962345840986617,1.0000000000000002,0.0,0.6923076923076923,1
0.0,0.0032458750338111974,0.5796132519557505,0.8378249195750546,0.012912328052876136,0.012912328052876136,0.007262771329267492,0.8102532143794279,1.0000000000000002,0.0,0.6538461538461539,1
0.0,0.14471192859074924,0.5796132422141971,0.8378249187454863,0.012912328052876136,0.012912328052876136,0.001311561413863204,0.8854959328260298,1.0000000000000002,0.0,0.9230769230769231,1
0.0,0.1566134703813903,0.8432249009572502,0.5759249948373403,0.012912328052876136,0.012912328052876136,0.9894747196537477,0.006904355812122802,1.0000000000000002,0.0,0.9230769230769231,1
0.0,0.0032458750338111974,0.5796132552957117,0.8378249168098267,0.012912328052876136,0.012912328052876136,0.007262771329267492,0.8024140645499868,1.0000000000000002,0.0,0.6538461538461539,1
0.0,0.0032458750338111974,0.8432249012355804,0.5759250083869569,0.012912328052876136,0.012912328052876136,0.8108072660502328,0.006904355812122802,1.0000000000000002,0.0,0.6153846153846154,1
0.0,0.005409791723018665,0.8432249031838911,0.5759249953903859,0.012912328052876136,0.012912328052876136,0.9164535379369139,0.0009511939123589609,1.0000000000000002,0.0,0.07692307692307693,1
0.0,0.17608872058425748,0.8432249012355804,0.5759250083869569,0.012912328052876136,0.012912328052876136,0.8244147157190634,0.006904355812122802,1.0000000000000002,0.0,0.9230769230769231,1
0.12903225806451613,0.10386800108195834,0.5796132174428184,0.5759249846059972,1.0,0.012912328052876136,0.0,0.02064746785620572,0.0,1.0,0.0,1
0.0,0.005409791723018665,0.5796132313593233,0.8378249179159178,0.012912328052876136,0.012912328052876136,0.001311561413863204,0.9881264759905536,1.0000000000000002,0.0,0.6923076923076923,1
0.0,0.0032458750338111974,0.5796132719955177,0.837824917639395,0.012912328052876136,0.012912328052876136,0.001311561413863204,0.9430267646287063,1.0000000000000002,0.0,0.6153846153846154,1
0.0,0.13253989721395726,0.8432249015139105,0.5759249879242706,0.012912328052876136,0.012912328052876136,0.8006754541281395,0.006904355812122802,1.0000000000000002,0.0,0.9230769230769231,1
0.0,0.0032458750338111974,0.5796132294110126,0.8378249192985318,0.012912328052876136,0.012912328052876136,0.007262771329267492,0.6681317239569666,1.0000000000000002,0.0,0.6538461538461539,1
0.0,0.0032458750338111974,0.5796132422141971,0.8378249187454863,0.012912328052876136,0.012912328052876136,0.001311561413863204,0.9546706901075832,1.0000000000000002,0.0,0.6538461538461539,1
0.0,0.010819583446037328,0.5796132174428184,0.5759249953903859,1.0,0.012912328052876136,0.0,0.02064746785620572,0.0,1.0,0.0,1
0.0,0.0032458750338111974,0.8432249004005901,0.5759250172356861,0.012912328052876136,0.012912328052876136,0.8679913436946685,0.006904355812122802,1.0000000000000002,0.0,0.6153846153846154,1
0.0,0.0032458750338111974,0.8432249020705707,0.5759250249783242,0.012912328052876136,0.012912328052876136,0.9779985572824447,0.0009511939123589609,1.0000000000000002,0.0,0.6153846153846154,1
0.0,0.005409791723018665,0.8432249023489008,0.5759249846059972,0.012912328052876136,0.012912328052876136,0.5732834939996065,0.0009511939123589609,1.0000000000000002,0.0,0.07692307692307693,1
0.0,0.005409791723018665,0.8432249015139105,0.5759249879242706,0.012912328052876136,0.012912328052876136,0.8440225588563184,0.006904355812122802,1.0000000000000002,0.0,0.07692307692307693,1
0.0,0.0032458750338111974,0.5796132422141971,0.8378249187454863,0.012912328052876136,0.012912328052876136,0.001311561413863204,0.9901600629755969,1.0000000000000002,0.0,0.6153846153846154,1
0.0,0.0032458750338111974,0.8432249023489008,0.5759249846059972,0.012912328052876136,0.012912328052876136,0.59089120598072,0.0009511939123589609,1.0000000000000002,0.0,0.6538461538461539,1
0.0,0.005409791723018665,0.5796132552957117,0.8378249168098267,0.012912328052876136,0.012912328052876136,0.007262771329267492,0.9094069797953293,1.0000000000000002,0.0,0.6923076923076923,1
0.0,0.0032458750338111974,0.5796132346992844,0.8378249170863494,0.012912328052876136,0.012912328052876136,0.007262771329267492,0.8692928365258461,1.0000000000000002,0.0,0.6153846153846154,1
0.0,0.0032458750338111974,0.8432249037405513,0.5759249826703376,0.012912328052876136,0.012912328052876136,0.7374254049445865,0.006904355812122802,1.0000000000000002,0.0,0.6153846153846154,1
0.0,0.0032458750338111974,0.8432249001222599,0.5759250211070052,0.012912328052876136,0.012912328052876136,0.6890943668437274,0.006904355812122802,1.0000000000000002,0.0,0.6538461538461539,1
0.0,0.0032458750338111974,0.8432249026272308,0.5759249837764288,0.012912328052876136,0.012912328052876136,0.8075611515509213,0.006904355812122802,1.0000000000000002,0.0,0.6153846153846154,1
0.0,0.0032458750338111974,0.8432249026272308,0.5759249837764288,0.012912328052876136,0.012912328052876136,0.8110040002623122,0.006904355812122802,1.0000000000000002,0.0,0.6153846153846154,1
0.0,0.0032458750338111974,0.5796132422141971,0.8378249187454863,0.012912328052876136,0.012912328052876136,0.001311561413863204,0.5813106796116504,1.0000000000000002,0.0,0.6153846153846154,1
0.0,0.12821206383554232,0.8432249023489008,0.5759249846059972,0.012912328052876136,0.012912328052876136,0.6470260344940651,0.0009511939123589609,1.0000000000000002,0.0,0.9230769230769231,1
0.0,0.005409791723018665,0.5796132416575369,0.8378249165333039,0.012912328052876136,0.012912328052876136,0.007262771329267492,0.6937811598005772,1.0000000000000002,0.0,0.6923076923076923,1
0.0,0.012983500135244795,0.5796132174428184,0.5759249948373403,1.0,0.012912328052876136,0.0,0.02064746785620572,0.0,1.0,0.0,1
0.0,0.0032458750338111974,0.8432249026272308,0.5759249837764288,0.012912328052876136,0.012912328052876136,0.8388091022362122,0.006904355812122802,1.0000000000000002,0.0,0.6153846153846154,1
0.0,0.0032458750338111974,0.5796132642022749,0.8378249159802583,0.012912328052876136,0.012912328052876136,0.007262771329267492,0.9788769351876148,1.0000000000000002,0.0,0.6153846153846154,1
0.0,0.1379496889369759,0.5796132519557505,0.8378249195750546,0.012912328052876136,0.012912328052876136,0.007262771329267492,0.5456573077932301,1.0000000000000002,0.0,0.9230769230769231,1
0.0,0.0032458750338111974,0.8432249037405513,0.5759249826703376,0.012912328052876136,0.012912328052876136,0.8093973375303298,0.006904355812122802,1.0000000000000002,0.0,0.6153846153846154,1
0.0,0.0032458750338111974,0.5796132313593233,0.8378249179159178,0.012912328052876136,0.012912328052876136,0.001311561413863204,0.6882379952768302,1.0000000000000002,0.0,0.6153846153846154,1
0.0,0.0032458750338111974,0.8432249031838911,0.5759249953903859,0.012912328052876136,0.012912328052876136,0.6369925896780116,0.0009511939123589609,1.0000000000000002,0.0,0.6153846153846154,1
0.0,0.0032458750338111974,0.8432249017922405,0.5759250083869569,0.012912328052876136,0.012912328052876136,0.9182569348809757,0.0009511939123589609,1.0000000000000002,0.0,0.6153846153846154,1
0.0,0.0032458750338111974,0.579613230524333,0.8378249181924406,0.012912328052876136,0.012912328052876136,0.007262771329267492,0.8869063237995276,1.0000000000000002,0.0,0.6153846153846154,1
0.0,0.0032458750338111974,0.8432249001222599,0.5759250211070052,0.012912328052876136,0.012912328052876136,0.7845104597022755,0.006904355812122802,1.0000000000000002,0.0,0.6153846153846154,1
0.0,0.0032458750338111974,0.5796132719955177,0.837824917639395,0.012912328052876136,0.012912328052876136,0.001311561413863204,0.6735436893203883,1.0000000000000002,0.0,0.6153846153846154,1
0.0,0.0032458750338111974,0.5796132552957117,0.8378249173628722,0.012912328052876136,0.012912328052876136,0.001311561413863204,0.9446339543426922,1.0000000000000002,0.0,0.6538461538461539,1
0.0,0.0032458750338111974,0.5796132313593233,0.8378249179159178,0.012912328052876136,0.012912328052876136,0.001311561413863204,0.7356008921542901,1.0000000000000002,0.0,0.6153846153846154,1
0.0,0.0032458750338111974,0.5796132346992844,0.8378249170863494,0.012912328052876136,0.012912328052876136,0.007262771329267492,0.5428037260561531,1.0000000000000002,0.0,0.6153846153846154,1
0.0,0.012983500135244795,0.5796132174428184,0.5759250211070052,1.0,0.012912328052876136,0.0,0.02064746785620572,0.0,1.0,0.0,1
0.0,0.005409791723018665,0.5796132680988962,0.8378249157037355,0.012912328052876136,0.012912328052876136,0.007262771329267492,0.8226515350301757,1.0000000000000002,0.0,0.6923076923076923,1
0.0,0.0032458750338111974,0.5796132294110126,0.8378249192985318,0.012912328052876136,0.012912328052876136,0.007262771329267492,0.8811663605352925,1.0000000000000002,0.0,0.6153846153846154,1
0.0,0.0032458750338111974,0.5796132313593233,0.8378249179159178,0.012912328052876136,0.012912328052876136,0.001311561413863204,0.7620703227499344,1.0000000000000002,0.0,0.6153846153846154,1
0.0,0.005409791723018665,0.5796132552957117,0.8378249173628722,0.012912328052876136,0.012912328052876136,0.001311561413863204,0.9893072684334819,1.0000000000000002,0.0,0.6923076923076923,1
0.0,0.0032458750338111974,0.8432249017922405,0.5759250083869569,0.012912328052876136,0.012912328052876136,0.9965243622532625,0.0009511939123589609,1.0000000000000002,0.0,0.6153846153846154,1
0.0,0.0032458750338111974,0.5796132552957117,0.8378249173628722,0.012912328052876136,0.012912328052876136,0.001311561413863204,0.5371293623720808,1.0000000000000002,0.0,0.6153846153846154,1
0.0,0.0032458750338111974,0.8432249040188813,0.5759250050686835,0.012912328052876136,0.012912328052876136,0.6626991933897304,0.006904355812122802,1.0000000000000002,0.0,0.6153846153846154,1
0.0,0.1517446578306735,0.8432249040188813,0.5759250050686835,0.012912328052876136,0.012912328052876136,0.6705685618729097,0.006904355812122802,1.0000000000000002,0.0,0.9230769230769231,1
0.0,0.005409791723018665,0.8432249037405513,0.5759249826703376,0.012912328052876136,0.012912328052876136,0.9323890091153517,0.006904355812122802,1.0000000000000002,0.0,0.07692307692307693,1
0.0,0.0032458750338111974,0.8432249020705707,0.5759250249783242,0.012912328052876136,0.012912328052876136,0.7620171814545216,0.0009511939123589609,1.0000000000000002,0.0,0.6538461538461539,1
0.0,0.0032458750338111974,0.5796132642022749,0.8378249159802583,0.012912328052876136,0.012912328052876136,0.007262771329267492,0.6658029388611912,1.0000000000000002,0.0,0.6153846153846154,1
0.0,0.0032458750338111974,0.8432249006789202,0.5759249771398819,0.012912328052876136,0.012912328052876136,0.7310643320873499,0.006904355812122802,1.0000000000000002,0.0,0.6153846153846154,1
0.0,0.0032458750338111974,0.8432249012355804,0.5759250083869569,0.012912328052876136,0.012912328052876136,0.6791265000983671,0.006904355812122802,1.0000000000000002,0.0,0.6153846153846154,1
0.0,0.0032458750338111974,0.8432249037405513,0.5759249826703376,0.012912328052876136,0.012912328052876136,0.9663584497344088,0.006904355812122802,1.0000000000000002,0.0,0.6153846153846154,1
0.0,0.0032458750338111974,0.8432249020705707,0.5759250249783242,0.012912328052876136,0.012912328052876136,0.7969047150632828,0.0009511939123589609,1.0000000000000002,0.0,0.6153846153846154,1
0.0,0.0032458750338111974,0.5796132642022749,0.8378249159802583,0.012912328052876136,0.012912328052876136,0.007262771329267492,0.7007019155077406,1.0000000000000002,0.0,0.6153846153846154,1
0.0,0.1655396267243711,0.8432249026272308,0.5759249837764288,0.012912328052876136,0.012912328052876136,0.5746934225195094,0.006904355812122802,1.0000000000000002,0.0,0.9230769230769231,1
0.0,0.0032458750338111974,0.8432249031838911,0.5759249953903859,0.012912328052876136,0.012912328052876136,0.8098563840251819,0.0009511939123589609,1.0000000000000002,0.0,0.6153846153846154,1
0.0,0.005409791723018665,0.8432249026272308,0.5759249837764288,0.012912328052876136,0.012912328052876136,0.5910551511574529,0.006904355812122802,1.0000000000000002,0.0,0.07692307692307693,1
0.0,0.0032458750338111974,0.8432249017922405,0.5759250083869569,0.012912328052876136,0.012912328052876136,0.6329923273657289,0.0009511939123589609,1.0000000000000002,0.0,0.6153846153846154,1
0.0,0.0032458750338111974,0.8432249026272308,0.5759249837764288,0.012912328052876136,0.012912328052876136,0.6048593350383631,0.006904355812122802,1.0000000000000002,0.0,0.6153846153846154,1
0.0,0.0032458750338111974,0.579613230524333,0.8378249181924406,0.012912328052876136,0.012912328052876136,0.007262771329267492,0.6085673051692468,1.0000000000000002,0.0,0.6153846153846154,1
0.0,0.012983500135244795,0.5796132174428184,0.5759250172356861,1.0,0.012912328052876136,0.0,0.02064746785620572,0.0,1.0,0.0,1
0.0,0.005409791723018665,0.5796132642022749,0.8378249159802583,0.012912328052876136,0.012912328052876136,0.007262771329267492,0.751344791393335,1.0000000000000002,0.0,0.6923076923076923,1
0.0,0.0032458750338111974,0.5796132719955177,0.837824917639395,0.012912328052876136,0.012912328052876136,0.001311561413863204,0.8589937024403043,1.0000000000000002,0.0,0.6153846153846154,1
0.0,0.005409791723018665,0.8432249009572502,0.5759249948373403,0.012912328052876136,0.012912328052876136,0.9544888189389468,0.006904355812122802,1.0000000000000002,0.0,0.07692307692307693,1
0.0,0.0032458750338111974,0.8432249015139105,0.5759249879242706,0.012912328052876136,0.012912328052876136,0.720440684635058,0.006904355812122802,1.0000000000000002,0.0,0.6153846153846154,1
0.0,0.1379496889369759,0.5796132552957117,0.8378249168098267,0.012912328052876136,0.012912328052876136,0.007262771329267492,0.7734190501180792,1.0000000000000002,0.0,0.9230769230769231,1
0.0,0.0032458750338111974,0.8432249009572502,0.5759249948373403,0.012912328052876136,0.012912328052876136,0.9751131221719457,0.006904355812122802,1.0000000000000002,0.0,0.6153846153846154,1
0.0,0.0032458750338111974,0.8432249020705707,0.5759250249783242,0.012912328052876136,0.012912328052876136,0.8962554921634205,0.0009511939123589609,1.0000000000000002,0.0,0.6153846153846154,1
0.0,0.0032458750338111974,0.8432249009572502,0.5759249948373403,0.012912328052876136,0.012912328052876136,0.989212407370975,0.006904355812122802,1.0000000000000002,0.0,0.6153846153846154,1
0.0,0.0032458750338111974,0.8432249031838911,0.5759249953903859,0.012912328052876136,0.012912328052876136,0.8967473276936192,0.0009511939123589609,1.0000000000000002,0.0,0.6538461538461539,1
0.0,0.0032458750338111974,0.8432249040188813,0.5759250050686835,0.012912328052876136,0.012912328052876136,0.8348088399239294,0.006904355812122802,1.0000000000000002,0.0,0.6153846153846154,1
0.0,0.0032458750338111974,0.8432249012355804,0.5759250083869569,0.012912328052876136,0.012912328052876136,0.8173650731195488,0.006904355812122802,1.0000000000000002,0.0,0.6153846153846154,1
0.0,0.0032458750338111974,0.5796132416575369,0.8378249165333039,0.012912328052876136,0.012912328052876136,0.007262771329267492,0.550806874836001,1.0000000000000002,0.0,0.6153846153846154,1
0.0,0.0032458750338111974,0.8432249040188813,0.5759250050686835,0.012912328052876136,0.012912328052876136,0.8560889238638598,0.006904355812122802,1.0000000000000002,0.0,0.6153846153846154,1
0.0,0.14714633486610765,0.5796132416575369,0.8378249165333039,0.012912328052876136,0.012912328052876136,0.007262771329267492,0.5641891891891891,1.0000000000000002,0.0,0.9230769230769231,1
0.0,0.005409791723018665,0.5796132313593233,0.8378249179159178,0.012912328052876136,0.012912328052876136,0.001311561413863204,0.999245604828129,1.0000000000000002,0.0,0.6923076923076923,1
0.0,0.012983500135244795,0.5796132174428184,0.5759249846059972,1.0,0.012912328052876136,0.0,0.02064746785620572,0.0,1.0,0.0,1
0.0,0.005409791723018665,0.8432249006789202,0.5759249771398819,0.012912328052876136,0.012912328052876136,0.9107810348219555,0.006904355812122802,1.0000000000000002,0.0,0.07692307692307693,1
0.0,0.0032458750338111974,0.5796132422141971,0.8378249187454863,0.012912328052876136,0.012912328052876136,0.001311561413863204,0.9526699029126213,1.0000000000000002,0.0,0.6153846153846154,1
0.0,0.005409791723018665,0.8432249026272308,0.5759249837764288,0.012912328052876136,0.012912328052876136,0.7365073119548823,0.006904355812122802,1.0000000000000002,0.0,0.07692307692307693,1
0.0,0.0032458750338111974,0.8432249026272308,0.5759249837764288,0.012912328052876136,0.012912328052876136,0.7407043084792445,0.006904355812122802,1.0000000000000002,0.0,0.6153846153846154,1
0.0,0.005409791723018665,0.8432249023489008,0.5759249846059972,0.012912328052876136,0.012912328052876136,0.5707915273132664,0.0009511939123589609,1.0000000000000002,0.0,0.07692307692307693,1
0.0,0.15147416824452256,0.5796132238444106,0.8378249162567811,0.012912328052876136,0.012912328052876136,0.007262771329267492,0.94214117029651,1.0000000000000002,0.0,0.9230769230769231,1
0.0,0.0032458750338111974,0.8432249037405513,0.5759249826703376,0.012912328052876136,0.012912328052876136,0.7085382648042494,0.006904355812122802,1.0000000000000002,0.0,0.6538461538461539,1
0.0,0.16175277251825804,0.8432249031838911,0.5759249953903859,0.012912328052876136,0.012912328052876136,0.9946225982031608,0.0009511939123589609,1.0000000000000002,0.0,0.9230769230769231,1
0.0,0.0032458750338111974,0.8432249031838911,0.5759249953903859,0.012912328052876136,0.012912328052876136,0.5405600367237196,0.0009511939123589609,1.0000000000000002,0.0,0.6153846153846154,1
0.0,0.16175277251825804,0.8432249031838911,0.5759249953903859,0.012912328052876136,0.012912328052876136,0.545216079742934,0.0009511939123589609,1.0000000000000002,0.0,0.9230769230769231,1
0.0,0.005409791723018665,0.8432249006789202,0.5759249771398819,0.012912328052876136,0.012912328052876136,0.9793756967670011,0.006904355812122802,1.0000000000000002,0.0,0.07692307692307693,1
0.0,0.0032458750338111974,0.5796132416575369,0.8378249165333039,0.012912328052876136,0.012912328052876136,0.007262771329267492,0.6544214117029651,1.0000000000000002,0.0,0.6538461538461539,1
0.0,0.010819583446037328,0.5796132174428184,0.5759249948373403,1.0,0.012912328052876136,0.0,0.02064746785620572,0.0,1.0,0.0,1
0.0,0.005409791723018665,0.8432249037405513,0.5759249826703376,0.012912328052876136,0.012912328052876136,0.7517870024263885,0.006904355812122802,1.0000000000000002,0.0,0.07692307692307693,1
0.0,0.005409791723018665,0.8432249012355804,0.5759250083869569,0.012912328052876136,0.012912328052876136,0.9410453144468489,0.006904355812122802,1.0000000000000002,0.0,0.07692307692307693,1
0.0,0.0032458750338111974,0.5796132238444106,0.8378249162567811,0.012912328052876136,0.012912328052876136,0.007262771329267492,0.5413933350826554,1.0000000000000002,0.0,0.6153846153846154,1
0.0,0.12009737625101434,0.5796132719955177,0.837824917639395,0.012912328052876136,0.012912328052876136,0.001311561413863204,0.5961361847284177,1.0000000000000002,0.0,0.9230769230769231,1
0.0,0.005409791723018665,0.8432249020705707,0.5759250249783242,0.012912328052876136,0.012912328052876136,0.6052855924978686,0.0009511939123589609,1.0000000000000002,0.0,0.07692307692307693,1
0.0,0.0032458750338111974,0.5796132552957117,0.8378249168098267,0.012912328052876136,0.012912328052876136,0.007262771329267492,0.9652322225137758,1.0000000000000002,0.0,0.6538461538461539,1
0.0,0.14579388693535297,0.5796132552957117,0.8378249168098267,0.012912328052876136,0.012912328052876136,0.007262771329267492,0.9724481763316714,1.0000000000000002,0.0,0.9230769230769231,1
0.0,0.0032458750338111974,0.5796132719955177,0.837824917639395,0.012912328052876136,0.012912328052876136,0.001311561413863204,0.6231632117554446,1.0000000000000002,0.0,0.6538461538461539,1
0.0,0.0032458750338111974,0.8432249006789202,0.5759249771398819,0.012912328052876136,0.012912328052876136,0.5851859138304151,0.006904355812122802,1.0000000000000002,0.0,0.6153846153846154,1
0.03225806451612903,0.03462266702731945,0.5796132174428184,0.5759250249783242,1.0,0.012912328052876136,0.0,0.02064746785620572,0.0,1.0,0.0,1
0.0,0.005409791723018665,0.5796132719955177,0.837824917639395,0.012912328052876136,0.012912328052876136,0.001311561413863204,0.6395959065861978,1.0000000000000002,0.0,0.6923076923076923,1
0.0,0.0032458750338111974,0.8432249040188813,0.5759250050686835,0.012912328052876136,0.012912328052876136,0.565282969375041,0.006904355812122802,1.0000000000000002,0.0,0.6153846153846154,1
0.0,0.1387611576954287,0.5796132313593233,0.8378249179159178,0.012912328052876136,0.012912328052876136,0.001311561413863204,0.6988323274731041,1.0000000000000002,0.0,0.9230769230769231,1
0.0,0.005409791723018665,0.8432249037405513,0.5759249826703376,0.012912328052876136,0.012912328052876136,0.8342842153583842,0.006904355812122802,1.0000000000000002,0.0,0.07692307692307693,1
0.0,0.12821206383554232,0.5796132519557505,0.8378249195750546,0.012912328052876136,0.012912328052876136,0.007262771329267492,0.58642744686434,1.0000000000000002,0.0,0.9230769230769231,1
0.0,0.0032458750338111974,0.8432249017922405,0.5759250083869569,0.012912328052876136,0.012912328052876136,0.9374385205587251,0.0009511939123589609,1.0000000000000002,0.0,0.6153846153846154,1
0.0,0.0032458750338111974,0.8432249026272308,0.5759249837764288,0.012912328052876136,0.012912328052876136,0.9062233589087808,0.006904355812122802,1.0000000000000002,0.0,0.6538461538461539,1
0.0,0.0032458750338111974,0.8432249026272308,0.5759249837764288,0.012912328052876136,0.012912328052876136,0.9121253852711653,0.006904355812122802,1.0000000000000002,0.0,0.6153846153846154,1
0.0,0.0032458750338111974,0.5796132346992844,0.8378249170863494,0.012912328052876136,0.012912328052876136,0.007262771329267492,0.5405077407504592,1.0000000000000002,0.0,0.6538461538461539,1
0.0,0.16986746010278603,0.8432249020705707,0.5759250249783242,0.012912328052876136,0.012912328052876136,0.6999147485080989,0.0009511939123589609,1.0000000000000002,0.0,0.9230769230769231,1
0.0,0.0032458750338111974,0.8432249020705707,0.5759250249783242,0.012912328052876136,0.012912328052876136,0.7064069775067217,0.0009511939123589609,1.0000000000000002,0.0,0.6153846153846154,1
0.0,0.0032458750338111974,0.8432249017922405,0.5759250083869569,0.012912328052876136,0.012912328052876136,0.9781625024591776,0.0009511939123589609,1.0000000000000002,0.0,0.6538461538461539,1
0.0,0.16121179334595617,0.8432249037405513,0.5759249826703376,0.012912328052876136,0.012912328052876136,0.8940914158305462,0.006904355812122802,1.0000000000000002,0.0,0.9230769230769231,1
0.0,0.14390045983229643,0.5796132422141971,0.8378249187454863,0.012912328052876136,0.012912328052876136,0.001311561413863204,0.7166098136971922,1.0000000000000002,0.0,0.9230769230769231,1
0.0,0.0032458750338111974,0.8432249040188813,0.5759250050686835,0.012912328052876136,0.012912328052876136,0.6544035674470456,0.006904355812122802,1.0000000000000002,0.0,0.6538461538461539,1
0.0,0.005409791723018665,0.5796132294110126,0.8378249192985318,0.012912328052876136,0.012912328052876136,0.007262771329267492,0.9162293361322487,1.0000000000000002,0.0,0.6923076923076923,1
0.0,0.0032458750338111974,0.5796132346992844,0.8378249170863494,0.012912328052876136,0.012912328052876136,0.007262771329267492,0.5957097874573603,1.0000000000000002,0.0,0.6538461538461539,1
0.0,0.14579388693535297,0.5796132313593233,0.8378249179159178,0.012912328052876136,0.012912328052876136,0.001311561413863204,0.8024468643400682,1.0000000000000002,0.0,0.9230769230769231,1
0.0,0.005409791723018665,0.8432249040188813,0.5759250050686835,0.012912328052876136,0.012912328052876136,0.6840120663650074,0.006904355812122802,1.0000000000000002,0.0,0.07692307692307693,1
0.0,0.13443332431701377,0.5796132519557505,0.8378249195750546,0.012912328052876136,0.012912328052876136,0.007262771329267492,0.6890907898189451,1.0000000000000002,0.0,0.9230769230769231,1
0.0,0.0032458750338111974,0.579613230524333,0.8378249181924406,0.012912328052876136,0.012912328052876136,0.007262771329267492,0.5388349514563107,1.0000000000000002,0.0,0.6153846153846154,1
0.0,0.14362997024614552,0.5796132313593233,0.8378249179159178,0.012912328052876136,0.012912328052876136,0.001311561413863204,0.8291130936762003,1.0000000000000002,0.0,0.9230769230769231,1
0.0,0.005409791723018665,0.8432249015139105,0.5759249879242706,0.012912328052876136,0.012912328052876136,0.6383369401272214,0.006904355812122802,1.0000000000000002,0.0,0.07692307692307693,1
0.0,0.005409791723018665,0.8432249015139105,0.5759249879242706,0.012912328052876136,0.012912328052876136,0.6453865827267361,0.006904355812122802,1.0000000000000002,0.0,0.07692307692307693,1
0.0,0.005409791723018665,0.8432249037405513,0.5759249826703376,0.012912328052876136,0.012912328052876136,0.9775395107875926,0.006904355812122802,1.0000000000000002,0.0,0.07692307692307693,1
0.0,0.005409791723018665,0.5796132294110126,0.8378249192985318,0.012912328052876136,0.012912328052876136,0.007262771329267492,0.9845512988716871,1.0000000000000002,0.0,0.6923076923076923,1
0.0,0.005409791723018665,0.5796132294110126,0.8378249192985318,0.012912328052876136,0.012912328052876136,0.007262771329267492,0.9912752558383625,1.0000000000000002,0.0,0.6923076923076923,1
0.0,0.0032458750338111974,0.8432249037405513,0.5759249826703376,0.012912328052876136,0.012912328052876136,0.9963932061118761,0.006904355812122802,1.0000000000000002,0.0,0.6538461538461539,1
0.0,0.005409791723018665,0.8432249023489008,0.5759249846059972,0.012912328052876136,0.012912328052876136,0.8789428815004262,0.0009511939123589609,1.0000000000000002,0.0,0.07692307692307693,1
0.0,0.16986746010278603,0.8432249031838911,0.5759249953903859,0.012912328052876136,0.012912328052876136,0.8264476359105515,0.0009511939123589609,1.0000000000000002,0.0,0.9230769230769231,1
0.0,0.1663510954828239,0.8432249015139105,0.5759249879242706,0.012912328052876136,0.012912328052876136,0.6918486458128401,0.006904355812122802,1.0000000000000002,0.0,0.9230769230769231,1
0.0,0.15931836624289963,0.8432249020705707,0.5759250249783242,0.012912328052876136,0.012912328052876136,0.8502852646075152,0.0009511939123589609,1.0000000000000002,0.0,0.9230769230769231,1
0.0,0.13957262645388152,0.5796132346992844,0.8378249170863494,0.012912328052876136,0.012912328052876136,0.007262771329267492,0.7053922854893728,1.0000000000000002,0.0,0.9230769230769231,1
0.0,0.0032458750338111974,0.5796132346992844,0.8378249170863494,0.012912328052876136,0.012912328052876136,0.007262771329267492,0.7127394384675937,1.0000000000000002,0.0,0.6538461538461539,1
0.0,0.0032458750338111974,0.5796132294110126,0.8378249192985318,0.012912328052876136,0.012912328052876136,0.007262771329267492,0.5811466806612438,1.0000000000000002,0.0,0.6538461538461539,1
0.0967741935483871,0.08222883418988369,0.5796132174428184,0.5759249826703376,1.0,0.012912328052876136,0.0,0.02064746785620572,0.0,1.0,0.0,1
0.0,0.13037598052474977,0.579613230524333,0.8378249181924406,0.012912328052876136,0.012912328052876136,0.007262771329267492,0.6408422986092889,1.0000000000000002,0.0,0.9230769230769231,1
0.0,0.005409791723018665,0.8432249031838911,0.5759249953903859,0.012912328052876136,0.012912328052876136,0.8756311889304216,0.0009511939123589609,1.0000000000000002,0.0,0.07692307692307693,1
0.0,0.005409791723018665,0.5796132519557505,0.8378249195750546,0.012912328052876136,0.012912328052876136,0.007262771329267492,0.813598792967725,1.0000000000000002,0.0,0.6923076923076923,1
0.0,0.012983500135244795,0.5796132174428184,0.5759250050686835,1.0,0.012912328052876136,0.0,0.02064746785620572,0.0,1.0,0.0,1
0.0,0.13091695969705164,0.5796132422141971,0.8378249187454863,0.012912328052876136,0.012912328052876136,0.001311561413863204,0.8881199160325373,1.0000000000000002,0.0,0.9230769230769231,1
0.0,0.16986746010278603,0.8432249037405513,0.5759249826703376,0.012912328052876136,0.012912328052876136,0.6158436618794675,0.006904355812122802,1.0000000000000002,0.0,0.9230769230769231,1
0.0,0.0032458750338111974,0.5796132346992844,0.8378249170863494,0.012912328052876136,0.012912328052876136,0.007262771329267492,0.7599055366045656,1.0000000000000002,0.0,0.6538461538461539,1
0.0967741935483871,0.0757370841222613,0.5796132174428184,0.5759249879242706,1.0,0.012912328052876136,0.0,0.02064746785620572,0.0,1.0,0.0,1
0.0,0.0032458750338111974,0.5796132719955177,0.837824917639395,0.012912328052876136,0.012912328052876136,0.001311561413863204,0.9185253214379427,1.0000000000000002,0.0,0.6153846153846154,1
0.0,0.15607249120908845,0.8432249020705707,0.5759250249783242,0.012912328052876136,0.012912328052876136,0.9249131090563315,0.0009511939123589609,1.0000000000000002,0.0,0.9230769230769231,1
0.0,0.0032458750338111974,0.8432249020705707,0.5759250249783242,0.012912328052876136,0.012912328052876136,0.9317988064791133,0.0009511939123589609,1.0000000000000002,0.0,0.6538461538461539,1
0.0,0.13524479307546658,0.5796132519557505,0.8378249195750546,0.012912328052876136,0.012912328052876136,0.007262771329267492,0.8597480976121752,1.0000000000000002,0.0,0.9230769230769231,1
0.0,0.0032458750338111974,0.579613230524333,0.8378249181924406,0.012912328052876136,0.012912328052876136,0.007262771329267492,0.710279454211493,1.0000000000000002,0.0,0.6153846153846154,1
0.0,0.15526102245063564,0.8432249031838911,0.5759249953903859,0.012912328052876136,0.012912328052876136,0.9425863991081381,0.0009511939123589609,1.0000000000000002,0.0,0.9230769230769231,1
0.0,0.005409791723018665,0.5796132422141971,0.8378249187454863,0.012912328052876136,0.012912328052876136,0.001311561413863204,0.9504067173970085,1.0000000000000002,0.0,0.6923076923076923,1
0.0,0.0032458750338111974,0.5796132422141971,0.8378249187454863,0.012912328052876136,0.012912328052876136,0.001311561413863204,0.9564418787719757,1.0000000000000002,0.0,0.6153846153846154,1
0.0,0.0032458750338111974,0.579613230524333,0.8378249181924406,0.012912328052876136,0.012912328052876136,0.007262771329267492,0.7375360797690894,1.0000000000000002,0.0,0.6153846153846154,1
0.0,0.0032458750338111974,0.579613230524333,0.8378249181924406,0.012912328052876136,0.012912328052876136,0.007262771329267492,0.7441616373655208,1.0000000000000002,0.0,0.6153846153846154,1
0.0,0.0032458750338111974,0.8432249037405513,0.5759249826703376,0.012912328052876136,0.012912328052876136,0.6977834612105711,0.006904355812122802,1.0000000000000002,0.0,0.6153846153846154,1
0.0,0.0032458750338111974,0.8432249031838911,0.5759249953903859,0.012912328052876136,0.012912328052876136,0.9834087481146304,0.0009511939123589609,1.0000000000000002,0.0,0.6538461538461539,1
0.0,0.0032458750338111974,0.8432249026272308,0.5759249837764288,0.012912328052876136,0.012912328052876136,0.7628369073381861,0.006904355812122802,1.0000000000000002,0.0,0.6538461538461539,1
0.0,0.0032458750338111974,0.8432249037405513,0.5759249826703376,0.012912328052876136,0.012912328052876136,0.7181782411961439,0.006904355812122802,1.0000000000000002,0.0,0.6538461538461539,1
0.0,0.010819583446037328,0.5796132174428184,0.5759250249783242,1.0,0.012912328052876136,0.0,0.02064746785620572,0.0,1.0,0.0,1
0.0,0.0032458750338111974,0.5796132719955177,0.837824917639395,0.012912328052876136,0.012912328052876136,0.001311561413863204,0.5509380739963263,1.0000000000000002,0.0,0.6538461538461539,1
0.0,0.005409791723018665,0.5796132422141971,0.8378249187454863,0.012912328052876136,0.012912328052876136,0.001311561413863204,0.5485108895303069,1.0000000000000002,0.0,0.6923076923076923,1
0.0,0.0032458750338111974,0.8432249031838911,0.5759249953903859,0.012912328052876136,0.012912328052876136,0.5542986425339366,0.0009511939123589609,1.0000000000000002,0.0,0.6538461538461539,1
0.0,0.0032458750338111974,0.8432249040188813,0.5759250050686835,0.012912328052876136,0.012912328052876136,0.955406911928651,0.006904355812122802,1.0000000000000002,0.0,0.6153846153846154,1
0.0,0.0032458750338111974,0.8432249031838911,0.5759249953903859,0.012912328052876136,0.012912328052876136,0.5687586071217784,0.0009511939123589609,1.0000000000000002,0.0,0.6153846153846154,1
0.0,0.0032458750338111974,0.5796132519557505,0.8378249195750546,0.012912328052876136,0.012912328052876136,0.007262771329267492,0.9688729992128049,1.0000000000000002,0.0,0.6153846153846154,1
0.0,0.0032458750338111974,0.8432249040188813,0.5759250050686835,0.012912328052876136,0.012912328052876136,0.9757361138435307,0.006904355812122802,1.0000000000000002,0.0,0.6153846153846154,1
0.0,0.0032458750338111974,0.8432249037405513,0.5759249826703376,0.012912328052876136,0.012912328052876136,0.7724113056593874,0.006904355812122802,1.0000000000000002,0.0,0.6153846153846154,1
0.0,0.0032458750338111974,0.5796132294110126,0.8378249192985318,0.012912328052876136,0.012912328052876136,0.007262771329267492,0.7790606140120703,1.0000000000000002,0.0,0.6153846153846154,1
0.0,0.005409791723018665,0.5796132294110126,0.8378249192985318,0.012912328052876136,0.012912328052876136,0.007262771329267492,0.7861453686696405,1.0000000000000002,0.0,0.6923076923076923,1
0.0,0.012983500135244795,0.5796132174428184,0.5759249826703376,1.0,0.012912328052876136,0.0,0.02064746785620572,0.0,1.0,0.0,1
0.0,0.005409791723018665,0.5796132422141971,0.8378249187454863,0.012912328052876136,0.012912328052876136,0.001311561413863204,0.6087313041196536,1.0000000000000002,0.0,0.6923076923076923,1
0.0,0.012983500135244795,0.5796132174428184,0.5759249953903859,1.0,0.012912328052876136,0.0,0.02064746785620572,0.0,1.0,0.0,1
0.0,0.005409791723018665,0.8432249031838911,0.5759249953903859,0.012912328052876136,0.012912328052876136,0.615253459243229,0.0009511939123589609,1.0000000000000002,0.0,0.07692307692307693,1
0.0,0.0032458750338111974,0.5796132294110126,0.8378249192985318,0.012912328052876136,0.012912328052876136,0.007262771329267492,0.8052676462870637,1.0000000000000002,0.0,0.6538461538461539,1
0.0,0.010819583446037328,0.5796132174428184,0.5759249826703376,1.0,0.012912328052876136,0.0,0.02064746785620572,0.0,1.0,0.0,1
0.0,0.0032458750338111974,0.5796132422141971,0.8378249187454863,0.012912328052876136,0.012912328052876136,0.001311561413863204,0.6276239832065074,1.0000000000000002,0.0,0.6538461538461539,1
0.0,0.010819583446037328,0.5796132174428184,0.5759249953903859,1.0,0.012912328052876136,0.0,0.02064746785620572,0.0,1.0,0.0,1
0.0,0.0032458750338111974,0.8432249031838911,0.5759249953903859,0.012912328052876136,0.012912328052876136,0.6345006229916715,0.0009511939123589609,1.0000000000000002,0.0,0.6538461538461539,1
0.0,0.0032458750338111974,0.5796132422141971,0.8378249187454863,0.012912328052876136,0.012912328052876136,0.001311561413863204,0.6407766990291262,1.0000000000000002,0.0,0.6538461538461539,1
0.0,0.010819583446037328,0.5796132174428184,0.5759249953903859,1.0,0.012912328052876136,0.0,0.02064746785620572,0.0,1.0,0.0,1
0.0,0.005409791723018665,0.5796132294110126,0.8378249192985318,0.012912328052876136,0.012912328052876136,0.007262771329267492,0.8315402781422198,1.0000000000000002,0.0,0.6923076923076923,1
0.0,0.012983500135244795,0.5796132174428184,0.5759249826703376,1.0,0.012912328052876136,0.0,0.02064746785620572,0.0,1.0,0.0,1
0.0,0.0032458750338111974,0.8432249031838911,0.5759249953903859,0.012912328052876136,0.012912328052876136,0.6540756770935798,0.0009511939123589609,1.0000000000000002,0.0,0.6153846153846154,1
0.0,0.005409791723018665,0.5796132422141971,0.8378249187454863,0.012912328052876136,0.012912328052876136,0.001311561413863204,0.6604565730779323,1.0000000000000002,0.0,0.6923076923076923,1
0.0,0.012983500135244795,0.5796132174428184,0.5759249953903859,1.0,0.012912328052876136,0.0,0.02064746785620572,0.0,1.0,0.0,1
0.0,0.005409791723018665,0.5796132422141971,0.8378249187454863,0.012912328052876136,0.012912328052876136,0.001311561413863204,0.6669181317239569,1.0000000000000002,0.0,0.6923076923076923,1
0.0,0.012983500135244795,0.5796132174428184,0.5759249953903859,1.0,0.012912328052876136,0.0,0.02064746785620572,0.0,1.0,0.0,1
0.0,0.0032458750338111974,0.5796132422141971,0.8378249187454863,0.012912328052876136,0.012912328052876136,0.001311561413863204,0.6728220939385987,1.0000000000000002,0.0,0.6153846153846154,1
0.0,0.0032458750338111974,0.8432249031838911,0.5759249953903859,0.012912328052876136,0.012912328052876136,0.6795855465932192,0.0009511939123589609,1.0000000000000002,0.0,0.6538461538461539,1
0.0,0.0032458750338111974,0.8432249031838911,0.5759249953903859,0.012912328052876136,0.012912328052876136,0.6862417207685749,0.0009511939123589609,1.0000000000000002,0.0,0.6153846153846154,1
0.0,0.0032458750338111974,0.5796132294110126,0.8378249192985318,0.012912328052876136,0.012912328052876136,0.007262771329267492,0.8766399895040671,1.0000000000000002,0.0,0.6153846153846154,1
0.0,0.012983500135244795,0.5796132174428184,0.5759249826703376,1.0,0.012912328052876136,0.0,0.02064746785620572,0.0,1.0,0.0,1
0.0,0.005409791723018665,0.5796132294110126,0.8378249192985318,0.012912328052876136,0.012912328052876136,0.007262771329267492,0.8833311466806612,1.0000000000000002,0.0,0.6923076923076923,1
0.0,0.0032458750338111974,0.8432249037405513,0.5759249826703376,0.012912328052876136,0.012912328052876136,0.8898616302708374,0.006904355812122802,1.0000000000000002,0.0,0.6153846153846154,1
0.0,0.4498241817690019,0.8432249031838911,0.5759249953903859,0.012912328052876136,0.012912328052876136,0.7122434257984129,0.0009511939123589609,1.0000000000000002,0.0,0.9230769230769231,1
0.0,0.0032458750338111974,0.8432249037405513,0.5759249826703376,0.012912328052876136,0.012912328052876136,0.9029444553741228,0.006904355812122802,1.0000000000000002,0.0,0.6153846153846154,1
0.0,0.0032458750338111974,0.5796132422141971,0.8378249187454863,0.012912328052876136,0.012912328052876136,0.001311561413863204,0.7249409603778535,1.0000000000000002,0.0,0.6153846153846154,1
0.0,0.4506356505274547,0.8432249037405513,0.5759249826703376,0.012912328052876136,0.012912328052876136,0.915896124336022,0.006904355812122802,1.0000000000000002,0.0,0.9230769230769231,1
0.0,0.5169055991344333,0.8432249037405513,0.5759249826703376,0.012912328052876136,0.012912328052876136,0.922453931405338,0.006904355812122802,1.0000000000000002,0.0,0.9230769230769231,1
0.0,0.43170137949688936,0.8432249037405513,0.5759249826703376,0.012912328052876136,0.012912328052876136,0.929011738474654,0.006904355812122802,1.0000000000000002,0.0,0.9230769230769231,1
0.0,0.5531512036786584,0.8432249037405513,0.5759249826703376,0.012912328052876136,0.012912328052876136,0.93556954554397,0.006904355812122802,1.0000000000000002,0.0,0.9230769230769231,1
0.0,0.45604544225047333,0.8432249037405513,0.5759249826703376,0.012912328052876136,0.012912328052876136,0.9421273526132861,0.006904355812122802,1.0000000000000002,0.0,0.9230769230769231,1
0.0,0.4395455774952664,0.8432249037405513,0.5759249826703376,0.012912328052876136,0.012912328052876136,0.948685159682602,0.006904355812122802,1.0000000000000002,0.0,0.9230769230769231,1
0.0,0.5006762239653774,0.8432249037405513,0.5759249826703376,0.012912328052876136,0.012912328052876136,0.9552429667519181,0.006904355812122802,1.0000000000000002,0.0,0.9230769230769231,1
0.0,0.45225858804436025,0.8432249037405513,0.5759249826703376,0.012912328052876136,0.012912328052876136,0.9618007738212341,0.006904355812122802,1.0000000000000002,0.0,0.9230769230769231,1
0.0,0.42358669191236137,0.8432249037405513,0.5759249826703376,0.012912328052876136,0.012912328052876136,0.9684241589612433,0.006904355812122802,1.0000000000000002,0.0,0.9230769230769231,1
0.0,0.4197998377062483,0.8432249037405513,0.5759249826703376,0.012912328052876136,0.012912328052876136,0.9749819660305593,0.006904355812122802,1.0000000000000002,0.0,0.9230769230769231,1
0.0,0.514200703272924,0.8432249037405513,0.5759249826703376,0.012912328052876136,0.012912328052876136,0.9815397730998754,0.006904355812122802,1.0000000000000002,0.0,0.9230769230769231,1
0.0,0.0032458750338111974,0.5796132294110126,0.8378249192985318,0.012912328052876136,0.012912328052876136,0.007262771329267492,0.9879952768302281,1.0000000000000002,0.0,0.6153846153846154,1
0.0,0.0032458750338111974,0.5796132294110126,0.8378249192985318,0.012912328052876136,0.012912328052876136,0.007262771329267492,0.9945552348464969,1.0000000000000002,0.0,0.6153846153846154,1
0.0,0.0032458750338111974,0.5796132294110126,0.8378249192985318,0.012912328052876136,0.012912328052876136,0.007262771329267492,0.538113356074521,1.0000000000000002,0.0,0.6153846153846154,1
0.0,0.0032458750338111974,0.5796132294110126,0.8378249192985318,0.012912328052876136,0.012912328052876136,0.007262771329267492,0.5446733140907898,1.0000000000000002,0.0,0.6153846153846154,1
0.0,0.0032458750338111974,0.5796132294110126,0.8378249192985318,0.012912328052876136,0.012912328052876136,0.007262771329267492,0.5512332721070584,1.0000000000000002,0.0,0.6153846153846154,1
0.0,0.0032458750338111974,0.5796132294110126,0.8378249192985318,0.012912328052876136,0.012912328052876136,0.007262771329267492,0.5578588297034899,1.0000000000000002,0.0,0.6153846153846154,1
0.0,0.0032458750338111974,0.5796132294110126,0.8378249192985318,0.012912328052876136,0.012912328052876136,0.007262771329267492,0.5644515875098399,1.0000000000000002,0.0,0.6153846153846154,1
0.0,0.0032458750338111974,0.5796132294110126,0.8378249192985318,0.012912328052876136,0.012912328052876136,0.007262771329267492,0.5710115455261086,1.0000000000000002,0.0,0.6153846153846154,1
0.0,0.0032458750338111974,0.5796132294110126,0.8378249192985318,0.012912328052876136,0.012912328052876136,0.007262771329267492,0.5775715035423773,1.0000000000000002,0.0,0.6153846153846154,1
0.0,0.0032458750338111974,0.5796132294110126,0.8378249192985318,0.012912328052876136,0.012912328052876136,0.007262771329267492,0.5841970611388086,1.0000000000000002,0.0,0.6153846153846154,1
0.0,0.0032458750338111974,0.5796132294110126,0.8378249192985318,0.012912328052876136,0.012912328052876136,0.007262771329267492,0.5907570191550774,1.0000000000000002,0.0,0.6153846153846154,1
0.0,0.0032458750338111974,0.5796132294110126,0.8378249192985318,0.012912328052876136,0.012912328052876136,0.007262771329267492,0.597316977171346,1.0000000000000002,0.0,0.6153846153846154,1
0.0,0.0032458750338111974,0.5796132294110126,0.8378249192985318,0.012912328052876136,0.012912328052876136,0.007262771329267492,0.6039425347677774,1.0000000000000002,0.0,0.6153846153846154,1
0.0,0.0032458750338111974,0.5796132294110126,0.8378249192985318,0.012912328052876136,0.012912328052876136,0.007262771329267492,0.6105024927840461,1.0000000000000002,0.0,0.6153846153846154,1
0.0,0.0032458750338111974,0.5796132294110126,0.8378249192985318,0.012912328052876136,0.012912328052876136,0.007262771329267492,0.6170624508003149,1.0000000000000002,0.0,0.6153846153846154,1
0.0,0.0032458750338111974,0.5796132294110126,0.8378249192985318,0.012912328052876136,0.012912328052876136,0.007262771329267492,0.6236224088165835,1.0000000000000002,0.0,0.6153846153846154,1
0.0,0.0032458750338111974,0.5796132294110126,0.8378249192985318,0.012912328052876136,0.012912328052876136,0.007262771329267492,0.6301823668328522,1.0000000000000002,0.0,0.6153846153846154,1
0.0,0.0032458750338111974,0.5796132294110126,0.8378249192985318,0.012912328052876136,0.012912328052876136,0.007262771329267492,0.6367423248491209,1.0000000000000002,0.0,0.6153846153846154,1
0.0,0.0032458750338111974,0.5796132294110126,0.8378249192985318,0.012912328052876136,0.012912328052876136,0.007262771329267492,0.6433022828653896,1.0000000000000002,0.0,0.6153846153846154,1
0.0,0.0032458750338111974,0.5796132294110126,0.8378249192985318,0.012912328052876136,0.012912328052876136,0.007262771329267492,0.649927840461821,1.0000000000000002,0.0,0.6153846153846154,1
0.0,0.0032458750338111974,0.5796132294110126,0.8378249192985318,0.012912328052876136,0.012912328052876136,0.007262771329267492,0.6564549986880083,1.0000000000000002,0.0,0.6153846153846154,1
0.0,0.0032458750338111974,0.5796132294110126,0.8378249192985318,0.012912328052876136,0.012912328052876136,0.007262771329267492,0.6630477564943583,1.0000000000000002,0.0,0.6153846153846154,1
0.0,0.0032458750338111974,0.5796132294110126,0.8378249192985318,0.012912328052876136,0.012912328052876136,0.007262771329267492,0.6696077145106271,1.0000000000000002,0.0,0.6153846153846154,1
0.0,0.0032458750338111974,0.5796132294110126,0.8378249192985318,0.012912328052876136,0.012912328052876136,0.007262771329267492,0.6761676725268958,1.0000000000000002,0.0,0.6153846153846154,1
0.0,0.0032458750338111974,0.5796132294110126,0.8378249192985318,0.012912328052876136,0.012912328052876136,0.007262771329267492,0.6827276305431644,1.0000000000000002,0.0,0.6153846153846154,1
0.0,0.0032458750338111974,0.5796132294110126,0.8378249192985318,0.012912328052876136,0.012912328052876136,0.007262771329267492,0.6892875885594332,1.0000000000000002,0.0,0.6153846153846154,1
0.0,0.0032458750338111974,0.5796132294110126,0.8378249192985318,0.012912328052876136,0.012912328052876136,0.007262771329267492,0.6958475465757018,1.0000000000000002,0.0,0.6153846153846154,1
0.0,0.0032458750338111974,0.5796132294110126,0.8378249192985318,0.012912328052876136,0.012912328052876136,0.007262771329267492,0.7024731041721333,1.0000000000000002,0.0,0.6153846153846154,1
0.0,0.0032458750338111974,0.5796132294110126,0.8378249192985318,0.012912328052876136,0.012912328052876136,0.007262771329267492,0.7090330621884019,1.0000000000000002,0.0,0.6153846153846154,1
0.0,0.0032458750338111974,0.5796132294110126,0.8378249192985318,0.012912328052876136,0.012912328052876136,0.007262771329267492,0.7155930202046706,1.0000000000000002,0.0,0.6153846153846154,1
0.0,0.0032458750338111974,0.5796132294110126,0.8378249192985318,0.012912328052876136,0.012912328052876136,0.007262771329267492,0.722120178430858,1.0000000000000002,0.0,0.6153846153846154,1
0.0,0.0032458750338111974,0.5796132294110126,0.8378249192985318,0.012912328052876136,0.012912328052876136,0.007262771329267492,0.728712936237208,1.0000000000000002,0.0,0.6153846153846154,1
0.0,0.0032458750338111974,0.5796132294110126,0.8378249192985318,0.012912328052876136,0.012912328052876136,0.007262771329267492,0.7353056940435581,1.0000000000000002,0.0,0.6153846153846154,1
0.0,0.0032458750338111974,0.5796132294110126,0.8378249192985318,0.012912328052876136,0.012912328052876136,0.007262771329267492,0.7418656520598268,1.0000000000000002,0.0,0.6153846153846154,1
0.0,0.0032458750338111974,0.5796132294110126,0.8378249192985318,0.012912328052876136,0.012912328052876136,0.007262771329267492,0.7484584098661767,1.0000000000000002,0.0,0.6153846153846154,1
0.0,0.0032458750338111974,0.5796132294110126,0.8378249192985318,0.012912328052876136,0.012912328052876136,0.007262771329267492,0.7550511676725268,1.0000000000000002,0.0,0.6153846153846154,1
0.0,0.0032458750338111974,0.5796132294110126,0.8378249192985318,0.012912328052876136,0.012912328052876136,0.007262771329267492,0.7616111256887955,1.0000000000000002,0.0,0.6153846153846154,1
0.0,0.0032458750338111974,0.5796132294110126,0.8378249192985318,0.012912328052876136,0.012912328052876136,0.007262771329267492,0.7681710837050643,1.0000000000000002,0.0,0.6153846153846154,1
0.0,0.0032458750338111974,0.5796132294110126,0.8378249192985318,0.012912328052876136,0.012912328052876136,0.007262771329267492,0.7747310417213329,1.0000000000000002,0.0,0.6153846153846154,1
0.0,0.0032458750338111974,0.5796132294110126,0.8378249192985318,0.012912328052876136,0.012912328052876136,0.007262771329267492,0.7813565993177642,1.0000000000000002,0.0,0.6153846153846154,1
0.0,0.0032458750338111974,0.5796132294110126,0.8378249192985318,0.012912328052876136,0.012912328052876136,0.007262771329267492,0.788113356074521,1.0000000000000002,0.0,0.6153846153846154,1
0.0,0.0032458750338111974,0.5796132294110126,0.8378249192985318,0.012912328052876136,0.012912328052876136,0.007262771329267492,0.7946733140907898,1.0000000000000002,0.0,0.6153846153846154,1
0.0,0.0032458750338111974,0.5796132294110126,0.8378249192985318,0.012912328052876136,0.012912328052876136,0.007262771329267492,0.8013316714773024,1.0000000000000002,0.0,0.6153846153846154,1
0.0,0.0032458750338111974,0.5796132294110126,0.8378249192985318,0.012912328052876136,0.012912328052876136,0.007262771329267492,0.8078916294935712,1.0000000000000002,0.0,0.6153846153846154,1
0.0,0.0032458750338111974,0.5796132294110126,0.8378249192985318,0.012912328052876136,0.012912328052876136,0.007262771329267492,0.8144515875098398,1.0000000000000002,0.0,0.6153846153846154,1
0.0,0.0032458750338111974,0.5796132294110126,0.8378249192985318,0.012912328052876136,0.012912328052876136,0.007262771329267492,0.8210115455261086,1.0000000000000002,0.0,0.6153846153846154,1
0.0,0.0032458750338111974,0.5796132294110126,0.8378249192985318,0.012912328052876136,0.012912328052876136,0.007262771329267492,0.8275715035423773,1.0000000000000002,0.0,0.6153846153846154,1
0.0,0.0032458750338111974,0.5796132294110126,0.8378249192985318,0.012912328052876136,0.012912328052876136,0.007262771329267492,0.8341642613487273,1.0000000000000002,0.0,0.6153846153846154,1
0.0,0.0032458750338111974,0.5796132294110126,0.8378249192985318,0.012912328052876136,0.012912328052876136,0.007262771329267492,0.840724219364996,1.0000000000000002,0.0,0.6153846153846154,1
0.0,0.0032458750338111974,0.5796132294110126,0.8378249192985318,0.012912328052876136,0.012912328052876136,0.007262771329267492,0.8473825767515087,1.0000000000000002,0.0,0.6153846153846154,1
0.0,0.0032458750338111974,0.5796132294110126,0.8378249192985318,0.012912328052876136,0.012912328052876136,0.007262771329267492,0.8539753345578588,1.0000000000000002,0.0,0.6153846153846154,1
0.0,0.0032458750338111974,0.5796132294110126,0.8378249192985318,0.012912328052876136,0.012912328052876136,0.007262771329267492,0.8605352925741274,1.0000000000000002,0.0,0.6153846153846154,1
0.0,0.0032458750338111974,0.5796132294110126,0.8378249192985318,0.012912328052876136,0.012912328052876136,0.007262771329267492,0.8670952505903962,1.0000000000000002,0.0,0.6153846153846154,1
0.0,0.0032458750338111974,0.5796132294110126,0.8378249192985318,0.012912328052876136,0.012912328052876136,0.007262771329267492,0.8736552086066648,1.0000000000000002,0.0,0.6153846153846154,1
0.0,0.0032458750338111974,0.5796132294110126,0.8378249192985318,0.012912328052876136,0.012912328052876136,0.007262771329267492,0.8802151666229335,1.0000000000000002,0.0,0.6153846153846154,1
0.0,0.0032458750338111974,0.5796132294110126,0.8378249192985318,0.012912328052876136,0.012912328052876136,0.007262771329267492,0.8868079244292836,1.0000000000000002,0.0,0.6153846153846154,1
0.0,0.0032458750338111974,0.5796132294110126,0.8378249192985318,0.012912328052876136,0.012912328052876136,0.007262771329267492,0.8933678824455523,1.0000000000000002,0.0,0.6153846153846154,1
0.0,0.0032458750338111974,0.5796132294110126,0.8378249192985318,0.012912328052876136,0.012912328052876136,0.007262771329267492,0.8999934400419837,1.0000000000000002,0.0,0.6153846153846154,1
0.0,0.0032458750338111974,0.5796132294110126,0.8378249192985318,0.012912328052876136,0.012912328052876136,0.007262771329267492,0.9065533980582523,1.0000000000000002,0.0,0.6153846153846154,1
0.0,0.0032458750338111974,0.5796132294110126,0.8378249192985318,0.012912328052876136,0.012912328052876136,0.007262771329267492,0.913113356074521,1.0000000000000002,0.0,0.6153846153846154,1
0.0,0.0032458750338111974,0.5796132294110126,0.8378249192985318,0.012912328052876136,0.012912328052876136,0.007262771329267492,0.9196733140907898,1.0000000000000002,0.0,0.6153846153846154,1
0.0,0.0032458750338111974,0.5796132294110126,0.8378249192985318,0.012912328052876136,0.012912328052876136,0.007262771329267492,0.9262332721070584,1.0000000000000002,0.0,0.6153846153846154,1
0.0,0.0032458750338111974,0.5796132294110126,0.8378249192985318,0.012912328052876136,0.012912328052876136,0.007262771329267492,0.9327932301233272,1.0000000000000002,0.0,0.6153846153846154,1
0.0,0.0032458750338111974,0.5796132294110126,0.8378249192985318,0.012912328052876136,0.012912328052876136,0.007262771329267492,0.9393531881395958,1.0000000000000002,0.0,0.6153846153846154,1
0.0,0.0032458750338111974,0.5796132294110126,0.8378249192985318,0.012912328052876136,0.012912328052876136,0.007262771329267492,0.9459131461558645,1.0000000000000002,0.0,0.6153846153846154,1
0.0,0.0032458750338111974,0.5796132294110126,0.8378249192985318,0.012912328052876136,0.012912328052876136,0.007262771329267492,0.9525387037522959,1.0000000000000002,0.0,0.6153846153846154,1
0.0,0.0032458750338111974,0.5796132294110126,0.8378249192985318,0.012912328052876136,0.012912328052876136,0.007262771329267492,0.9590986617685646,1.0000000000000002,0.0,0.6153846153846154,1
0.0,0.0032458750338111974,0.5796132294110126,0.8378249192985318,0.012912328052876136,0.012912328052876136,0.007262771329267492,0.9656586197848332,1.0000000000000002,0.0,0.6153846153846154,1
0.0,0.0032458750338111974,0.5796132294110126,0.8378249192985318,0.012912328052876136,0.012912328052876136,0.007262771329267492,0.972218577801102,1.0000000000000002,0.0,0.6153846153846154,1
0.0,0.0032458750338111974,0.5796132294110126,0.8378249192985318,0.012912328052876136,0.012912328052876136,0.007262771329267492,0.9787785358173707,1.0000000000000002,0.0,0.6153846153846154,1
0.0,0.0032458750338111974,0.5796132294110126,0.8378249192985318,0.012912328052876136,0.012912328052876136,0.007262771329267492,0.9854040934138021,1.0000000000000002,0.0,0.6153846153846154,1
0.0,0.0032458750338111974,0.5796132294110126,0.8378249192985318,0.012912328052876136,0.012912328052876136,0.007262771329267492,0.9919640514300707,1.0000000000000002,0.0,0.6153846153846154,1
0.0,0.0032458750338111974,0.5796132294110126,0.8378249192985318,0.012912328052876136,0.012912328052876136,0.007262771329267492,0.9985896090265022,1.0000000000000002,0.0,0.6153846153846154,1
0.0,0.0032458750338111974,0.5796132294110126,0.8378249192985318,0.012912328052876136,0.012912328052876136,0.007262771329267492,0.5421477302545263,1.0000000000000002,0.0,0.6153846153846154,1
0.0,0.0032458750338111974,0.5796132294110126,0.8378249192985318,0.012912328052876136,0.012912328052876136,0.007262771329267492,0.548707688270795,1.0000000000000002,0.0,0.6153846153846154,1
0.0,0.0032458750338111974,0.5796132294110126,0.8378249192985318,0.012912328052876136,0.012912328052876136,0.007262771329267492,0.5552676462870637,1.0000000000000002,0.0,0.6153846153846154,1
0.0,0.0032458750338111974,0.5796132294110126,0.8378249192985318,0.012912328052876136,0.012912328052876136,0.007262771329267492,0.5618276043033323,1.0000000000000002,0.0,0.6153846153846154,1
0.0,0.0032458750338111974,0.5796132294110126,0.8378249192985318,0.012912328052876136,0.012912328052876136,0.007262771329267492,0.5683875623196011,1.0000000000000002,0.0,0.6153846153846154,1
0.0,0.0032458750338111974,0.5796132294110126,0.8378249192985318,0.012912328052876136,0.012912328052876136,0.007262771329267492,0.5749475203358698,1.0000000000000002,0.0,0.6153846153846154,1
0.0,0.0032458750338111974,0.5796132294110126,0.8378249192985318,0.012912328052876136,0.012912328052876136,0.007262771329267492,0.5815730779323012,1.0000000000000002,0.0,0.6153846153846154,1
0.0,0.0032458750338111974,0.5796132294110126,0.8378249192985318,0.012912328052876136,0.012912328052876136,0.007262771329267492,0.5881330359485699,1.0000000000000002,0.0,0.6153846153846154,1
0.0,0.0032458750338111974,0.5796132294110126,0.8378249192985318,0.012912328052876136,0.012912328052876136,0.007262771329267492,0.5947257937549199,1.0000000000000002,0.0,0.6153846153846154,1
0.0,0.0032458750338111974,0.5796132294110126,0.8378249192985318,0.012912328052876136,0.012912328052876136,0.007262771329267492,0.6012857517711886,1.0000000000000002,0.0,0.6153846153846154,1
0.0,0.0032458750338111974,0.5796132294110126,0.8378249192985318,0.012912328052876136,0.012912328052876136,0.007262771329267492,0.6078457097874573,1.0000000000000002,0.0,0.6153846153846154,1
0.0,0.0032458750338111974,0.5796132294110126,0.8378249192985318,0.012912328052876136,0.012912328052876136,0.007262771329267492,0.6144384675938074,1.0000000000000002,0.0,0.6153846153846154,1
0.0,0.0032458750338111974,0.5796132294110126,0.8378249192985318,0.012912328052876136,0.012912328052876136,0.007262771329267492,0.620998425610076,1.0000000000000002,0.0,0.6153846153846154,1
0.0,0.0032458750338111974,0.5796132294110126,0.8378249192985318,0.012912328052876136,0.012912328052876136,0.007262771329267492,0.6275583836263448,1.0000000000000002,0.0,0.6153846153846154,1
0.0,0.0032458750338111974,0.5796132294110126,0.8378249192985318,0.012912328052876136,0.012912328052876136,0.007262771329267492,0.6341839412227761,1.0000000000000002,0.0,0.6153846153846154,1
0.0,0.0032458750338111974,0.5796132294110126,0.8378249192985318,0.012912328052876136,0.012912328052876136,0.007262771329267492,0.6407438992390448,1.0000000000000002,0.0,0.6153846153846154,1
0.0,0.0032458750338111974,0.5796132294110126,0.8378249192985318,0.012912328052876136,0.012912328052876136,0.007262771329267492,0.6473038572553135,1.0000000000000002,0.0,0.6153846153846154,1
0.0,0.0032458750338111974,0.5796132294110126,0.8378249192985318,0.012912328052876136,0.012912328052876136,0.007262771329267492,0.6538638152715822,1.0000000000000002,0.0,0.6153846153846154,1
0.0,0.0032458750338111974,0.5796132294110126,0.8378249192985318,0.012912328052876136,0.012912328052876136,0.007262771329267492,0.6604237732878508,1.0000000000000002,0.0,0.6153846153846154,1
0.0,0.0032458750338111974,0.5796132294110126,0.8378249192985318,0.012912328052876136,0.012912328052876136,0.007262771329267492,0.6669837313041196,1.0000000000000002,0.0,0.6153846153846154,1
0.0,0.0032458750338111974,0.5796132294110126,0.8378249192985318,0.012912328052876136,0.012912328052876136,0.007262771329267492,0.6735436893203883,1.0000000000000002,0.0,0.6153846153846154,1
0.0,0.0032458750338111974,0.5796132294110126,0.8378249192985318,0.012912328052876136,0.012912328052876136,0.007262771329267492,0.6801692469168197,1.0000000000000002,0.0,0.6153846153846154,1
0.0,0.0032458750338111974,0.5796132294110126,0.8378249192985318,0.012912328052876136,0.012912328052876136,0.007262771329267492,0.6867292049330883,1.0000000000000002,0.0,0.6153846153846154,1
0.0,0.0032458750338111974,0.5796132294110126,0.8378249192985318,0.012912328052876136,0.012912328052876136,0.007262771329267492,0.693289162949357,1.0000000000000002,0.0,0.6153846153846154,1
0.0,0.0032458750338111974,0.5796132294110126,0.8378249192985318,0.012912328052876136,0.012912328052876136,0.007262771329267492,0.6998491209656258,1.0000000000000002,0.0,0.6153846153846154,1
0.0,0.0032458750338111974,0.5796132294110126,0.8378249192985318,0.012912328052876136,0.012912328052876136,0.007262771329267492,0.7065074783521385,1.0000000000000002,0.0,0.6153846153846154,1
0.0,0.0032458750338111974,0.8432249037405513,0.5759249826703376,0.012912328052876136,0.012912328052876136,0.7131943078234638,0.006904355812122802,1.0000000000000002,0.0,0.6538461538461539,1
0.0,0.0032458750338111974,0.8432249037405513,0.5759249826703376,0.012912328052876136,0.012912328052876136,0.7197521148927798,0.006904355812122802,1.0000000000000002,0.0,0.6538461538461539,1
0.0,0.0032458750338111974,0.8432249037405513,0.5759249826703376,0.012912328052876136,0.012912328052876136,0.726375500032789,0.006904355812122802,1.0000000000000002,0.0,0.6538461538461539,1
0.0,0.0032458750338111974,0.8432249037405513,0.5759249826703376,0.012912328052876136,0.012912328052876136,0.732933307102105,0.006904355812122802,1.0000000000000002,0.0,0.6538461538461539,1
0.0,0.0032458750338111974,0.8432249037405513,0.5759249826703376,0.012912328052876136,0.012912328052876136,0.739491114171421,0.006904355812122802,1.0000000000000002,0.0,0.6538461538461539,1
0.0,0.0032458750338111974,0.8432249037405513,0.5759249826703376,0.012912328052876136,0.012912328052876136,0.7460489212407371,0.006904355812122802,1.0000000000000002,0.0,0.6538461538461539,1
0.0,0.0032458750338111974,0.8432249037405513,0.5759249826703376,0.012912328052876136,0.012912328052876136,0.752606728310053,0.006904355812122802,1.0000000000000002,0.0,0.6538461538461539,1
0.0,0.0032458750338111974,0.8432249037405513,0.5759249826703376,0.012912328052876136,0.012912328052876136,0.7591645353793691,0.006904355812122802,1.0000000000000002,0.0,0.6538461538461539,1
0.0,0.0032458750338111974,0.8432249037405513,0.5759249826703376,0.012912328052876136,0.012912328052876136,0.7657223424486851,0.006904355812122802,1.0000000000000002,0.0,0.6538461538461539,1
0.0,0.0032458750338111974,0.8432249037405513,0.5759249826703376,0.012912328052876136,0.012912328052876136,0.7723457275886942,0.006904355812122802,1.0000000000000002,0.0,0.6538461538461539,1
0.0,0.0032458750338111974,0.8432249037405513,0.5759249826703376,0.012912328052876136,0.012912328052876136,0.7789035346580103,0.006904355812122802,1.0000000000000002,0.0,0.6538461538461539,1
0.0,0.0032458750338111974,0.8432249037405513,0.5759249826703376,0.012912328052876136,0.012912328052876136,0.7854613417273263,0.006904355812122802,1.0000000000000002,0.0,0.6538461538461539,1
0.0,0.0032458750338111974,0.8432249037405513,0.5759249826703376,0.012912328052876136,0.012912328052876136,0.7920191487966424,0.006904355812122802,1.0000000000000002,0.0,0.6538461538461539,1
0.0,0.0032458750338111974,0.8432249037405513,0.5759249826703376,0.012912328052876136,0.012912328052876136,0.7985769558659583,0.006904355812122802,1.0000000000000002,0.0,0.6538461538461539,1
0.0,0.0032458750338111974,0.8432249037405513,0.5759249826703376,0.012912328052876136,0.012912328052876136,0.8052659190766607,0.006904355812122802,1.0000000000000002,0.0,0.6538461538461539,1
0.0,0.0032458750338111974,0.8432249037405513,0.5759249826703376,0.012912328052876136,0.012912328052876136,0.8117909371106301,0.006904355812122802,1.0000000000000002,0.0,0.6538461538461539,1
0.0,0.0032458750338111974,0.8432249037405513,0.5759249826703376,0.012912328052876136,0.012912328052876136,0.8183815332152927,0.006904355812122802,1.0000000000000002,0.0,0.6538461538461539,1
0.0,0.0032458750338111974,0.8432249037405513,0.5759249826703376,0.012912328052876136,0.012912328052876136,0.825004918355302,0.006904355812122802,1.0000000000000002,0.0,0.6538461538461539,1
0.0,0.0032458750338111974,0.8432249037405513,0.5759249826703376,0.012912328052876136,0.012912328052876136,0.831562725424618,0.006904355812122802,1.0000000000000002,0.0,0.6538461538461539,1
0.0,0.0032458750338111974,0.8432249037405513,0.5759249826703376,0.012912328052876136,0.012912328052876136,0.8381205324939339,0.006904355812122802,1.0000000000000002,0.0,0.6538461538461539,1
0.0,0.0032458750338111974,0.8432249037405513,0.5759249826703376,0.012912328052876136,0.012912328052876136,0.84467833956325,0.006904355812122802,1.0000000000000002,0.0,0.6538461538461539,1
0.0,0.0032458750338111974,0.8432249037405513,0.5759249826703376,0.012912328052876136,0.012912328052876136,0.8512689356679126,0.006904355812122802,1.0000000000000002,0.0,0.6538461538461539,1
0.0,0.0032458750338111974,0.8432249037405513,0.5759249826703376,0.012912328052876136,0.012912328052876136,0.8578267427372286,0.006904355812122802,1.0000000000000002,0.0,0.6538461538461539,1
0.0,0.0032458750338111974,0.8432249037405513,0.5759249826703376,0.012912328052876136,0.012912328052876136,0.8644501278772377,0.006904355812122802,1.0000000000000002,0.0,0.6538461538461539,1
0.0,0.0032458750338111974,0.8432249037405513,0.5759249826703376,0.012912328052876136,0.012912328052876136,0.8709751459112073,0.006904355812122802,1.0000000000000002,0.0,0.6538461538461539,1
0.0,0.0032458750338111974,0.8432249037405513,0.5759249826703376,0.012912328052876136,0.012912328052876136,0.8775657420158698,0.006904355812122802,1.0000000000000002,0.0,0.6538461538461539,1
0.0,0.0032458750338111974,0.8432249037405513,0.5759249826703376,0.012912328052876136,0.012912328052876136,0.8841235490851859,0.006904355812122802,1.0000000000000002,0.0,0.6538461538461539,1
0.0,0.0032458750338111974,0.8432249037405513,0.5759249826703376,0.012912328052876136,0.012912328052876136,0.8906813561545018,0.006904355812122802,1.0000000000000002,0.0,0.6538461538461539,1
0.0,0.0032458750338111974,0.8432249037405513,0.5759249826703376,0.012912328052876136,0.012912328052876136,0.8973047412945111,0.006904355812122802,1.0000000000000002,0.0,0.6538461538461539,1
0.0,0.0032458750338111974,0.8432249037405513,0.5759249826703376,0.012912328052876136,0.012912328052876136,0.9038625483638271,0.006904355812122802,1.0000000000000002,0.0,0.6538461538461539,1
0.0,0.0032458750338111974,0.8432249037405513,0.5759249826703376,0.012912328052876136,0.012912328052876136,0.9104859335038362,0.006904355812122802,1.0000000000000002,0.0,0.6538461538461539,1
0.0,0.0032458750338111974,0.8432249037405513,0.5759249826703376,0.012912328052876136,0.012912328052876136,0.9170437405731523,0.006904355812122802,1.0000000000000002,0.0,0.6538461538461539,1
0.0,0.0032458750338111974,0.8432249037405513,0.5759249826703376,0.012912328052876136,0.012912328052876136,0.9236015476424683,0.006904355812122802,1.0000000000000002,0.0,0.6538461538461539,1
0.0,0.0032458750338111974,0.8432249037405513,0.5759249826703376,0.012912328052876136,0.012912328052876136,0.9301593547117843,0.006904355812122802,1.0000000000000002,0.0,0.6538461538461539,1
0.0,0.0032458750338111974,0.8432249037405513,0.5759249826703376,0.012912328052876136,0.012912328052876136,0.9367171617811003,0.006904355812122802,1.0000000000000002,0.0,0.6538461538461539,1
0.0,0.0032458750338111974,0.8432249037405513,0.5759249826703376,0.012912328052876136,0.012912328052876136,0.9432749688504164,0.006904355812122802,1.0000000000000002,0.0,0.6538461538461539,1
0.0,0.0032458750338111974,0.8432249037405513,0.5759249826703376,0.012912328052876136,0.012912328052876136,0.9498327759197324,0.006904355812122802,1.0000000000000002,0.0,0.6538461538461539,1
0.0,0.0032458750338111974,0.8432249037405513,0.5759249826703376,0.012912328052876136,0.012912328052876136,0.9564561610597415,0.006904355812122802,1.0000000000000002,0.0,0.6538461538461539,1
0.0,0.0032458750338111974,0.8432249037405513,0.5759249826703376,0.012912328052876136,0.012912328052876136,0.9630139681290576,0.006904355812122802,1.0000000000000002,0.0,0.6538461538461539,1
0.0,0.0032458750338111974,0.8432249037405513,0.5759249826703376,0.012912328052876136,0.012912328052876136,0.9696045642337202,0.006904355812122802,1.0000000000000002,0.0,0.6538461538461539,1
0.0,0.0032458750338111974,0.8432249037405513,0.5759249826703376,0.012912328052876136,0.012912328052876136,0.9761623713030362,0.006904355812122802,1.0000000000000002,0.0,0.6538461538461539,1
0.0,0.0032458750338111974,0.8432249037405513,0.5759249826703376,0.012912328052876136,0.012912328052876136,0.9827201783723523,0.006904355812122802,1.0000000000000002,0.0,0.6538461538461539,1
0.0,0.0032458750338111974,0.8432249037405513,0.5759249826703376,0.012912328052876136,0.012912328052876136,0.9892779854416682,0.006904355812122802,1.0000000000000002,0.0,0.6538461538461539,1
0.0,0.0032458750338111974,0.8432249037405513,0.5759249826703376,0.012912328052876136,0.012912328052876136,0.9958357925109843,0.006904355812122802,1.0000000000000002,0.0,0.6538461538461539,1
0.0,0.0032458750338111974,0.8432249037405513,0.5759249826703376,0.012912328052876136,0.012912328052876136,0.5396091546986688,0.006904355812122802,1.0000000000000002,0.0,0.6538461538461539,1
0.0,0.0032458750338111974,0.8432249037405513,0.5759249826703376,0.012912328052876136,0.012912328052876136,0.5461669617679847,0.006904355812122802,1.0000000000000002,0.0,0.6538461538461539,1
0.0,0.0032458750338111974,0.8432249037405513,0.5759249826703376,0.012912328052876136,0.012912328052876136,0.5527247688373008,0.006904355812122802,1.0000000000000002,0.0,0.6538461538461539,1
0.0,0.0032458750338111974,0.8432249037405513,0.5759249826703376,0.012912328052876136,0.012912328052876136,0.5592825759066168,0.006904355812122802,1.0000000000000002,0.0,0.6538461538461539,1
0.0,0.0032458750338111974,0.8432249037405513,0.5759249826703376,0.012912328052876136,0.012912328052876136,0.5658403829759329,0.006904355812122802,1.0000000000000002,0.0,0.6538461538461539,1
0.0,0.0032458750338111974,0.8432249037405513,0.5759249826703376,0.012912328052876136,0.012912328052876136,0.5723981900452488,0.006904355812122802,1.0000000000000002,0.0,0.6538461538461539,1
0.0,0.0032458750338111974,0.8432249037405513,0.5759249826703376,0.012912328052876136,0.012912328052876136,0.5789559971145648,0.006904355812122802,1.0000000000000002,0.0,0.6538461538461539,1
0.0,0.0032458750338111974,0.8432249037405513,0.5759249826703376,0.012912328052876136,0.012912328052876136,0.5855793822545741,0.006904355812122802,1.0000000000000002,0.0,0.6538461538461539,1
0.0,0.0032458750338111974,0.8432249037405513,0.5759249826703376,0.012912328052876136,0.012912328052876136,0.59213718932389,0.006904355812122802,1.0000000000000002,0.0,0.6538461538461539,1
0.0,0.0032458750338111974,0.8432249037405513,0.5759249826703376,0.012912328052876136,0.012912328052876136,0.5986949963932061,0.006904355812122802,1.0000000000000002,0.0,0.6538461538461539,1
0.0,0.0032458750338111974,0.8432249037405513,0.5759249826703376,0.012912328052876136,0.012912328052876136,0.6052528034625221,0.006904355812122802,1.0000000000000002,0.0,0.6538461538461539,1
0.0,0.0032458750338111974,0.8432249037405513,0.5759249826703376,0.012912328052876136,0.012912328052876136,0.6118761886025312,0.006904355812122802,1.0000000000000002,0.0,0.6538461538461539,1
0.0,0.0032458750338111974,0.8432249037405513,0.5759249826703376,0.012912328052876136,0.012912328052876136,0.6184339956718473,0.006904355812122802,1.0000000000000002,0.0,0.6538461538461539,1
0.0,0.0032458750338111974,0.8432249037405513,0.5759249826703376,0.012912328052876136,0.012912328052876136,0.6249590137058167,0.006904355812122802,1.0000000000000002,0.0,0.6538461538461539,1
0.0,0.0032458750338111974,0.8432249037405513,0.5759249826703376,0.012912328052876136,0.012912328052876136,0.6316151878811725,0.006904355812122802,1.0000000000000002,0.0,0.6538461538461539,1
0.0,0.0032458750338111974,0.8432249037405513,0.5759249826703376,0.012912328052876136,0.012912328052876136,0.6381729949504885,0.006904355812122802,1.0000000000000002,0.0,0.6538461538461539,1
0.0,0.0032458750338111974,0.8432249037405513,0.5759249826703376,0.012912328052876136,0.012912328052876136,0.6447308020198045,0.006904355812122802,1.0000000000000002,0.0,0.6538461538461539,1
0.0,0.0032458750338111974,0.8432249037405513,0.5759249826703376,0.012912328052876136,0.012912328052876136,0.6512886090891206,0.006904355812122802,1.0000000000000002,0.0,0.6538461538461539,1
0.0,0.0032458750338111974,0.8432249037405513,0.5759249826703376,0.012912328052876136,0.012912328052876136,0.6579119942291297,0.006904355812122802,1.0000000000000002,0.0,0.6538461538461539,1
0.0,0.0032458750338111974,0.8432249037405513,0.5759249826703376,0.012912328052876136,0.012912328052876136,0.6644698012984458,0.006904355812122802,1.0000000000000002,0.0,0.6538461538461539,1
0.0,0.0032458750338111974,0.8432249037405513,0.5759249826703376,0.012912328052876136,0.012912328052876136,0.6710603974031084,0.006904355812122802,1.0000000000000002,0.0,0.6538461538461539,1
0.5483870967741935,0.7392480389505004,0.8432249697047847,0.5759249707798577,0.012912328052876136,1.0,0.6271558790740376,0.0,1.0000000000000002,0.0,1.0,1
0.4838709677419355,0.8225588314849879,0.5796132174428184,0.8378249848344326,1.0,0.012912328052876136,0.0003606793888123811,0.6270007871949619,1.0000000000000002,0.0,1.0,1
0.8709677419354839,0.6123884230457127,0.8432249697047847,0.5759249707798577,0.012912328052876136,1.0,0.6271558790740376,0.0,1.0000000000000002,0.08333333333333333,0.9615384615384616,1
0.6451612903225806,0.8255342169326482,0.5796132174428184,0.8378249848344326,1.0,0.012912328052876136,0.0003606793888123811,0.6270007871949619,1.0000000000000002,0.08333333333333333,0.9615384615384616,1
0.5483870967741935,0.7392480389505004,0.5796132174428184,0.8378249848344326,1.0,0.012912328052876136,0.6653551052528034,0.0,1.0000000000000002,0.0,1.0,1
0.16129032258064516,0.12658912631863672,0.8432249697047847,0.5759249707798577,0.012912328052876136,1.0,0.0003606793888123811,0.6652125426397271,1.0000000000000002,0.041666666666666664,0.9615384615384616,1
0.5483870967741935,0.8506897484446849,0.8432249697047847,0.5759249707798577,0.012912328052876136,1.0,0.0003606793888123811,0.6652125426397271,1.0000000000000002,0.0,1.0,1
0.25806451612903225,0.17419529348120097,0.5796132174428184,0.8378249848344326,1.0,0.012912328052876136,0.6653551052528034,0.0,1.0000000000000002,0.041666666666666664,0.9615384615384616,1
0.22580645161290322,0.16012983500135244,0.5796132174428184,0.8378249848344326,1.0,0.012912328052876136,0.6655190504295363,0.0,1.0000000000000002,0.041666666666666664,0.9615384615384616,1
0.16129032258064516,0.12658912631863672,0.8432249697047847,0.5759249707798577,0.012912328052876136,1.0,0.0003606793888123811,0.6653765415901337,1.0000000000000002,0.041666666666666664,0.9615384615384616,1
0.5806451612903226,1.0,0.8432249697047847,0.5759249707798577,0.012912328052876136,1.0,0.0003606793888123811,0.6653765415901337,1.0000000000000002,0.0,1.0,1
0.5806451612903226,0.7565593724641602,0.5796132174428184,0.8378249848344326,1.0,0.012912328052876136,0.6655190504295363,0.0,1.0000000000000002,0.0,1.0,1
