dpkts,doctets,srcport,dstport,prot,tos,tcp_flags,Label
0.0,0.0006475006475006476,0.8271418735040493,0.0009511939123589609,0.3125,0.0,0.07142857142857142,1
0.0,0.0003885003885003885,0.0013115184104396866,0.8302282865389661,0.3125,0.0,0.5714285714285714,1
0.0,0.0003885003885003885,0.0013115184104396866,0.8335082655471004,0.3125,0.0,0.5714285714285714,1
0.0,0.0006475006475006476,0.6651365618544871,0.0009511939123589609,0.3125,0.0,0.07142857142857142,1
0.0,0.0006475006475006476,0.6684153578805863,0.0009511939123589609,0.3125,0.0,0.07142857142857142,1
0.0,0.01495726495726496,0.6713990622643365,0.0009511939123589609,0.3125,0.0,0.8571428571428571,1
0.0,0.01388888888888889,0.0013115184104396866,0.6744620834426659,0.3125,0.0,0.8571428571428571,1
0.0,0.0003885003885003885,0.0013115184104396866,0.6777420624508003,0.3125,0.0,0.6071428571428571,1
0.0,0.0003885003885003885,0.6811698744221122,0.0009511939123589609,0.3125,0.0,0.5714285714285714,1
0.0,0.0006475006475006476,0.0013115184104396866,0.684794017318289,0.3125,0.0,0.6428571428571428,1
0.0,0.0003885003885003885,0.6873995868717008,0.0009511939123589609,0.3125,0.0,0.5714285714285714,1
0.0,0.0003885003885003885,0.0013115184104396866,0.6908291786932563,0.3125,0.0,0.5714285714285714,1
0.0,0.001554001554001554,0.0,0.02064746785620572,0.0,1.0,0.0,1
0.0,0.0006475006475006476,0.0013115184104396866,0.8666360535292573,0.3125,0.0,0.6428571428571428,1
0.0,0.0006475006475006476,0.0013115184104396866,0.5979073733928102,0.3125,0.0,0.6428571428571428,1
0.0,0.0006475006475006476,0.6013311911865963,0.0009511939123589609,0.3125,0.0,0.07142857142857142,1
0.0,0.0003885003885003885,0.0013115184104396866,0.7039162949357123,0.3125,0.0,0.6071428571428571,1
0.0625,0.006734006734006735,0.0,0.02064746785620572,0.0,1.0,0.0,1
0.0,0.0003885003885003885,0.0013115184104396866,0.7369128837575438,0.3125,0.0,0.5714285714285714,1
0.0,0.0003885003885003885,0.883110921669563,0.0009511939123589609,0.3125,0.0,0.5714285714285714,1
0.0,0.0003885003885003885,0.0013115184104396866,0.8856599317764365,0.3125,0.0,0.5714285714285714,1
0.0,0.0006475006475006476,0.7177612380733794,0.0009511939123589609,0.3125,0.0,0.07142857142857142,1
0.0,0.0006475006475006476,0.8929800977081216,0.0009511939123589609,0.3125,0.0,0.07142857142857142,1
0.0,0.0003885003885003885,0.895308042886652,0.0009511939123589609,0.3125,0.0,0.5714285714285714,1
0.0,0.0003885003885003885,0.6266434965080823,0.0009511939123589609,0.3125,0.0,0.6071428571428571,1
0.0,0.015313390313390313,0.6303485360175743,0.0009511939123589609,0.3125,0.0,0.8571428571428571,1
0.0,0.01495726495726496,0.0013115184104396866,0.9046838100236158,0.3125,0.0,0.8571428571428571,1
0.0,0.0003885003885003885,0.0013115184104396866,0.9080293886119128,0.3125,0.0,0.5714285714285714,1
0.0,0.013856513856513857,0.0013115184104396866,0.9113421674101285,0.3125,0.0,0.8571428571428571,1
0.0,0.0003885003885003885,0.0013115184104396866,0.7729598530569404,0.3125,0.0,0.5714285714285714,1
0.0,0.014601139601139602,0.007262533197809765,0.8169115717659406,0.3125,0.0,0.8571428571428571,1
0.0,0.0003885003885003885,0.0013115184104396866,0.7497376016793492,0.3125,0.0,0.5714285714285714,1
0.0,0.014536389536389537,0.0013115184104396866,0.7527223825767514,0.3125,0.0,0.8571428571428571,1
0.0,0.015151515151515152,0.007262533197809765,0.8264235108895303,0.3125,0.0,0.8571428571428571,1
0.03125,0.004403004403004403,0.0,0.02064746785620572,0.0,1.0,0.0,1
0.0,0.0006475006475006476,0.0013115184104396866,0.6603253739176068,0.3125,0.0,0.6428571428571428,1
0.0,0.014406889406889407,0.6628086166759566,0.0009511939123589609,0.3125,0.0,0.8571428571428571,1
0.0,0.014924889924889925,0.0013115184104396866,0.7958541065337181,0.3125,0.0,0.8571428571428571,1
0.0,0.013727013727013728,0.0013115184104396866,0.7683350826554709,0.3125,0.0,0.8571428571428571,1
0.0,0.0003885003885003885,0.8433391258729794,0.006904355812122802,0.3125,0.0,0.5714285714285714,1
0.0,0.0003885003885003885,0.9476048395029345,0.0009511939123589609,0.3125,0.0,0.5714285714285714,1
0.0,0.0003885003885003885,0.6791370208859308,0.0009511939123589609,0.3125,0.0,0.5714285714285714,1
0.0,0.014763014763014764,0.954096855634611,0.0009511939123589609,0.3125,0.0,0.8571428571428571,1
0.0,0.0003885003885003885,0.8559952785337225,0.006904355812122802,0.3125,0.0,0.6071428571428571,1
0.0,0.0003885003885003885,0.8604872290894784,0.006904355812122802,0.3125,0.0,0.5714285714285714,1
0.0,0.0006475006475006476,0.0013115184104396866,0.9652322225137758,0.3125,0.0,0.6428571428571428,1
0.0,0.0003885003885003885,0.5388045509688842,0.0009511939123589609,0.3125,0.0,0.6071428571428571,1
0.0,0.015604765604765605,0.7986491360372472,0.0009511939123589609,0.3125,0.0,0.8571428571428571,1
0.0,0.0003885003885003885,0.7021541689891472,0.0009511939123589609,0.3125,0.0,0.5714285714285714,1
0.0,0.0003885003885003885,0.7063838158628152,0.0009511939123589609,0.3125,0.0,0.5714285714285714,1
0.0,0.0003885003885003885,0.9816387422538444,0.0009511939123589609,0.3125,0.0,0.5714285714285714,1
0.0,0.0003885003885003885,0.8130102626315617,0.0009511939123589609,0.3125,0.0,0.5714285714285714,1
0.0,0.0003885003885003885,0.0013115184104396866,0.8452505903962214,0.3125,0.0,0.5714285714285714,1
0.0,0.0006475006475006476,0.84930653464048,0.0009511939123589609,0.3125,0.0,0.07142857142857142,1
0.0,0.0003885003885003885,0.8934063411915145,0.006904355812122802,0.3125,0.0,0.5714285714285714,1
0.0,0.0003885003885003885,0.0013115184104396866,0.854664130149567,0.3125,0.0,0.5714285714285714,1
0.03125,0.004144004144004143,0.0,0.02064746785620572,0.0,1.0,0.0,1
0.0,0.0003885003885003885,0.0013115184104396866,1.0,0.3125,0.0,0.6071428571428571,1
0.0,0.015248640248640252,0.9020295747401554,0.006904355812122802,0.3125,0.0,0.8571428571428571,1
0.0,0.0003885003885003885,0.5435260172464671,0.0009511939123589609,0.3125,0.0,0.5714285714285714,1
0.0,0.0003885003885003885,0.561002000065576,0.0009511939123589609,0.3125,0.0,0.5714285714285714,1
0.0,0.0003885003885003885,0.0013115184104396866,0.5503148779847808,0.3125,0.0,0.5714285714285714,1
0.0,0.0003885003885003885,0.8457982228925539,0.0009511939123589609,0.3125,0.0,0.5714285714285714,1
0.0,0.0006475006475006476,0.9196039214400472,0.006904355812122802,0.3125,0.0,0.07142857142857142,1
0.0,0.0003885003885003885,0.0013115184104396866,0.8513185515612699,0.3125,0.0,0.5714285714285714,1
0.0,0.0003885003885003885,0.0013115184104396866,0.5757675150879034,0.3125,0.0,0.5714285714285714,1
0.0,0.014892514892514894,0.0013115184104396866,0.6010889530307005,0.3125,0.0,0.8571428571428571,1
0.0,0.0003885003885003885,0.9314075871340044,0.006904355812122802,0.3125,0.0,0.5714285714285714,1
0.0,0.014601139601139602,0.0013115184104396866,0.5860010495932826,0.3125,0.0,0.8571428571428571,1
0.0,0.014568764568764572,0.0013115184104396866,0.8968446601941746,0.3125,0.0,0.8571428571428571,1
0.0,0.014924889924889925,0.007262533197809765,0.9416491734452899,0.3125,0.0,0.8571428571428571,1
0.0,0.0003885003885003885,0.007262533197809765,0.9436499606402519,0.3125,0.0,0.6071428571428571,1
0.0,0.01430976430976431,0.7767139906226433,0.0009511939123589609,0.3125,0.0,0.8571428571428571,1
0.0,0.015086765086765087,0.0013115184104396866,0.5886906323799527,0.3125,0.0,0.8571428571428571,1
0.0,0.014277389277389278,0.9538345519525231,0.006904355812122802,0.3125,0.0,0.8571428571428571,1
0.0,0.0006475006475006476,0.0013115184104396866,0.5974481763316715,0.3125,0.0,0.6428571428571428,1
0.0,0.0003885003885003885,0.5989704580478049,0.0009511939123589609,0.3125,0.0,0.6071428571428571,1
0.0,0.014212639212639214,0.8938653726351684,0.0009511939123589609,0.3125,0.0,0.8571428571428571,1
0.0,0.0003885003885003885,0.6201186924161448,0.0009511939123589609,0.3125,0.0,0.5714285714285714,1
0.0,0.0006475006475006476,0.0013115184104396866,0.9313828391498293,0.3125,0.0,0.6428571428571428,1
0.0,0.015054390054390056,0.0013115184104396866,0.9028142219889792,0.3125,0.0,0.8571428571428571,1
0.0,0.0003885003885003885,0.9308501918095675,0.006904355812122802,0.3125,0.0,0.5714285714285714,1
0.0,0.013759388759388761,0.0013115184104396866,0.6312647599055365,0.3125,0.0,0.8571428571428571,1
0.0,0.014763014763014764,0.9428177973048297,0.0009511939123589609,0.3125,0.0,0.8571428571428571,1
0.0,0.01486013986013986,0.007262533197809765,0.9866504854368932,0.3125,0.0,0.8571428571428571,1
0.0,0.0003885003885003885,0.0013115184104396866,0.6633429546050904,0.3125,0.0,0.5714285714285714,1
0.0,0.0003885003885003885,0.0013115184104396866,0.666163736552086,0.3125,0.0,0.5714285714285714,1
0.0,0.0003885003885003885,0.6690383291255452,0.0009511939123589609,0.3125,0.0,0.6071428571428571,1
0.0,0.0003885003885003885,0.8294698186825797,0.0009511939123589609,0.3125,0.0,0.6071428571428571,1
0.0,0.018130018130018133,0.6421522017115315,0.0009511939123589609,0.3125,0.0,0.8571428571428571,1
0.0,0.014374514374514376,0.007262533197809765,0.8893007084754657,0.3125,0.0,0.8571428571428571,1
0.0,0.016122766122766124,0.661103642742385,0.0009511939123589609,0.3125,0.0,0.8571428571428571,1
0.0,0.0003885003885003885,0.007262533197809765,0.9659866176856468,0.3125,0.0,0.6071428571428571,1
0.0,0.0003885003885003885,0.0013115184104396866,0.8461033849383364,0.3125,0.0,0.5714285714285714,1
0.0,0.0006475006475006476,0.9131119053083708,0.006904355812122802,0.3125,0.0,0.07142857142857142,1
0.03125,0.004403004403004403,0.0,0.02064746785620572,0.0,1.0,0.0,1
0.0,0.0006475006475006476,0.0013115184104396866,0.9838625032799789,0.3125,0.0,0.6428571428571428,1
0.0,0.0003885003885003885,0.007262533197809765,0.9794345316189975,0.3125,0.0,0.6071428571428571,1
0.0,0.014698264698264699,0.007262533197809765,0.5664523747048018,0.3125,0.0,0.8571428571428571,1
0.0,0.0006475006475006476,0.007262533197809765,0.9262660718971397,0.3125,0.0,0.6428571428571428,1
0.0,0.001554001554001554,0.0,0.02064746785620572,0.0,1.0,0.0,1
0.0,0.0006475006475006476,0.0013115184104396866,0.9969824193125163,0.3125,0.0,0.6428571428571428,1
0.0,0.0003885003885003885,0.8685202793534215,0.0009511939123589609,0.3125,0.0,0.6071428571428571,1
0.0,0.0003885003885003885,0.5786419226859897,0.006904355812122802,0.3125,0.0,0.5714285714285714,1
0.0,0.0003885003885003885,0.544017836650382,0.0009511939123589609,0.3125,0.0,0.5714285714285714,1
0.0,0.0003885003885003885,0.6893996524476212,0.0009511939123589609,0.3125,0.0,0.5714285714285714,1
0.0,0.0003885003885003885,0.0013115184104396866,0.6913867751246391,0.3125,0.0,0.5714285714285714,1
0.0,0.0006475006475006476,0.9869176038558641,0.0009511939123589609,0.3125,0.0,0.07142857142857142,1
0.0,0.0003885003885003885,0.0013115184104396866,0.9880936762004723,0.3125,0.0,0.5714285714285714,1
0.0,0.0003885003885003885,0.0013115184104396866,0.7133954342692206,0.3125,0.0,0.6071428571428571,1
0.0,0.0012950012950012951,0.0,0.02064746785620572,0.0,1.0,0.0,1
0.0,0.0003885003885003885,0.8945867077609102,0.0009511939123589609,0.3125,0.0,0.5714285714285714,1
0.0,0.015896140896140897,0.707072363028296,0.0009511939123589609,0.3125,0.0,0.8571428571428571,1
0.0,0.0003885003885003885,0.6086756942850585,0.006904355812122802,0.3125,0.0,0.6071428571428571,1
0.0,0.0003885003885003885,0.6111020033443719,0.006904355812122802,0.3125,0.0,0.6071428571428571,1
0.0,0.0006475006475006476,0.5469031771533494,0.0009511939123589609,0.3125,0.0,0.07142857142857142,1
0.0,0.0006475006475006476,0.0013115184104396866,0.5799986880083967,0.3125,0.0,0.6428571428571428,1
0.0,0.014277389277389278,0.6222171218728483,0.006904355812122802,0.3125,0.0,0.8571428571428571,1
0.0,0.014277389277389278,0.5851995147381882,0.0009511939123589609,0.3125,0.0,0.8571428571428571,1
0.0,0.0003885003885003885,0.9209482278107479,0.0009511939123589609,0.3125,0.0,0.6071428571428571,1
0.0,0.013662263662263663,0.0013115184104396866,0.5903634216741013,0.3125,0.0,0.8571428571428571,1
0.0,0.0006475006475006476,0.0013115184104396866,0.596365783258987,0.3125,0.0,0.6428571428571428,1
0.0,0.0003885003885003885,0.007262533197809765,0.6384807137234321,0.3125,0.0,0.6071428571428571,1
0.0,0.001554001554001554,0.0,0.02064746785620572,0.0,1.0,0.0,1
0.0,0.0006475006475006476,0.0013115184104396866,0.779618210443453,0.3125,0.0,0.6428571428571428,1
0.0,0.01563714063714064,0.598314698842585,0.006904355812122802,0.3125,0.0,0.8571428571428571,1
0.0,0.01388888888888889,0.0013115184104396866,0.783619784833377,0.3125,0.0,0.8571428571428571,1
0.0,0.0006475006475006476,0.007262533197809765,0.8281946995539228,0.3125,0.0,0.6428571428571428,1
0.0,0.001554001554001554,0.0,0.02064746785620572,0.0,1.0,0.0,1
0.0,0.01498963998963999,0.9474408997016296,0.0009511939123589609,0.3125,0.0,0.8571428571428571,1
0.0,0.0003885003885003885,0.6172333519131775,0.0009511939123589609,0.3125,0.0,0.6071428571428571,1
0.0,0.0003885003885003885,0.007262533197809765,0.5533980582524272,0.3125,0.0,0.5714285714285714,1
0.0625,0.006734006734006735,0.0,0.02064746785620572,0.0,1.0,0.0,1
0.0,0.0006475006475006476,0.007262533197809765,0.620047231697717,0.3125,0.0,0.6428571428571428,1
0.0,0.015313390313390313,0.6680874782779763,0.006904355812122802,0.3125,0.0,0.8571428571428571,1
0.0,0.0006475006475006476,0.7874356536279878,0.0009511939123589609,0.3125,0.0,0.07142857142857142,1
0.0,0.01401838901838902,0.6745467064493919,0.006904355812122802,0.3125,0.0,0.8571428571428571,1
0.0,0.015151515151515152,0.007262533197809765,0.8523681448438729,0.3125,0.0,0.8571428571428571,1
0.0,0.0003885003885003885,0.8168464539820978,0.0009511939123589609,0.3125,0.0,0.5714285714285714,1
0.0,0.014212639212639214,0.6435292960424932,0.0009511939123589609,0.3125,0.0,0.8571428571428571,1
0.0,0.0003885003885003885,0.0013115184104396866,0.8244555234846496,0.3125,0.0,0.5714285714285714,1
0.0,0.0003885003885003885,0.007262533197809765,0.5827866701653108,0.3125,0.0,0.5714285714285714,1
0.0,0.013662263662263663,0.007262533197809765,0.6473038572553135,0.3125,0.0,0.8571428571428571,1
0.0,0.014601139601139602,0.8115020164595561,0.0009511939123589609,0.3125,0.0,0.8571428571428571,1
0.0,0.014115514115514117,0.837011049542608,0.0009511939123589609,0.3125,0.0,0.8571428571428571,1
0.0,0.0003885003885003885,0.8176333650283616,0.0009511939123589609,0.3125,0.0,0.6071428571428571,1
0.0,0.0003885003885003885,0.7078264861142989,0.006904355812122802,0.3125,0.0,0.5714285714285714,1
0.0,0.014504014504014506,0.007262533197809765,0.6020073471529781,0.3125,0.0,0.8571428571428571,1
0.0,0.0003885003885003885,0.6280533787993049,0.0009511939123589609,0.3125,0.0,0.6071428571428571,1
0.0,0.0006475006475006476,0.8332732220728549,0.0009511939123589609,0.3125,0.0,0.07142857142857142,1
0.0,0.0006475006475006476,0.007262533197809765,0.7224481763316714,0.3125,0.0,0.6428571428571428,1
0.0625,0.006734006734006735,0.0,0.02064746785620572,0.0,1.0,0.0,1
0.0,0.0003885003885003885,0.0013115184104396866,0.6525846234584098,0.3125,0.0,0.5714285714285714,1
0.0,0.0003885003885003885,0.0013115184104396866,0.6850564156389398,0.3125,0.0,0.5714285714285714,1
0.0,0.0003885003885003885,0.007262533197809765,0.904421411702965,0.3125,0.0,0.5714285714285714,1
0.0,0.0003885003885003885,0.007262533197809765,0.6256559958016268,0.3125,0.0,0.5714285714285714,1
0.0,0.014245014245014247,0.8516016918587495,0.0009511939123589609,0.3125,0.0,0.8571428571428571,1
0.0,0.0003885003885003885,0.8547821240040657,0.0009511939123589609,0.3125,0.0,0.6071428571428571,1
0.0,0.0003885003885003885,0.0013115184104396866,0.7023091052217265,0.3125,0.0,0.6071428571428571,1
0.0,0.0003885003885003885,0.6996294960490508,0.006904355812122802,0.3125,0.0,0.5714285714285714,1
0.0,0.0003885003885003885,0.0013115184104396866,0.5792114930464445,0.3125,0.0,0.5714285714285714,1
0.0,0.0003885003885003885,0.753401750877078,0.006904355812122802,0.3125,0.0,0.6071428571428571,1
0.0,0.0003885003885003885,0.7562870913800452,0.006904355812122802,0.3125,0.0,0.6071428571428571,1
0.0,0.0003885003885003885,0.6927112364339815,0.0009511939123589609,0.3125,0.0,0.5714285714285714,1
0.0,0.0003885003885003885,0.7230400996753992,0.0009511939123589609,0.3125,0.0,0.6071428571428571,1
0.0,0.0003885003885003885,0.9441293157152694,0.006904355812122802,0.3125,0.0,0.5714285714285714,1
0.0,0.0003885003885003885,0.0013115184104396866,0.9060286014169509,0.3125,0.0,0.5714285714285714,1
0.0,0.0003885003885003885,0.0013115184104396866,0.70312909997376,0.3125,0.0,0.5714285714285714,1
0.0,0.0006475006475006476,0.7794353913243057,0.006904355812122802,0.3125,0.0,0.07142857142857142,1
0.0,0.0006475006475006476,0.6123151578740287,0.0009511939123589609,0.3125,0.0,0.07142857142857142,1
0.0,0.0003885003885003885,0.0013115184104396866,0.716675413277355,0.3125,0.0,0.5714285714285714,1
0.0,0.0003885003885003885,0.0013115184104396866,0.6167672526895828,0.3125,0.0,0.6071428571428571,1
0.0,0.0003885003885003885,0.9069477687793043,0.0009511939123589609,0.3125,0.0,0.5714285714285714,1
0.0,0.01498963998963999,0.007262533197809765,0.7467856205720282,0.3125,0.0,0.8571428571428571,1
0.0,0.0003885003885003885,0.7529427194334241,0.006904355812122802,0.3125,0.0,0.5714285714285714,1
0.0,0.0003885003885003885,0.8006819895734286,0.006904355812122802,0.3125,0.0,0.6071428571428571,1
0.0,0.014083139083139084,0.0013115184104396866,0.9052086066649173,0.3125,0.0,0.8571428571428571,1
0.0,0.0003885003885003885,0.9428177973048297,0.0009511939123589609,0.3125,0.0,0.6071428571428571,1
0.0,0.0003885003885003885,0.007262533197809765,0.763382314353188,0.3125,0.0,0.5714285714285714,1
0.0,0.0003885003885003885,0.007262533197809765,0.8133691944371555,0.3125,0.0,0.6071428571428571,1
0.0,0.0003885003885003885,0.7097937637299584,0.006904355812122802,0.3125,0.0,0.5714285714285714,1
0.0,0.0006475006475006476,0.0013115184104396866,0.6523550249278404,0.3125,0.0,0.6428571428571428,1
0.0,0.015863765863765866,0.7526804157513362,0.0009511939123589609,0.3125,0.0,0.8571428571428571,1
0.0,0.0003885003885003885,0.8272402373848323,0.006904355812122802,0.3125,0.0,0.6071428571428571,1
0.0,0.013565138565138567,0.0013115184104396866,0.9653962214641826,0.3125,0.0,0.8571428571428571,1
0.0,0.0003885003885003885,0.0013115184104396866,0.5480516924691682,0.3125,0.0,0.5714285714285714,1
0.0,0.0003885003885003885,0.0013115184104396866,0.7669902912621358,0.3125,0.0,0.5714285714285714,1
0.0,0.0003885003885003885,0.9405226400865603,0.0009511939123589609,0.3125,0.0,0.5714285714285714,1
0.0,0.0003885003885003885,0.9605888717662875,0.0009511939123589609,0.3125,0.0,0.5714285714285714,1
0.0,0.0003885003885003885,0.0013115184104396866,0.7789950144319076,0.3125,0.0,0.5714285714285714,1
0.0,0.0003885003885003885,0.6800222958129775,0.0009511939123589609,0.3125,0.0,0.6071428571428571,1
0.0,0.0003885003885003885,0.8565854618184203,0.006904355812122802,0.3125,0.0,0.5714285714285714,1
0.0,0.0003885003885003885,0.0013115184104396866,0.7901797428496456,0.3125,0.0,0.5714285714285714,1
0.0,0.0003885003885003885,0.7927473031902685,0.0009511939123589609,0.3125,0.0,0.5714285714285714,1
0.0,0.0003885003885003885,0.007262533197809765,0.864405667803726,0.3125,0.0,0.5714285714285714,1
0.0,0.0003885003885003885,0.0013115184104396866,0.580884282340593,0.3125,0.0,0.5714285714285714,1
0.0,0.01401838901838902,0.0013115184104396866,0.9716281815796378,0.3125,0.0,0.8571428571428571,1
0.0,0.0003885003885003885,0.0013115184104396866,0.5872474416163735,0.3125,0.0,0.5714285714285714,1
0.0,0.0003885003885003885,0.9787534017508771,0.0009511939123589609,0.3125,0.0,0.5714285714285714,1
0.0,0.01563714063714064,0.5948391750549199,0.0009511939123589609,0.3125,0.0,0.8571428571428571,1
0.0,0.0003885003885003885,0.0013115184104396866,0.8172723694568353,0.3125,0.0,0.6071428571428571,1
0.0,0.0012950012950012951,0.0,0.02064746785620572,0.0,1.0,0.0,1
0.0,0.0003885003885003885,0.8494376864815241,0.0009511939123589609,0.3125,0.0,0.5714285714285714,1
0.0,0.0003885003885003885,0.6023148299944261,0.006904355812122802,0.3125,0.0,0.6071428571428571,1
0.0,0.0003885003885003885,0.007262533197809765,0.6061073209131461,0.3125,0.0,0.5714285714285714,1
0.0,0.015151515151515152,0.007262533197809765,0.8967134610338493,0.3125,0.0,0.8571428571428571,1
0.0625,0.006734006734006735,0.0,0.02064746785620572,0.0,1.0,0.0,1
0.0,0.0003885003885003885,0.0013115184104396866,0.7297953293098923,0.3125,0.0,0.6071428571428571,1
0.0,0.0006475006475006476,0.866323486015935,0.0009511939123589609,0.3125,0.0,0.07142857142857142,1
0.0,0.0006475006475006476,0.5834289648840946,0.0009511939123589609,0.3125,0.0,0.07142857142857142,1
0.0,0.0003885003885003885,0.803206662513525,0.006904355812122802,0.3125,0.0,0.6071428571428571,1
0.0,0.014439264439264441,0.8061903668972753,0.006904355812122802,0.3125,0.0,0.8571428571428571,1
0.0,0.0003885003885003885,0.0013115184104396866,0.8760495932826029,0.3125,0.0,0.6071428571428571,1
0.0,0.014633514633514633,0.007262533197809765,0.6327735502492783,0.3125,0.0,0.8571428571428571,1
0.0,0.0006475006475006476,0.8597331060034755,0.0009511939123589609,0.3125,0.0,0.07142857142857142,1
0.0,0.015507640507640509,0.0013115184104396866,0.8596824980320125,0.3125,0.0,0.8571428571428571,1
0.0,0.0003885003885003885,0.007262533197809765,0.6417278929414851,0.3125,0.0,0.6071428571428571,1
0.0,0.014827764827764829,0.0013115184104396866,0.7630543164523746,0.3125,0.0,0.8571428571428571,1
0.0,0.0012950012950012951,0.0,0.02064746785620572,0.0,1.0,0.0,1
0.0,0.0003885003885003885,0.0013115184104396866,0.6515022303857254,0.3125,0.0,0.6071428571428571,1
0.0,0.015604765604765605,0.8806190366897275,0.006904355812122802,0.3125,0.0,0.8571428571428571,1
0.0,0.0006475006475006476,0.9007180563297158,0.006904355812122802,0.3125,0.0,0.07142857142857142,1
0.0,0.013532763532763534,0.0013115184104396866,0.5975793754919968,0.3125,0.0,0.8571428571428571,1
0.0,0.013856513856513857,0.0013115184104396866,0.6646877459984255,0.3125,0.0,0.8571428571428571,1
0.0,0.0003885003885003885,0.0013115184104396866,0.8846103384938335,0.3125,0.0,0.5714285714285714,1
0.0,0.0003885003885003885,0.007262533197809765,0.6698045132511151,0.3125,0.0,0.6071428571428571,1
0.0,0.015701890701890705,0.920194104724745,0.0009511939123589609,0.3125,0.0,0.8571428571428571,1
0.0,0.014277389277389278,0.0013115184104396866,0.8936958803463657,0.3125,0.0,0.8571428571428571,1
0.0,0.0003885003885003885,0.6061510213449621,0.0009511939123589609,0.3125,0.0,0.5714285714285714,1
0.0,0.0003885003885003885,0.0013115184104396866,0.6441222776174231,0.3125,0.0,0.5714285714285714,1
0.0,0.0003885003885003885,0.007262533197809765,0.9739569666754132,0.3125,0.0,0.5714285714285714,1
0.0,0.0003885003885003885,0.0013115184104396866,0.8062844397795853,0.3125,0.0,0.5714285714285714,1
0.0,0.0003885003885003885,0.0013115184104396866,0.6317239569666754,0.3125,0.0,0.5714285714285714,1
0.0,0.01414788914788915,0.007262533197809765,0.9378771975859354,0.3125,0.0,0.8571428571428571,1
0.0,0.0003885003885003885,0.8200924620479361,0.0009511939123589609,0.3125,0.0,0.5714285714285714,1
0.0,0.0006475006475006476,0.9235056887111053,0.0009511939123589609,0.3125,0.0,0.07142857142857142,1
0.0,0.014406889406889407,0.007262533197809765,0.9937680398845447,0.3125,0.0,0.8571428571428571,1
0.0,0.0006475006475006476,0.007262533197809765,0.7124114405667803,0.3125,0.0,0.6428571428571428,1
0.03125,0.004144004144004143,0.0,0.02064746785620572,0.0,1.0,0.0,1
0.0,0.0006475006475006476,0.6769402275484442,0.0009511939123589609,0.3125,0.0,0.07142857142857142,1
0.0,0.0003885003885003885,0.5444768680940358,0.006904355812122802,0.3125,0.0,0.5714285714285714,1
0.0,0.0003885003885003885,0.0013115184104396866,0.658718184203621,0.3125,0.0,0.5714285714285714,1
0.0,0.0003885003885003885,0.6497262205318207,0.0009511939123589609,0.3125,0.0,0.5714285714285714,1
0.0,0.0006475006475006476,0.007262533197809765,0.7290737339281028,0.3125,0.0,0.6428571428571428,1
0.0,0.0003885003885003885,0.9532771566280862,0.0009511939123589609,0.3125,0.0,0.5714285714285714,1
0.0,0.0006475006475006476,0.5611003639463589,0.006904355812122802,0.3125,0.0,0.07142857142857142,1
0.0,0.0006475006475006476,0.7390734122430244,0.006904355812122802,0.3125,0.0,0.07142857142857142,1
0.0,0.01554001554001554,0.0013115184104396866,0.6782012595119391,0.3125,0.0,0.8571428571428571,1
0.0,0.0003885003885003885,0.0013115184104396866,0.9586394647074258,0.3125,0.0,0.5714285714285714,1
0.0,0.0003885003885003885,0.0013115184104396866,0.7482288113356074,0.3125,0.0,0.5714285714285714,1
0.0,0.014471639471639472,0.0013115184104396866,0.9672002099186564,0.3125,0.0,0.8571428571428571,1
0.0,0.0003885003885003885,0.0013115184104396866,0.7131658357386512,0.3125,0.0,0.5714285714285714,1
0.0,0.0003885003885003885,0.6860552805010001,0.0009511939123589609,0.3125,0.0,0.5714285714285714,1
0.0,0.0006475006475006476,0.8803239450473787,0.0009511939123589609,0.3125,0.0,0.07142857142857142,1
0.0,0.0003885003885003885,0.0013115184104396866,0.9836329047494096,0.3125,0.0,0.5714285714285714,1
0.0,0.0003885003885003885,0.9869176038558641,0.0009511939123589609,0.3125,0.0,0.5714285714285714,1
0.0,0.0003885003885003885,0.7301550870520345,0.0009511939123589609,0.3125,0.0,0.5714285714285714,1
0.0,0.0003885003885003885,0.5605757565821831,0.0009511939123589609,0.3125,0.0,0.5714285714285714,1
0.0,0.0003885003885003885,0.7752385324108988,0.006904355812122802,0.3125,0.0,0.6071428571428571,1
0.0,0.0003885003885003885,0.962687301222991,0.006904355812122802,0.3125,0.0,0.5714285714285714,1
0.0,0.013986013986013988,0.007262533197809765,0.5478220939385987,0.3125,0.0,0.8571428571428571,1
0.0,0.0003885003885003885,0.007262533197809765,0.6118144843872999,0.3125,0.0,0.5714285714285714,1
0.0,0.0006475006475006476,0.007262533197809765,0.5581212280241405,0.3125,0.0,0.6428571428571428,1
0.0,0.0006475006475006476,0.0013115184104396866,0.5506756756756757,0.3125,0.0,0.6428571428571428,1
0.0,0.013694638694638696,0.0013115184104396866,0.797953293098924,0.3125,0.0,0.8571428571428571,1
0.0,0.001554001554001554,0.0,0.02064746785620572,0.0,1.0,0.0,1
0.0,0.0006475006475006476,0.0013115184104396866,0.7638415114143269,0.3125,0.0,0.6428571428571428,1
0.0,0.0003885003885003885,0.5687071707269091,0.006904355812122802,0.3125,0.0,0.5714285714285714,1
0.0,0.0003885003885003885,0.0013115184104396866,0.7674494883232746,0.3125,0.0,0.5714285714285714,1
0.0,0.0003885003885003885,0.007262533197809765,0.9899304644450274,0.3125,0.0,0.5714285714285714,1
0.0,0.014698264698264699,0.8155349355716581,0.0009511939123589609,0.3125,0.0,0.8571428571428571,1
0.0,0.0006475006475006476,0.5851011508574052,0.006904355812122802,0.3125,0.0,0.07142857142857142,1
0.0,0.014050764050764051,0.007262533197809765,0.9993112044082917,0.3125,0.0,0.8571428571428571,1
0.0,0.0003885003885003885,0.6514311944653923,0.006904355812122802,0.3125,0.0,0.5714285714285714,1
0.0,0.015960890960890962,0.6523820453129611,0.006904355812122802,0.3125,0.0,0.8571428571428571,1
0.0,0.0006475006475006476,0.6173645037542215,0.0009511939123589609,0.3125,0.0,0.07142857142857142,1
0.0,0.0003885003885003885,0.007262533197809765,0.6578325898714248,0.3125,0.0,0.6071428571428571,1
0.0,0.0006475006475006476,0.6183153546017902,0.006904355812122802,0.3125,0.0,0.07142857142857142,1
0.0,0.0006475006475006476,0.7697301550870521,0.0009511939123589609,0.3125,0.0,0.07142857142857142,1
0.0,0.0003885003885003885,0.6225450014754582,0.006904355812122802,0.3125,0.0,0.5714285714285714,1
0.03125,0.002331002331002331,0.5667726810715106,0.006904355812122802,0.3125,0.0,0.6428571428571428,1
0.0,0.0006475006475006476,0.57336306108397,0.006904355812122802,0.3125,0.0,0.07142857142857142,1
0.0,0.0003885003885003885,0.8207482212531558,0.0009511939123589609,0.3125,0.0,0.5714285714285714,1
0.0,0.0003885003885003885,0.6165448047476967,0.0009511939123589609,0.3125,0.0,0.5714285714285714,1
0.0,0.0003885003885003885,0.0013115184104396866,0.6216544214117029,0.3125,0.0,0.5714285714285714,1
0.0,0.0003885003885003885,0.0013115184104396866,0.8681448438729992,0.3125,0.0,0.5714285714285714,1
0.0,0.0006475006475006476,0.0013115184104396866,0.8124180005247965,0.3125,0.0,0.6428571428571428,1
0.0,0.0003885003885003885,0.6993016164464408,0.006904355812122802,0.3125,0.0,0.5714285714285714,1
0.0,0.0003885003885003885,0.007262533197809765,0.5941353975334557,0.3125,0.0,0.5714285714285714,1
0.0,0.0003885003885003885,0.8416669398996689,0.0009511939123589609,0.3125,0.0,0.6071428571428571,1
0.0,0.0006475006475006476,0.007262533197809765,0.7113946470742587,0.3125,0.0,0.6428571428571428,1
0.0,0.0003885003885003885,0.6036263484048657,0.006904355812122802,0.3125,0.0,0.5714285714285714,1
0.0,0.0003885003885003885,0.6714974261451195,0.006904355812122802,0.3125,0.0,0.5714285714285714,1
0.0,0.0003885003885003885,0.0013115184104396866,0.6782668590921017,0.3125,0.0,0.5714285714285714,1
0.0,0.0003885003885003885,0.0013115184104396866,0.8580753083180267,0.3125,0.0,0.5714285714285714,1
0.0,0.0003885003885003885,0.8296009705236238,0.0009511939123589609,0.3125,0.0,0.5714285714285714,1
0.0,0.0003885003885003885,0.6194629332109249,0.006904355812122802,0.3125,0.0,0.5714285714285714,1
0.0,0.0003885003885003885,0.8669136693006328,0.0009511939123589609,0.3125,0.0,0.6071428571428571,1
0.0,0.0003885003885003885,0.007262533197809765,0.6277223825767514,0.3125,0.0,0.5714285714285714,1
0.0,0.0003885003885003885,0.007262533197809765,0.6918459721857779,0.3125,0.0,0.5714285714285714,1
0.0,0.0003885003885003885,0.6331355126397588,0.006904355812122802,0.3125,0.0,0.5714285714285714,1
0.0,0.0003885003885003885,0.6371028558313387,0.006904355812122802,0.3125,0.0,0.5714285714285714,1
0.0,0.0003885003885003885,0.7081543657169088,0.0009511939123589609,0.3125,0.0,0.5714285714285714,1
0.0,0.0006475006475006476,0.7550083609298666,0.006904355812122802,0.3125,0.0,0.07142857142857142,1
0.0,0.014698264698264699,0.0013115184104396866,0.9307268433482024,0.3125,0.0,0.8571428571428571,1
0.0,0.001554001554001554,0.0,0.02064746785620572,0.0,1.0,0.0,1
0.0,0.0006475006475006476,0.0013115184104396866,0.5909866176856468,0.3125,0.0,0.6428571428571428,1
0.0,0.0003885003885003885,0.007262533197809765,0.9369588034636578,0.3125,0.0,0.5714285714285714,1
0.0,0.0003885003885003885,0.0013115184104396866,0.8673576489110469,0.3125,0.0,0.5714285714285714,1
0.0,0.0003885003885003885,0.0013115184104396866,0.6985043295722907,0.3125,0.0,0.5714285714285714,1
0.0,0.0003885003885003885,0.0013115184104396866,0.9080949881920755,0.3125,0.0,0.5714285714285714,1
0.0,0.0003885003885003885,0.7152693530935441,0.006904355812122802,0.3125,0.0,0.5714285714285714,1
0.0,0.0003885003885003885,0.7316633332240402,0.006904355812122802,0.3125,0.0,0.5714285714285714,1
0.0,0.0003885003885003885,0.8841601363979147,0.0009511939123589609,0.3125,0.0,0.5714285714285714,1
0.0,0.0003885003885003885,0.7855667398931113,0.006904355812122802,0.3125,0.0,0.5714285714285714,1
0.0,0.0003885003885003885,0.8899308174038494,0.0009511939123589609,0.3125,0.0,0.5714285714285714,1
0.0,0.0003885003885003885,0.7457293681760058,0.006904355812122802,0.3125,0.0,0.5714285714285714,1
0.0,0.0003885003885003885,0.7994032591232499,0.006904355812122802,0.3125,0.0,0.5714285714285714,1
0.0,0.0003885003885003885,0.7295321158070757,0.0009511939123589609,0.3125,0.0,0.6071428571428571,1
0.0,0.0003885003885003885,0.9076363159447851,0.0009511939123589609,0.3125,0.0,0.5714285714285714,1
0.0,0.0003885003885003885,0.007262533197809765,0.9815337181842035,0.3125,0.0,0.5714285714285714,1
0.0,0.001554001554001554,0.0,0.02064746785620572,0.0,1.0,0.0,1
0.0,0.0006475006475006476,0.007262533197809765,0.7047690894778272,0.3125,0.0,0.6428571428571428,1
0.0,0.0003885003885003885,0.007262533197809765,0.9882248753607976,0.3125,0.0,0.5714285714285714,1
0.0,0.0003885003885003885,0.0013115184104396866,0.9523091052217265,0.3125,0.0,0.5714285714285714,1
0.0,0.0003885003885003885,0.007262533197809765,0.9949816321175543,0.3125,0.0,0.6071428571428571,1
0.0,0.0003885003885003885,0.7642545657234664,0.006904355812122802,0.3125,0.0,0.6071428571428571,1
0.0,0.0003885003885003885,0.9284238827502541,0.0009511939123589609,0.3125,0.0,0.5714285714285714,1
0.0,0.0003885003885003885,0.7253680448539297,0.006904355812122802,0.3125,0.0,0.5714285714285714,1
0.0,0.0003885003885003885,0.7696317912062691,0.0009511939123589609,0.3125,0.0,0.5714285714285714,1
0.0,0.0006475006475006476,0.0013115184104396866,0.6697389136709524,0.3125,0.0,0.6428571428571428,1
0.0,0.0003885003885003885,0.799436047083511,0.0009511939123589609,0.3125,0.0,0.5714285714285714,1
0.0,0.0003885003885003885,0.007262533197809765,0.7363224875360797,0.3125,0.0,0.5714285714285714,1
0.0,0.0003885003885003885,0.9825568051411522,0.0009511939123589609,0.3125,0.0,0.5714285714285714,1
0.0,0.013953638953638955,0.5631660054428014,0.006904355812122802,0.3125,0.0,0.8571428571428571,1
0.0,0.0003885003885003885,0.007262533197809765,0.5656651797428496,0.3125,0.0,0.5714285714285714,1
0.0,0.0003885003885003885,0.0013115184104396866,0.5711099448963526,0.3125,0.0,0.5714285714285714,1
0.0,0.0003885003885003885,0.007262533197809765,0.572487536079769,0.3125,0.0,0.5714285714285714,1
0.0,0.0003885003885003885,0.5761828256664153,0.006904355812122802,0.3125,0.0,0.5714285714285714,1
0.0,0.0006475006475006476,0.7004164070953146,0.0009511939123589609,0.3125,0.0,0.07142857142857142,1
0.0,0.0006475006475006476,0.0013115184104396866,0.8037588559433219,0.3125,0.0,0.6428571428571428,1
0.0,0.0006475006475006476,0.007262533197809765,0.818092364208869,0.3125,0.0,0.6428571428571428,1
0.0,0.0003885003885003885,0.8372405652644349,0.0009511939123589609,0.3125,0.0,0.6071428571428571,1
0.03125,0.004403004403004403,0.0,0.02064746785620572,0.0,1.0,0.0,1
0.0,0.0006475006475006476,0.0013115184104396866,0.9989504067173969,0.3125,0.0,0.6428571428571428,1
0.0,0.015831390831390832,0.0013115184104396866,0.7139858304906848,0.3125,0.0,0.8571428571428571,1
0.0,0.0006475006475006476,0.8510442965343127,0.0009511939123589609,0.3125,0.0,0.07142857142857142,1
0.0,0.014730639730639733,0.007262533197809765,0.8330162686958803,0.3125,0.0,0.8571428571428571,1
0.0,0.0006475006475006476,0.0013115184104396866,0.7279585410653371,0.3125,0.0,0.6428571428571428,1
0.0,0.0003885003885003885,0.0013115184104396866,0.5373261611125688,0.3125,0.0,0.5714285714285714,1
0.0,0.0003885003885003885,0.862093839142267,0.0009511939123589609,0.3125,0.0,0.6071428571428571,1
0.0,0.015572390572390574,0.0013115184104396866,0.5440829178693256,0.3125,0.0,0.8571428571428571,1
0.0,0.0006475006475006476,0.8657333027312372,0.006904355812122802,0.3125,0.0,0.07142857142857142,1
0.0,0.0003885003885003885,0.5507393685038854,0.0009511939123589609,0.3125,0.0,0.6071428571428571,1
0.0,0.0003885003885003885,0.0013115184104396866,0.8453817895565467,0.3125,0.0,0.6071428571428571,1
0.0,0.0003885003885003885,0.007262533197809765,0.8598136971923379,0.3125,0.0,0.6071428571428571,1
0.0625,0.006993006993006994,0.0,0.02064746785620572,0.0,1.0,0.0,1
0.0,0.0003885003885003885,0.007262533197809765,0.8146811860404093,0.3125,0.0,0.6071428571428571,1
0.0,0.0006475006475006476,0.6412669267844847,0.006904355812122802,0.3125,0.0,0.07142857142857142,1
0.0,0.0003885003885003885,0.8225515590675104,0.006904355812122802,0.3125,0.0,0.5714285714285714,1
0.0,0.0003885003885003885,0.6500868880946916,0.0009511939123589609,0.3125,0.0,0.5714285714285714,1
0.0,0.0003885003885003885,0.007262533197809765,0.9361060089215428,0.3125,0.0,0.5714285714285714,1
0.0,0.0003885003885003885,0.007262533197809765,0.8811991603253738,0.3125,0.0,0.5714285714285714,1
0.0,0.0006475006475006476,0.887012688940621,0.006904355812122802,0.3125,0.0,0.07142857142857142,1
0.0,0.0003885003885003885,0.0013115184104396866,0.876344791393335,0.3125,0.0,0.5714285714285714,1
0.0,0.0003885003885003885,0.007262533197809765,0.8910062975596955,0.3125,0.0,0.6071428571428571,1
0.0,0.0003885003885003885,0.0013115184104396866,0.8879559170821306,0.3125,0.0,0.5714285714285714,1
0.0,0.0003885003885003885,0.5948391750549199,0.0009511939123589609,0.3125,0.0,0.5714285714285714,1
0.0,0.0003885003885003885,0.0013115184104396866,0.9199029126213591,0.3125,0.0,0.6071428571428571,1
0.0,0.0003885003885003885,0.0013115184104396866,0.8926134872736814,0.3125,0.0,0.5714285714285714,1
0.0,0.0003885003885003885,0.9003573887668449,0.0009511939123589609,0.3125,0.0,0.5714285714285714,1
0.0,0.0012950012950012951,0.0,0.02064746785620572,0.0,1.0,0.0,1
0.0,0.0003885003885003885,0.007262533197809765,0.9240684859616898,0.3125,0.0,0.6071428571428571,1
0.0,0.0003885003885003885,0.0013115184104396866,0.9033718184203621,0.3125,0.0,0.5714285714285714,1
0.0,0.0003885003885003885,0.007262533197809765,0.9181973235371292,0.3125,0.0,0.5714285714285714,1
0.0,0.0003885003885003885,0.0013115184104396866,0.940140383101548,0.3125,0.0,0.6071428571428571,1
0.0,0.0003885003885003885,0.9182596150693466,0.0009511939123589609,0.3125,0.0,0.6071428571428571,1
0.0,0.0006475006475006476,0.0013115184104396866,0.9240684859616898,0.3125,0.0,0.6428571428571428,1
0.0,0.0003885003885003885,0.0013115184104396866,0.8207163474153765,0.3125,0.0,0.6071428571428571,1
0.0,0.017450142450142453,0.0013115184104396866,0.6681645237470479,0.3125,0.0,0.8571428571428571,1
0.0,0.0006475006475006476,0.7152037771730221,0.0009511939123589609,0.3125,0.0,0.07142857142857142,1
0.0,0.0003885003885003885,0.9642939112757796,0.0009511939123589609,0.3125,0.0,0.5714285714285714,1
0.0,0.0003885003885003885,0.0013115184104396866,0.9379755969561794,0.3125,0.0,0.5714285714285714,1
0.0,0.016122766122766124,0.0013115184104396866,0.9410587772238257,0.3125,0.0,0.8571428571428571,1
0.0,0.0006475006475006476,0.7288763566018558,0.0009511939123589609,0.3125,0.0,0.07142857142857142,1
0.0,0.0006475006475006476,0.9480638709465884,0.0009511939123589609,0.3125,0.0,0.07142857142857142,1
0.0,0.0003885003885003885,0.007262533197809765,0.7309105221726581,0.3125,0.0,0.6071428571428571,1
0.0,0.0012950012950012951,0.0,0.02064746785620572,0.0,1.0,0.0,1
0.0,0.0003885003885003885,0.007262533197809765,0.5598596168984518,0.3125,0.0,0.6071428571428571,1
0.0,0.0003885003885003885,0.6801862356142825,0.0009511939123589609,0.3125,0.0,0.5714285714285714,1
0.0,0.013727013727013728,0.007262533197809765,0.9691353975334557,0.3125,0.0,0.8571428571428571,1
0.0,0.0003885003885003885,0.007262533197809765,0.9241012857517711,0.3125,0.0,0.5714285714285714,1
0.0,0.0006475006475006476,0.9928522246631037,0.006904355812122802,0.3125,0.0,0.07142857142857142,1
0.0,0.0003885003885003885,0.7534345388373389,0.0009511939123589609,0.3125,0.0,0.5714285714285714,1
0.0,0.0006475006475006476,0.9788189776713991,0.0009511939123589609,0.3125,0.0,0.07142857142857142,1
0.0,0.0003885003885003885,0.0013115184104396866,0.543361322487536,0.3125,0.0,0.6071428571428571,1
0.0,0.0003885003885003885,0.007262533197809765,0.9406979795329309,0.3125,0.0,0.5714285714285714,1
0.0,0.01702926702926703,0.0013115184104396866,0.9826161112568879,0.3125,0.0,0.8571428571428571,1
0.0,0.0006475006475006476,0.5503459129807535,0.006904355812122802,0.3125,0.0,0.07142857142857142,1
0.0,0.0003885003885003885,0.0013115184104396866,0.6983403306218839,0.3125,0.0,0.6071428571428571,1
0.0,0.016122766122766124,0.0013115184104396866,0.5592036210968249,0.3125,0.0,0.8571428571428571,1
0.0,0.0003885003885003885,0.7430735433948654,0.0009511939123589609,0.3125,0.0,0.5714285714285714,1
0.0,0.0003885003885003885,0.007262533197809765,0.6072881133560745,0.3125,0.0,0.6071428571428571,1
0.0,0.0006475006475006476,0.573297485163448,0.0009511939123589609,0.3125,0.0,0.07142857142857142,1
0.0,0.0003885003885003885,0.5469031771533494,0.0009511939123589609,0.3125,0.0,0.5714285714285714,1
0.0,0.015993265993265993,0.0013115184104396866,0.5763251115192862,0.3125,0.0,0.8571428571428571,1
0.0,0.0003885003885003885,0.6209711793829306,0.006904355812122802,0.3125,0.0,0.6071428571428571,1
0.0,0.0003885003885003885,0.8023541755467393,0.006904355812122802,0.3125,0.0,0.5714285714285714,1
0.0,0.0003885003885003885,0.7298272074494246,0.0009511939123589609,0.3125,0.0,0.6071428571428571,1
0.0,0.0003885003885003885,0.8110757729761632,0.0009511939123589609,0.3125,0.0,0.5714285714285714,1
0.0,0.0003885003885003885,0.0013115184104396866,0.5674035686171608,0.3125,0.0,0.5714285714285714,1
0.0,0.0006475006475006476,0.007262533197809765,0.5946929939648385,0.3125,0.0,0.6428571428571428,1
0.0,0.0003885003885003885,0.5820518705531329,0.006904355812122802,0.3125,0.0,0.6071428571428571,1
0.0,0.0003885003885003885,0.999967212039739,0.006904355812122802,0.3125,0.0,0.5714285714285714,1
0.0,0.0003885003885003885,0.6052657464179154,0.006904355812122802,0.3125,0.0,0.5714285714285714,1
0.0,0.0006475006475006476,0.0013115184104396866,0.6143072684334819,0.3125,0.0,0.6428571428571428,1
0.0,0.0003885003885003885,0.6586117577625497,0.006904355812122802,0.3125,0.0,0.5714285714285714,1
0.0,0.0003885003885003885,0.0013115184104396866,0.7590855418525321,0.3125,0.0,0.5714285714285714,1
0.0,0.0003885003885003885,0.837011049542608,0.006904355812122802,0.3125,0.0,0.5714285714285714,1
0.0,0.0003885003885003885,0.0013115184104396866,0.7793230123327209,0.3125,0.0,0.5714285714285714,1
0.0,0.0003885003885003885,0.007262533197809765,0.6095840986617685,0.3125,0.0,0.5714285714285714,1
0.0,0.0003885003885003885,0.6261516771041674,0.006904355812122802,0.3125,0.0,0.5714285714285714,1
0.0,0.0003885003885003885,0.007262533197809765,0.6160128575177118,0.3125,0.0,0.6071428571428571,1
0.0,0.0006475006475006476,0.6421194137512706,0.0009511939123589609,0.3125,0.0,0.07142857142857142,1
0.0,0.0003885003885003885,0.9752450900029509,0.0009511939123589609,0.3125,0.0,0.6071428571428571,1
0.0,0.0003885003885003885,0.6166431686284797,0.0009511939123589609,0.3125,0.0,0.6071428571428571,1
0.0,0.016543641543641546,0.0013115184104396866,0.8665376541590133,0.3125,0.0,0.8571428571428571,1
0.0,0.0003885003885003885,0.5849044230958392,0.006904355812122802,0.3125,0.0,0.6071428571428571,1
0.0,0.0003885003885003885,0.007262533197809765,0.6367423248491209,0.3125,0.0,0.5714285714285714,1
0.0,0.0003885003885003885,0.5951342666972688,0.006904355812122802,0.3125,0.0,0.5714285714285714,1
0.0,0.0006475006475006476,0.8831437096298239,0.0009511939123589609,0.3125,0.0,0.07142857142857142,1
0.0,0.0003885003885003885,0.007262533197809765,0.65966937811598,0.3125,0.0,0.5714285714285714,1
0.0,0.0006475006475006476,0.6538902914849667,0.006904355812122802,0.3125,0.0,0.07142857142857142,1
0.0,0.0003885003885003885,0.8149119643266992,0.0009511939123589609,0.3125,0.0,0.6071428571428571,1
0.0,0.0003885003885003885,0.0013115184104396866,0.8174035686171608,0.3125,0.0,0.6071428571428571,1
0.0,0.0003885003885003885,0.8595691662021706,0.0009511939123589609,0.3125,0.0,0.5714285714285714,1
0.0,0.0003885003885003885,0.007262533197809765,0.6151272631855156,0.3125,0.0,0.6071428571428571,1
0.0,0.0003885003885003885,0.0013115184104396866,0.6579309892416688,0.3125,0.0,0.5714285714285714,1
0.0,0.0003885003885003885,0.8671431850224598,0.0009511939123589609,0.3125,0.0,0.6071428571428571,1
0.0,0.0003885003885003885,0.007262533197809765,0.9093741800052478,0.3125,0.0,0.5714285714285714,1
0.0,0.0003885003885003885,0.7372372864684088,0.006904355812122802,0.3125,0.0,0.5714285714285714,1
0.0,0.0003885003885003885,0.7442539099642611,0.006904355812122802,0.3125,0.0,0.5714285714285714,1
0.0,0.0003885003885003885,0.0013115184104396866,0.9219692993964838,0.3125,0.0,0.5714285714285714,1
0.0,0.0006475006475006476,0.7103839470146562,0.0009511939123589609,0.3125,0.0,0.07142857142857142,1
0.0,0.0003885003885003885,0.0013115184104396866,0.6802348464969823,0.3125,0.0,0.5714285714285714,1
0.0,0.0006475006475006476,0.0013115184104396866,0.859157701390711,0.3125,0.0,0.6428571428571428,1
0.0,0.0003885003885003885,0.7172366307092036,0.0009511939123589609,0.3125,0.0,0.6071428571428571,1
0.0,0.0003885003885003885,0.007262533197809765,0.6543558121228024,0.3125,0.0,0.5714285714285714,1
0.0,0.0003885003885003885,0.8657333027312372,0.0009511939123589609,0.3125,0.0,0.6071428571428571,1
0.0,0.0003885003885003885,0.0013115184104396866,0.9040934138021516,0.3125,0.0,0.6071428571428571,1
0.0,0.01673789173789174,0.6018557985507722,0.0009511939123589609,0.3125,0.0,0.8571428571428571,1
0.0,0.01903651903651904,0.9116692350568871,0.0009511939123589609,0.3125,0.0,0.8571428571428571,1
0.0,0.0003885003885003885,0.7123840125905768,0.0009511939123589609,0.3125,0.0,0.6071428571428571,1
0.0,0.0006475006475006476,0.007262533197809765,0.7387496720020991,0.3125,0.0,0.6428571428571428,1
0.0,0.0003885003885003885,0.615298862257779,0.0009511939123589609,0.3125,0.0,0.5714285714285714,1
0.0,0.0006475006475006476,0.966818584215876,0.006904355812122802,0.3125,0.0,0.07142857142857142,1
0.0,0.0003885003885003885,0.0013115184104396866,0.7250721595381788,0.3125,0.0,0.6071428571428571,1
0.0,0.0006475006475006476,0.7581560051149219,0.0009511939123589609,0.3125,0.0,0.07142857142857142,1
0.0,0.0003885003885003885,0.0013115184104396866,0.6280831802676462,0.3125,0.0,0.6071428571428571,1
0.0,0.015896140896140897,0.007262533197809765,0.7426856468118603,0.3125,0.0,0.8571428571428571,1
0.0,0.0003885003885003885,0.7654349322928621,0.0009511939123589609,0.3125,0.0,0.6071428571428571,1
0.0,0.0003885003885003885,0.007262533197809765,0.9839281028601417,0.3125,0.0,0.5714285714285714,1
0.0,0.0003885003885003885,0.0013115184104396866,0.9144581474678561,0.3125,0.0,0.6071428571428571,1
0.0,0.0003885003885003885,0.7482212531558412,0.0009511939123589609,0.3125,0.0,0.6071428571428571,1
0.0,0.0003885003885003885,0.007262533197809765,0.9946864340068222,0.3125,0.0,0.6071428571428571,1
0.0,0.018291893291893294,0.8235679858356012,0.006904355812122802,0.3125,0.0,0.8571428571428571,1
0.0,0.0006475006475006476,0.0013115184104396866,0.5433285226974547,0.3125,0.0,0.6428571428571428,1
0.0,0.0006475006475006476,0.7736319223581102,0.006904355812122802,0.3125,0.0,0.07142857142857142,1
0.0,0.0003885003885003885,0.007262533197809765,0.8335738651272631,0.3125,0.0,0.6071428571428571,1
0.0,0.0006475006475006476,0.7725499196694974,0.0009511939123589609,0.3125,0.0,0.07142857142857142,1
0.0,0.015216265216265217,0.007262533197809765,0.780667803726056,0.3125,0.0,0.8571428571428571,1
0.0,0.0003885003885003885,0.0013115184104396866,0.7723038572553135,0.3125,0.0,0.6071428571428571,1
0.0,0.0006475006475006476,0.5617889111118397,0.006904355812122802,0.3125,0.0,0.07142857142857142,1
0.0,0.0003885003885003885,0.8533394537525821,0.006904355812122802,0.3125,0.0,0.5714285714285714,1
0.0,0.0006475006475006476,0.0013115184104396866,0.6862372080818682,0.3125,0.0,0.6428571428571428,1
0.0,0.0003885003885003885,0.0013115184104396866,0.9578850695355549,0.3125,0.0,0.5714285714285714,1
0.0,0.018583268583268586,0.0013115184104396866,0.9628050380477564,0.3125,0.0,0.8571428571428571,1
0.0,0.0006475006475006476,0.0013115184104396866,0.7995604828129099,0.3125,0.0,0.6428571428571428,1
0.0,0.0003885003885003885,0.8269123577822224,0.0009511939123589609,0.3125,0.0,0.5714285714285714,1
0.0,0.0006475006475006476,0.0013115184104396866,0.8328850695355549,0.3125,0.0,0.6428571428571428,1
0.03125,0.002072002072002072,0.5889373422079413,0.006904355812122802,0.3125,0.0,0.6071428571428571,1
0.0,0.0003885003885003885,0.0013115184104396866,0.5544476515350301,0.3125,0.0,0.5714285714285714,1
0.0,0.0003885003885003885,0.8238302895176891,0.006904355812122802,0.3125,0.0,0.5714285714285714,1
0.0,0.0006475006475006476,0.0013115184104396866,0.820289950144319,0.3125,0.0,0.6428571428571428,1
0.0,0.0003885003885003885,0.8440604609987213,0.006904355812122802,0.3125,0.0,0.5714285714285714,1
0.0,0.0003885003885003885,0.7895012951244303,0.006904355812122802,0.3125,0.0,0.5714285714285714,1
0.0,0.0003885003885003885,0.8378307485491328,0.006904355812122802,0.3125,0.0,0.6071428571428571,1
0.0,0.0003885003885003885,0.0013115184104396866,0.8606336919443714,0.3125,0.0,0.5714285714285714,1
0.0,0.0003885003885003885,0.837011049542608,0.0009511939123589609,0.3125,0.0,0.5714285714285714,1
0.0,0.0003885003885003885,0.8670776091019378,0.0009511939123589609,0.3125,0.0,0.5714285714285714,1
0.0,0.015054390054390056,0.0013115184104396866,0.8411506166360534,0.3125,0.0,0.8571428571428571,1
0.0,0.0003885003885003885,0.6287091380045248,0.0009511939123589609,0.3125,0.0,0.6071428571428571,1
0.0,0.0003885003885003885,0.0013115184104396866,0.7484912096562581,0.3125,0.0,0.5714285714285714,1
0.0,0.0006475006475006476,0.007262533197809765,0.878542377328785,0.3125,0.0,0.6428571428571428,1
0.0,0.0003885003885003885,0.8574051608249451,0.0009511939123589609,0.3125,0.0,0.5714285714285714,1
0.0,0.0003885003885003885,0.0013115184104396866,0.6026305431645237,0.3125,0.0,0.5714285714285714,1
0.0,0.0003885003885003885,0.89094724417194,0.0009511939123589609,0.3125,0.0,0.5714285714285714,1
0.0,0.0006475006475006476,0.8924882783042067,0.006904355812122802,0.3125,0.0,0.07142857142857142,1
0.0,0.0003885003885003885,0.6525459851142661,0.0009511939123589609,0.3125,0.0,0.6071428571428571,1
0.0,0.0003885003885003885,0.8344208006819896,0.006904355812122802,0.3125,0.0,0.5714285714285714,1
0.0,0.0003885003885003885,0.0013115184104396866,0.6605877722382576,0.3125,0.0,0.5714285714285714,1
0.0,0.0003885003885003885,0.007262533197809765,0.9036014169509314,0.3125,0.0,0.5714285714285714,1
0.0,0.0003885003885003885,0.8932751893504706,0.006904355812122802,0.3125,0.0,0.5714285714285714,1
0.0,0.0003885003885003885,0.0013115184104396866,0.6083377066386775,0.3125,0.0,0.5714285714285714,1
0.0,0.0003885003885003885,0.0013115184104396866,0.8886775124639201,0.3125,0.0,0.5714285714285714,1
0.0,0.0003885003885003885,0.7928128791107906,0.0009511939123589609,0.3125,0.0,0.5714285714285714,1
0.0,0.0003885003885003885,0.0013115184104396866,0.8971726580949881,0.3125,0.0,0.5714285714285714,1
0.0,0.0003885003885003885,0.6433653562411883,0.0009511939123589609,0.3125,0.0,0.6071428571428571,1
0.0,0.0006475006475006476,0.0013115184104396866,0.6900747835213854,0.3125,0.0,0.6428571428571428,1
0.0,0.0003885003885003885,0.007262533197809765,0.8693584361060088,0.3125,0.0,0.5714285714285714,1
0.0,0.0003885003885003885,0.0013115184104396866,0.9094725793754919,0.3125,0.0,0.5714285714285714,1
0.0,0.0003885003885003885,0.694481786288075,0.006904355812122802,0.3125,0.0,0.5714285714285714,1
0.0,0.0003885003885003885,0.9903603396832683,0.006904355812122802,0.3125,0.0,0.5714285714285714,1
0.0,0.017126392126392127,0.007262533197809765,0.8821831540278141,0.3125,0.0,0.8571428571428571,1
0.0,0.01987826987826988,0.8867503852585331,0.006904355812122802,0.3125,0.0,0.8571428571428571,1
0.0,0.017223517223517226,0.007262533197809765,0.9509971136184727,0.3125,0.0,0.8571428571428571,1
0.0,0.014406889406889407,0.0013115184104396866,0.6386447126738388,0.3125,0.0,0.8571428571428571,1
0.0,0.0003885003885003885,0.9344568674382767,0.0009511939123589609,0.3125,0.0,0.6071428571428571,1
0.0,0.01796814296814297,0.9628184530640349,0.006904355812122802,0.3125,0.0,0.8571428571428571,1
0.0,0.0006475006475006476,0.9739991475130333,0.0009511939123589609,0.3125,0.0,0.07142857142857142,1
0.0,0.01822714322714323,0.6885143775205744,0.0009511939123589609,0.3125,0.0,0.8571428571428571,1
0.0,0.0003885003885003885,0.007262533197809765,0.9715953817895565,0.3125,0.0,0.5714285714285714,1
0.0,0.0003885003885003885,0.0013115184104396866,0.9545066911571765,0.3125,0.0,0.6071428571428571,1
0.0,0.0003885003885003885,0.0013115184104396866,0.7388480713723431,0.3125,0.0,0.5714285714285714,1
0.0,0.0003885003885003885,0.0013115184104396866,0.9607058514825504,0.3125,0.0,0.5714285714285714,1
0.0,0.0003885003885003885,0.007262533197809765,0.9715625819994751,0.3125,0.0,0.5714285714285714,1
0.0,0.0003885003885003885,0.8641266926784485,0.0009511939123589609,0.3125,0.0,0.5714285714285714,1
0.0,0.0003885003885003885,0.6775959867536641,0.0009511939123589609,0.3125,0.0,0.5714285714285714,1
0.0,0.0003885003885003885,0.8717990753795206,0.0009511939123589609,0.3125,0.0,0.6071428571428571,1
0.0,0.0003885003885003885,0.0013115184104396866,0.5417869325636315,0.3125,0.0,0.5714285714285714,1
0.0,0.0003885003885003885,0.0013115184104396866,0.9823865127263185,0.3125,0.0,0.5714285714285714,1
0.0,0.016673141673141673,0.6917603855864127,0.0009511939123589609,0.3125,0.0,0.8571428571428571,1
0.0,0.0003885003885003885,0.7721564641463655,0.0009511939123589609,0.3125,0.0,0.5714285714285714,1
0.0,0.0003885003885003885,0.9503590281648578,0.006904355812122802,0.3125,0.0,0.6071428571428571,1
0.0,0.0003885003885003885,0.7000557395324437,0.0009511939123589609,0.3125,0.0,0.5714285714285714,1
0.0,0.0006475006475006476,0.0013115184104396866,0.5651731828916294,0.3125,0.0,0.6428571428571428,1
0.0,0.0006475006475006476,0.0013115184104396866,0.7859485699291524,0.3125,0.0,0.6428571428571428,1
0.0,0.0003885003885003885,0.0013115184104396866,0.7450800314877984,0.3125,0.0,0.5714285714285714,1
0.0,0.0003885003885003885,0.007262533197809765,0.5538900551036473,0.3125,0.0,0.5714285714285714,1
0.0,0.0003885003885003885,0.9096035935604446,0.0009511939123589609,0.3125,0.0,0.6071428571428571,1
0.0,0.0006475006475006476,0.007262533197809765,0.9778273419050117,0.3125,0.0,0.6428571428571428,1
0.0,0.0003885003885003885,0.7584838847175317,0.0009511939123589609,0.3125,0.0,0.6071428571428571,1
0.0,0.0003885003885003885,0.007262533197809765,0.5799658882183153,0.3125,0.0,0.5714285714285714,1
0.0,0.0006475006475006476,0.007262533197809765,0.9881920755707163,0.3125,0.0,0.6428571428571428,1
0.0,0.0006475006475006476,0.007262533197809765,0.5901666229336131,0.3125,0.0,0.6428571428571428,1
0.0,0.015766640766640767,0.6381520705596905,0.006904355812122802,0.3125,0.0,0.8571428571428571,1
0.0,0.018712768712768713,0.7770418702252533,0.0009511939123589609,0.3125,0.0,0.8571428571428571,1
0.0,0.01961926961926962,0.9987540575100823,0.006904355812122802,0.3125,0.0,0.8571428571428571,1
0.0,0.0006475006475006476,0.0013115184104396866,0.8268171083705064,0.3125,0.0,0.6428571428571428,1
0.0,0.0003885003885003885,0.5806747762221712,0.0009511939123589609,0.3125,0.0,0.5714285714285714,1
0.0,0.0003885003885003885,0.5840191481687924,0.0009511939123589609,0.3125,0.0,0.6071428571428571,1
0.0,0.0003885003885003885,0.8322240073445031,0.006904355812122802,0.3125,0.0,0.6071428571428571,1
0.0,0.0003885003885003885,0.0013115184104396866,0.7959197061138807,0.3125,0.0,0.5714285714285714,1
0.0,0.0003885003885003885,0.6177907472376144,0.006904355812122802,0.3125,0.0,0.5714285714285714,1
0.0,0.01767676767676768,0.5589691465293944,0.006904355812122802,0.3125,0.0,0.8571428571428571,1
0.0,0.0003885003885003885,0.0013115184104396866,0.8070060351613749,0.3125,0.0,0.5714285714285714,1
0.0,0.0003885003885003885,0.6742188268467819,0.006904355812122802,0.3125,0.0,0.5714285714285714,1
0.0,0.014439264439264441,0.5697235974949999,0.006904355812122802,0.3125,0.0,0.8571428571428571,1
0.0,0.019392644392644393,0.8568149775402473,0.006904355812122802,0.3125,0.0,0.8571428571428571,1
0.0,0.0003885003885003885,0.007262533197809765,0.5769155077407504,0.3125,0.0,0.5714285714285714,1
0.0,0.0003885003885003885,0.8236991376766452,0.0009511939123589609,0.3125,0.0,0.6071428571428571,1
0.0,0.015378140378140379,0.0013115184104396866,0.8049724481763316,0.3125,0.0,0.8571428571428571,1
0.0,0.0003885003885003885,0.6538902914849667,0.0009511939123589609,0.3125,0.0,0.6071428571428571,1
0.0,0.0003885003885003885,0.8023541755467393,0.0009511939123589609,0.3125,0.0,0.5714285714285714,1
0.0,0.0006475006475006476,0.007262533197809765,0.8790999737601678,0.3125,0.0,0.6428571428571428,1
0.0,0.0006475006475006476,0.0013115184104396866,0.6372015219102597,0.3125,0.0,0.6428571428571428,1
0.0,0.017353017353017353,0.007262533197809765,0.6604893728680136,0.3125,0.0,0.8571428571428571,1
0.0,0.0003885003885003885,0.0013115184104396866,0.6401535030175807,0.3125,0.0,0.6071428571428571,1
0.0,0.01686739186739187,0.0013115184104396866,0.6441550774075046,0.3125,0.0,0.8571428571428571,1
0.0,0.018874643874643875,0.8549460638053707,0.0009511939123589609,0.3125,0.0,0.8571428571428571,1
0.0,0.0003885003885003885,0.6165775927079576,0.006904355812122802,0.3125,0.0,0.5714285714285714,1
0.0,0.0006475006475006476,0.0013115184104396866,0.8295722907373392,0.3125,0.0,0.6428571428571428,1
0.0,0.0003885003885003885,0.0013115184104396866,0.830129887168722,0.3125,0.0,0.5714285714285714,1
0.0,0.0003885003885003885,0.6648414702121381,0.0009511939123589609,0.3125,0.0,0.5714285714285714,1
0.0,0.01767676767676768,0.627987802878783,0.006904355812122802,0.3125,0.0,0.8571428571428571,1
0.0,0.01770914270914271,0.6309715072625333,0.006904355812122802,0.3125,0.0,0.8571428571428571,1
0.0,0.0003885003885003885,0.9194399816387423,0.006904355812122802,0.3125,0.0,0.5714285714285714,1
0.0,0.0006475006475006476,0.0013115184104396866,0.8496457622671214,0.3125,0.0,0.6428571428571428,1
0.0,0.015604765604765605,0.007262533197809765,0.7015219102597743,0.3125,0.0,0.8571428571428571,1
0.0,0.0003885003885003885,0.7115643135840519,0.0009511939123589609,0.3125,0.0,0.5714285714285714,1
0.0,0.0003885003885003885,0.8696350700022952,0.0009511939123589609,0.3125,0.0,0.5714285714285714,1
0.0,0.0157990157990158,0.8948162234827371,0.0009511939123589609,0.3125,0.0,0.8571428571428571,1
0.0,0.0003885003885003885,0.6534312600413128,0.006904355812122802,0.3125,0.0,0.5714285714285714,1
0.0,0.0003885003885003885,0.0013115184104396866,0.9429611650485435,0.3125,0.0,0.5714285714285714,1
0.0,0.0003885003885003885,0.6609069149808191,0.006904355812122802,0.3125,0.0,0.5714285714285714,1
0.0,0.0003885003885003885,0.7048755696908096,0.0009511939123589609,0.3125,0.0,0.5714285714285714,1
0.0,0.018000518000518002,0.7294009639660317,0.006904355812122802,0.3125,0.0,0.8571428571428571,1
0.0,0.0006475006475006476,0.0013115184104396866,0.7414720545788506,0.3125,0.0,0.6428571428571428,1
0.0,0.0003885003885003885,0.7216302173841765,0.006904355812122802,0.3125,0.0,0.5714285714285714,1
0.0,0.0003885003885003885,0.0013115184104396866,0.7192337969036997,0.3125,0.0,0.6071428571428571,1
0.0,0.0003885003885003885,0.0013115184104396866,0.9653306218840199,0.3125,0.0,0.6071428571428571,1
0.0,0.0003885003885003885,0.7330404275550019,0.006904355812122802,0.3125,0.0,0.6071428571428571,1
0.0,0.0003885003885003885,0.007262533197809765,0.7365520860666491,0.3125,0.0,0.5714285714285714,1
0.0,0.0003885003885003885,0.007262533197809765,0.7535751771188663,0.3125,0.0,0.5714285714285714,1
0.0,0.0003885003885003885,0.9424243417816978,0.0009511939123589609,0.3125,0.0,0.5714285714285714,1
0.0,0.0006475006475006476,0.7692055477228762,0.0009511939123589609,0.3125,0.0,0.07142857142857142,1
0.0,0.014536389536389537,0.007262533197809765,0.7507543951718708,0.3125,0.0,0.8571428571428571,1
0.0,0.01660839160839161,0.0013115184104396866,0.7431120440829178,0.3125,0.0,0.8571428571428571,1
0.0,0.0003885003885003885,0.7464179153414866,0.0009511939123589609,0.3125,0.0,0.6071428571428571,1
0.0,0.0003885003885003885,0.9377028755041149,0.0009511939123589609,0.3125,0.0,0.5714285714285714,1
0.0,0.0003885003885003885,0.7774681137086462,0.006904355812122802,0.3125,0.0,0.6071428571428571,1
0.0,0.0003885003885003885,0.9660972490901342,0.0009511939123589609,0.3125,0.0,0.5714285714285714,1
0.0,0.0006475006475006476,0.0013115184104396866,0.9349580162686958,0.3125,0.0,0.6428571428571428,1
0.0,0.0006475006475006476,0.5488376668087478,0.006904355812122802,0.3125,0.0,0.07142857142857142,1
0.0,0.0003885003885003885,0.732220728548477,0.006904355812122802,0.3125,0.0,0.5714285714285714,1
0.0,0.0003885003885003885,0.007262533197809765,0.839969824193125,0.3125,0.0,0.6071428571428571,1
0.0,0.0006475006475006476,0.7797304829666547,0.0009511939123589609,0.3125,0.0,0.07142857142857142,1
0.0,0.0003885003885003885,0.7876323813895538,0.006904355812122802,0.3125,0.0,0.6071428571428571,1
0.0,0.0006475006475006476,0.7455654283747009,0.006904355812122802,0.3125,0.0,0.07142857142857142,1
0.0,0.0003885003885003885,0.0013115184104396866,0.967725006559958,0.3125,0.0,0.6071428571428571,1
0.0,0.0003885003885003885,0.9715072625331979,0.0009511939123589609,0.3125,0.0,0.6071428571428571,1
0.0,0.0003885003885003885,0.007262533197809765,0.8138283914982943,0.3125,0.0,0.6071428571428571,1
0.0,0.0006475006475006476,0.0013115184104396866,0.5403437418000524,0.3125,0.0,0.6428571428571428,1
0.0,0.0003885003885003885,0.0013115184104396866,0.9824193125163998,0.3125,0.0,0.5714285714285714,1
0.0,0.0003885003885003885,0.80337060231483,0.0009511939123589609,0.3125,0.0,0.5714285714285714,1
0.0,0.0003885003885003885,0.8136004459162596,0.006904355812122802,0.3125,0.0,0.6071428571428571,1
0.0,0.0003885003885003885,0.8138627495983475,0.0009511939123589609,0.3125,0.0,0.5714285714285714,1
0.0,0.0006475006475006476,0.0013115184104396866,0.9986880083967462,0.3125,0.0,0.6428571428571428,1
0.03125,0.004144004144004143,0.0,0.02064746785620572,0.0,1.0,0.0,1
0.0,0.0006475006475006476,0.007262533197809765,0.8879887168722119,0.3125,0.0,0.6428571428571428,1
0.0,0.0006475006475006476,0.007262533197809765,0.8316386775124638,0.3125,0.0,0.6428571428571428,1
0.0,0.0006475006475006476,0.0013115184104396866,0.8241603253739175,0.3125,0.0,0.6428571428571428,1
0.0,0.0006475006475006476,0.007262533197809765,0.6098464969824192,0.3125,0.0,0.6428571428571428,1
0.0,0.0003885003885003885,0.8583887996327749,0.0009511939123589609,0.3125,0.0,0.5714285714285714,1
0.0,0.0003885003885003885,0.8419620315420178,0.006904355812122802,0.3125,0.0,0.5714285714285714,1
0.0,0.0003885003885003885,0.9085543788320929,0.006904355812122802,0.3125,0.0,0.5714285714285714,1
0.0,0.0003885003885003885,0.5467720253123053,0.0009511939123589609,0.3125,0.0,0.5714285714285714,1
0.0,0.0003885003885003885,0.007262533197809765,0.8660128575177118,0.3125,0.0,0.5714285714285714,1
0.0,0.0006475006475006476,0.007262533197809765,0.6303135659931776,0.3125,0.0,0.6428571428571428,1
0.0,0.0003885003885003885,0.007262533197809765,0.8596168984518499,0.3125,0.0,0.5714285714285714,1
0.0,0.0006475006475006476,0.007262533197809765,0.8790343741800052,0.3125,0.0,0.6428571428571428,1
0.0,0.020202020202020204,0.8563231581363324,0.0009511939123589609,0.3125,0.0,0.8571428571428571,1
0.0,0.018712768712768713,0.6410374110626578,0.006904355812122802,0.3125,0.0,0.8571428571428571,1
0.0,0.0003885003885003885,0.0013115184104396866,0.8651272631855156,0.3125,0.0,0.6071428571428571,1
0.0,0.0003885003885003885,0.8984228991114463,0.0009511939123589609,0.3125,0.0,0.5714285714285714,1
0.0,0.01592851592851593,0.007262533197809765,0.8316714773025452,0.3125,0.0,0.8571428571428571,1
0.0,0.0003885003885003885,0.0013115184104396866,0.9024534242980844,0.3125,0.0,0.5714285714285714,1
0.03125,0.002331002331002331,0.0013115184104396866,0.8818551561270007,0.3125,0.0,0.6785714285714285,1
0.0,0.0006475006475006476,0.9153086986458573,0.0009511939123589609,0.3125,0.0,0.07142857142857142,1
0.0,0.0003885003885003885,0.9098658972425325,0.006904355812122802,0.3125,0.0,0.5714285714285714,1
0.0,0.0003885003885003885,0.7897963867667792,0.0009511939123589609,0.3125,0.0,0.6071428571428571,1
0.0,0.0006475006475006476,0.6781533820781009,0.006904355812122802,0.3125,0.0,0.07142857142857142,1
0.0,0.0006475006475006476,0.007262533197809765,0.6814156389399108,0.3125,0.0,0.6428571428571428,1
0.0,0.0003885003885003885,0.007262533197809765,0.8613880871162424,0.3125,0.0,0.6071428571428571,1
0.0,0.016932141932141934,0.0013115184104396866,0.9328260299134085,0.3125,0.0,0.8571428571428571,1
0.0,0.022015022015022017,0.9077018918653071,0.0009511939123589609,0.3125,0.0,0.8571428571428571,1
0.0,0.0006475006475006476,0.0013115184104396866,0.8132051954867489,0.3125,0.0,0.6428571428571428,1
0.0,0.01618751618751619,0.007262533197809765,0.8769679874048806,0.3125,0.0,0.8571428571428571,1
0.0,0.0006475006475006476,0.0013115184104396866,0.9232812909997375,0.3125,0.0,0.6428571428571428,1
0.0,0.0003885003885003885,0.9233089609495394,0.0009511939123589609,0.3125,0.0,0.6071428571428571,1
0.0,0.0006475006475006476,0.007262533197809765,0.9379099973760167,0.3125,0.0,0.6428571428571428,1
0.0,0.0003885003885003885,0.0013115184104396866,0.6363487273681447,0.3125,0.0,0.6071428571428571,1
0.0,0.018000518000518002,0.0013115184104396866,0.9308908422986092,0.3125,0.0,0.8571428571428571,1
0.0,0.0006475006475006476,0.007262533197809765,0.9612634479139333,0.3125,0.0,0.6428571428571428,1
0.0,0.0003885003885003885,0.8378307485491328,0.0009511939123589609,0.3125,0.0,0.6071428571428571,1
0.0,0.0003885003885003885,0.9442604675563133,0.0009511939123589609,0.3125,0.0,0.6071428571428571,1
0.0,0.0003885003885003885,0.0013115184104396866,0.9437155602204145,0.3125,0.0,0.6071428571428571,1
0.0,0.0003885003885003885,0.0013115184104396866,0.947684334820257,0.3125,0.0,0.5714285714285714,1
0.0,0.021982646982646986,0.9520312141381685,0.0009511939123589609,0.3125,0.0,0.8571428571428571,1
0.0,0.015896140896140897,0.007262533197809765,0.9655930202046706,0.3125,0.0,0.8571428571428571,1
0.0,0.0006475006475006476,0.0013115184104396866,0.8609944896352663,0.3125,0.0,0.6428571428571428,1
0.0,0.0003885003885003885,0.0013115184104396866,0.7444240356861715,0.3125,0.0,0.5714285714285714,1
0.0,0.0003885003885003885,0.991803009934752,0.006904355812122802,0.3125,0.0,0.5714285714285714,1
0.0,0.0006475006475006476,0.7148103216498902,0.0009511939123589609,0.3125,0.0,0.07142857142857142,1
0.0,0.0006475006475006476,0.007262533197809765,0.9370900026239831,0.3125,0.0,0.6428571428571428,1
0.0,0.0003885003885003885,0.0013115184104396866,0.9786801364471267,0.3125,0.0,0.6071428571428571,1
0.0,0.0003885003885003885,0.9815075904128004,0.0009511939123589609,0.3125,0.0,0.5714285714285714,1
0.0,0.0003885003885003885,0.991835797895013,0.006904355812122802,0.3125,0.0,0.5714285714285714,1
0.0,0.0003885003885003885,0.0013115184104396866,0.5510364733665704,0.3125,0.0,0.6071428571428571,1
0.0,0.0003885003885003885,0.7758615036558576,0.0009511939123589609,0.3125,0.0,0.5714285714285714,1
0.0,0.01563714063714064,0.0013115184104396866,0.713526633429546,0.3125,0.0,0.8571428571428571,1
0.0,0.0003885003885003885,0.9980982983048625,0.0009511939123589609,0.3125,0.0,0.6071428571428571,1
0.0,0.01728826728826729,0.9614085707728123,0.006904355812122802,0.3125,0.0,0.8571428571428571,1
0.0,0.0003885003885003885,0.007262533197809765,0.5511348727368144,0.3125,0.0,0.6071428571428571,1
0.0,0.0003885003885003885,0.7274336863503722,0.0009511939123589609,0.3125,0.0,0.6071428571428571,1
0.0,0.0003885003885003885,0.0013115184104396866,0.7173314090789819,0.3125,0.0,0.6071428571428571,1
0.0,0.022889147889147893,0.9138988163546347,0.0009511939123589609,0.3125,0.0,0.8571428571428571,1
0.0,0.0003885003885003885,0.0013115184104396866,0.5566452374704801,0.3125,0.0,0.6071428571428571,1
0.0,0.014115514115514117,0.0013115184104396866,0.7416360535292573,0.3125,0.0,0.8571428571428571,1
0.0,0.0003885003885003885,0.80766582510902,0.0009511939123589609,0.3125,0.0,0.6071428571428571,1
0.0,0.014115514115514117,0.0013115184104396866,0.7478680136447126,0.3125,0.0,0.8571428571428571,1
0.0,0.0003885003885003885,0.0013115184104396866,0.5977105746523221,0.3125,0.0,0.5714285714285714,1
0.0,0.0003885003885003885,0.0013115184104396866,0.7764038310154814,0.3125,0.0,0.6071428571428571,1
0.0,0.015604765604765605,0.007262533197809765,0.598071372343217,0.3125,0.0,0.8571428571428571,1
0.0,0.0003885003885003885,0.749237679923932,0.0009511939123589609,0.3125,0.0,0.6071428571428571,1
0.0,0.0003885003885003885,0.8272730253450933,0.0009511939123589609,0.3125,0.0,0.5714285714285714,1
0.0,0.019489769489769493,0.5880848552411555,0.0009511939123589609,0.3125,0.0,0.8571428571428571,1
0.0,0.019392644392644393,0.5985770025246729,0.006904355812122802,0.3125,0.0,0.8571428571428571,1
0.0,0.0003885003885003885,0.0013115184104396866,0.6211624245604828,0.3125,0.0,0.5714285714285714,1
0.0,0.0003885003885003885,0.8001573822092528,0.0009511939123589609,0.3125,0.0,0.6071428571428571,1
0.0,0.01838901838901839,0.6229056690383291,0.006904355812122802,0.3125,0.0,0.8571428571428571,1
0.0,0.0003885003885003885,0.6248729466539886,0.006904355812122802,0.3125,0.0,0.6071428571428571,1
0.0,0.0003885003885003885,0.0013115184104396866,0.9675610076095512,0.3125,0.0,0.5714285714285714,1
0.0,0.0003885003885003885,0.0013115184104396866,0.6083377066386775,0.3125,0.0,0.5714285714285714,1
0.0,0.014342139342139345,0.6226105773959802,0.006904355812122802,0.3125,0.0,0.8571428571428571,1
0.0,0.0006475006475006476,0.6287091380045248,0.006904355812122802,0.3125,0.0,0.07142857142857142,1
0.0,0.0003885003885003885,0.0013115184104396866,0.8028404618210443,0.3125,0.0,0.6071428571428571,1
0.0,0.0003885003885003885,0.007262533197809765,0.6460574652322224,0.3125,0.0,0.5714285714285714,1
0.0,0.0003885003885003885,0.007262533197809765,0.6957819469955392,0.3125,0.0,0.5714285714285714,1
0.0,0.0003885003885003885,0.8786845470343291,0.0009511939123589609,0.3125,0.0,0.5714285714285714,1
0.0,0.0006475006475006476,0.7057936325781173,0.006904355812122802,0.3125,0.0,0.07142857142857142,1
0.0,0.0003885003885003885,0.0013115184104396866,0.8412818157963788,0.3125,0.0,0.6071428571428571,1
0.0,0.0006475006475006476,0.7126463162726647,0.006904355812122802,0.3125,0.0,0.07142857142857142,1
0.0,0.015604765604765605,0.007262533197809765,0.666163736552086,0.3125,0.0,0.8571428571428571,1
0.0,0.0003885003885003885,0.0013115184104396866,0.6753804775649435,0.3125,0.0,0.6071428571428571,1
0.0,0.0006475006475006476,0.0013115184104396866,0.8366898451849908,0.3125,0.0,0.6428571428571428,1
0.0,0.015896140896140897,0.007262533197809765,0.6768236683285226,0.3125,0.0,0.8571428571428571,1
0.0,0.0003885003885003885,0.007262533197809765,0.6178168459721857,0.3125,0.0,0.5714285714285714,1
0.0,0.017871017871017872,0.6631692842388275,0.0009511939123589609,0.3125,0.0,0.8571428571428571,1
0.0,0.0003885003885003885,0.0013115184104396866,0.8691288375754395,0.3125,0.0,0.5714285714285714,1
0.0,0.0006475006475006476,0.6313977507459261,0.006904355812122802,0.3125,0.0,0.07142857142857142,1
0.0,0.0006475006475006476,0.6349388504541132,0.006904355812122802,0.3125,0.0,0.07142857142857142,1
0.0,0.0003885003885003885,0.0013115184104396866,0.5738651272631855,0.3125,0.0,0.5714285714285714,1
0.0,0.019489769489769493,0.640250500016394,0.006904355812122802,0.3125,0.0,0.8571428571428571,1
0.0,0.0003885003885003885,0.0013115184104396866,0.8645368669640513,0.3125,0.0,0.6071428571428571,1
0.0,0.0003885003885003885,0.7536968425194269,0.006904355812122802,0.3125,0.0,0.6071428571428571,1
0.0,0.017385392385392388,0.0013115184104396866,0.8706376279191812,0.3125,0.0,0.8571428571428571,1
0.0,0.0003885003885003885,0.0013115184104396866,0.6936499606402519,0.3125,0.0,0.6071428571428571,1
0.0,0.0003885003885003885,0.0013115184104396866,0.9413867751246391,0.3125,0.0,0.5714285714285714,1
0.0,0.0003885003885003885,0.007262533197809765,0.6594397795854106,0.3125,0.0,0.5714285714285714,1
0.0,0.0006475006475006476,0.0013115184104396866,0.8879231172920492,0.3125,0.0,0.6428571428571428,1
0.0,0.0003885003885003885,0.0013115184104396866,0.8887759118341642,0.3125,0.0,0.5714285714285714,1
0.0,0.0003885003885003885,0.0013115184104396866,0.7101810548412489,0.3125,0.0,0.5714285714285714,1
0.0,0.0003885003885003885,0.7167448113052888,0.0009511939123589609,0.3125,0.0,0.5714285714285714,1
0.0,0.01631701631701632,0.7385815928391095,0.006904355812122802,0.3125,0.0,0.8571428571428571,1
0.0,0.0003885003885003885,0.0013115184104396866,0.7179874048806086,0.3125,0.0,0.5714285714285714,1
0.0,0.015896140896140897,0.007262533197809765,0.965921018105484,0.3125,0.0,0.8571428571428571,1
0.0,0.0003885003885003885,0.686514311944654,0.006904355812122802,0.3125,0.0,0.5714285714285714,1
0.0,0.0003885003885003885,0.6898258959310142,0.006904355812122802,0.3125,0.0,0.5714285714285714,1
0.0,0.0006475006475006476,0.007262533197809765,0.7447848333770664,0.3125,0.0,0.6428571428571428,1
0.0,0.0003885003885003885,0.7583855208367488,0.006904355812122802,0.3125,0.0,0.5714285714285714,1
0.0,0.0003885003885003885,0.7439916062821732,0.0009511939123589609,0.3125,0.0,0.5714285714285714,1
0.0,0.0003885003885003885,0.9469162923374537,0.0009511939123589609,0.3125,0.0,0.6071428571428571,1
0.0,0.0003885003885003885,0.0013115184104396866,0.7476384151141432,0.3125,0.0,0.5714285714285714,1
0.0,0.015734265734265736,0.007262533197809765,0.7099842561007609,0.3125,0.0,0.8571428571428571,1
0.0,0.0003885003885003885,0.0013115184104396866,0.7520663867751246,0.3125,0.0,0.5714285714285714,1
0.0,0.0003885003885003885,0.757533033869963,0.0009511939123589609,0.3125,0.0,0.6071428571428571,1
0.0,0.0006475006475006476,0.0013115184104396866,0.6612437680398845,0.3125,0.0,0.6428571428571428,1
0.0,0.0003885003885003885,0.7642545657234664,0.0009511939123589609,0.3125,0.0,0.6071428571428571,1
0.0,0.016122766122766124,0.0013115184104396866,0.7950341117816845,0.3125,0.0,0.8571428571428571,1
0.0,0.0003885003885003885,0.0013115184104396866,0.953030700603516,0.3125,0.0,0.6071428571428571,1
0.0,0.0003885003885003885,0.9552116462834848,0.0009511939123589609,0.3125,0.0,0.5714285714285714,1
0.0,0.0003885003885003885,0.0013115184104396866,0.9481107320913146,0.3125,0.0,0.5714285714285714,1
0.0,0.0003885003885003885,0.9853109938030755,0.0009511939123589609,0.3125,0.0,0.6071428571428571,1
0.0,0.0003885003885003885,0.8558969146529395,0.006904355812122802,0.3125,0.0,0.5714285714285714,1
0.0,0.016155141155141158,0.0013115184104396866,0.9924888480713723,0.3125,0.0,0.8571428571428571,1
0.0,0.0003885003885003885,0.0013115184104396866,0.9733009708737863,0.3125,0.0,0.5714285714285714,1
0.0,0.015572390572390574,0.007262533197809765,0.8024796641301495,0.3125,0.0,0.8571428571428571,1
0.0,0.0003885003885003885,0.007262533197809765,0.8669968512201521,0.3125,0.0,0.5714285714285714,1
0.0,0.0006475006475006476,0.8266828420603954,0.006904355812122802,0.3125,0.0,0.07142857142857142,1
0.0,0.0006475006475006476,0.8301911538083216,0.006904355812122802,0.3125,0.0,0.07142857142857142,1
0.0,0.018583268583268586,0.8373717171054789,0.0009511939123589609,0.3125,0.0,0.8571428571428571,1
0.0,0.0003885003885003885,0.0013115184104396866,0.8098268171083705,0.3125,0.0,0.5714285714285714,1
0.0,0.0003885003885003885,0.0013115184104396866,0.9973432170034111,0.3125,0.0,0.5714285714285714,1
0.0,0.0006475006475006476,0.8436670054755894,0.006904355812122802,0.3125,0.0,0.07142857142857142,1
0.0,0.0003885003885003885,0.007262533197809765,0.7816845972185777,0.3125,0.0,0.6071428571428571,1
0.09375,0.010101010101010102,0.0,0.02064746785620572,0.0,1.0,0.0,1
0.0,0.0006475006475006476,0.0013115184104396866,0.726613749672002,0.3125,0.0,0.6428571428571428,1
0.0,0.0006475006475006476,0.7302534509328175,0.0009511939123589609,0.3125,0.0,0.07142857142857142,1
0.0,0.0003885003885003885,0.9011770877733697,0.006904355812122802,0.3125,0.0,0.5714285714285714,1
0.0,0.0003885003885003885,0.795009672448277,0.006904355812122802,0.3125,0.0,0.6071428571428571,1
0.0,0.0006475006475006476,0.8643889963605365,0.006904355812122802,0.3125,0.0,0.07142857142857142,1
0.0,0.0003885003885003885,0.0013115184104396866,0.5623196011545526,0.3125,0.0,0.5714285714285714,1
0.0,0.0003885003885003885,0.0013115184104396866,0.743800839674626,0.3125,0.0,0.5714285714285714,1
0.0,0.0003885003885003885,0.8756680546903177,0.0009511939123589609,0.3125,0.0,0.5714285714285714,1
0.0,0.0003885003885003885,0.6351683661759402,0.0009511939123589609,0.3125,0.0,0.5714285714285714,1
0.0,0.0003885003885003885,0.5792976818912096,0.0009511939123589609,0.3125,0.0,0.5714285714285714,1
0.0,0.0006475006475006476,0.5826748417980918,0.0009511939123589609,0.3125,0.0,0.07142857142857142,1
0.0,0.0003885003885003885,0.8265516902193515,0.006904355812122802,0.3125,0.0,0.5714285714285714,1
0.0,0.0003885003885003885,0.0013115184104396866,0.8644384675938073,0.3125,0.0,0.6071428571428571,1
0.0,0.0003885003885003885,0.8743237483196171,0.0009511939123589609,0.3125,0.0,0.5714285714285714,1
0.0,0.0003885003885003885,0.615495590019345,0.0009511939123589609,0.3125,0.0,0.5714285714285714,1
0.0,0.0003885003885003885,0.6601527918948162,0.006904355812122802,0.3125,0.0,0.5714285714285714,1
0.0,0.0003885003885003885,0.8812747958949474,0.0009511939123589609,0.3125,0.0,0.5714285714285714,1
0.0,0.0003885003885003885,0.0013115184104396866,0.910817370768827,0.3125,0.0,0.6071428571428571,1
0.0,0.0003885003885003885,0.8882258434702778,0.0009511939123589609,0.3125,0.0,0.5714285714285714,1
0.0,0.0006475006475006476,0.7917636643824388,0.0009511939123589609,0.3125,0.0,0.07142857142857142,1
0.0,0.0003885003885003885,0.9656710056067412,0.006904355812122802,0.3125,0.0,0.5714285714285714,1
0.0,0.0003885003885003885,0.0013115184104396866,0.6398255051167672,0.3125,0.0,0.5714285714285714,1
0.0,0.0003885003885003885,0.007262533197809765,0.9098005772763054,0.3125,0.0,0.5714285714285714,1
0.0,0.0003885003885003885,0.9052427948457327,0.0009511939123589609,0.3125,0.0,0.5714285714285714,1
0.0,0.0003885003885003885,0.0013115184104396866,0.648976646549462,0.3125,0.0,0.6071428571428571,1
0.0,0.0006475006475006476,0.007262533197809765,0.8743112044082917,0.3125,0.0,0.6428571428571428,1
0.0,0.0003885003885003885,0.0013115184104396866,0.8131067961165048,0.3125,0.0,0.5714285714285714,1
0.0,0.0003885003885003885,0.007262533197809765,0.8776895827866701,0.3125,0.0,0.5714285714285714,1
0.0,0.0003885003885003885,0.007262533197809765,0.9308580425085279,0.3125,0.0,0.5714285714285714,1
0.0,0.01835664335664336,0.0013115184104396866,0.7067042770926265,0.3125,0.0,0.8571428571428571,1
0.0,0.0003885003885003885,0.0013115184104396866,0.9564090789818944,0.3125,0.0,0.5714285714285714,1
0.0,0.01563714063714064,0.0013115184104396866,0.9328260299134085,0.3125,0.0,0.8571428571428571,1
0.0,0.0003885003885003885,0.007262533197809765,0.7155930202046706,0.3125,0.0,0.5714285714285714,1
0.0,0.019489769489769493,0.9404242762057773,0.0009511939123589609,0.3125,0.0,0.8571428571428571,1
0.0,0.0006475006475006476,0.007262533197809765,0.9048478089740225,0.3125,0.0,0.6428571428571428,1
0.0,0.01835664335664336,0.0013115184104396866,0.665015743899239,0.3125,0.0,0.8571428571428571,1
0.0,0.0003885003885003885,0.97917964523427,0.0009511939123589609,0.3125,0.0,0.5714285714285714,1
0.0,0.0006475006475006476,0.9528837011049542,0.0009511939123589609,0.3125,0.0,0.07142857142857142,1
0.0,0.01890701890701891,0.9645562149578675,0.006904355812122802,0.3125,0.0,0.8571428571428571,1
0.0,0.016511266511266512,0.007262533197809765,0.9676266071897139,0.3125,0.0,0.8571428571428571,1
0.0,0.0003885003885003885,0.007262533197809765,0.567993964838625,0.3125,0.0,0.5714285714285714,1
0.0,0.0003885003885003885,0.5718220269517034,0.006904355812122802,0.3125,0.0,0.6071428571428571,1
0.0,0.0003885003885003885,0.0013115184104396866,0.7510495932826029,0.3125,0.0,0.6071428571428571,1
0.0,0.0003885003885003885,0.8733401095117873,0.0009511939123589609,0.3125,0.0,0.5714285714285714,1
0.0,0.0003885003885003885,0.6982851896783502,0.0009511939123589609,0.3125,0.0,0.5714285714285714,1
0.0,0.016932141932141934,0.007262533197809765,0.9402715822618735,0.3125,0.0,0.8571428571428571,1
0.0,0.0003885003885003885,0.5911669235056888,0.006904355812122802,0.3125,0.0,0.5714285714285714,1
0.0,0.0003885003885003885,0.007262533197809765,0.5916098136971922,0.3125,0.0,0.5714285714285714,1
0.0,0.0003885003885003885,0.8880619036689728,0.0009511939123589609,0.3125,0.0,0.5714285714285714,1
0.0,0.0003885003885003885,0.0013115184104396866,0.5581212280241405,0.3125,0.0,0.5714285714285714,1
0.0,0.0003885003885003885,0.560772484343749,0.0009511939123589609,0.3125,0.0,0.5714285714285714,1
0.0,0.0003885003885003885,0.5483458474048329,0.006904355812122802,0.3125,0.0,0.5714285714285714,1
0.0,0.016446516446516447,0.5495590019344897,0.006904355812122802,0.3125,0.0,0.8571428571428571,1
0.0,0.0003885003885003885,0.7914029968195678,0.0009511939123589609,0.3125,0.0,0.5714285714285714,1
0.0,0.0006475006475006476,0.5718220269517034,0.006904355812122802,0.3125,0.0,0.07142857142857142,1
0.0,0.01903651903651904,0.7966162825010656,0.0009511939123589609,0.3125,0.0,0.8571428571428571,1
0.0,0.0003885003885003885,0.5845437555329683,0.0009511939123589609,0.3125,0.0,0.5714285714285714,1
0.0,0.0003885003885003885,0.0013115184104396866,0.7607255313565993,0.3125,0.0,0.5714285714285714,1
0.0,0.0003885003885003885,0.0013115184104396866,0.9222644975072158,0.3125,0.0,0.5714285714285714,1
0.0,0.0003885003885003885,0.564543099773763,0.0009511939123589609,0.3125,0.0,0.5714285714285714,1
0.0,0.0003885003885003885,0.0013115184104396866,0.8123196011545525,0.3125,0.0,0.5714285714285714,1
0.0,0.0006475006475006476,0.7565821830223942,0.0009511939123589609,0.3125,0.0,0.07142857142857142,1
0.0,0.0003885003885003885,0.9382930587888128,0.0009511939123589609,0.3125,0.0,0.5714285714285714,1
0.0,0.0003885003885003885,0.8256336273320437,0.0009511939123589609,0.3125,0.0,0.5714285714285714,1
0.0,0.0003885003885003885,0.8290763631594479,0.0009511939123589609,0.3125,0.0,0.5714285714285714,1
0.0,0.0003885003885003885,0.8325190989868521,0.0009511939123589609,0.3125,0.0,0.5714285714285714,1
0.0,0.0006475006475006476,0.007262533197809765,0.659570978745736,0.3125,0.0,0.6428571428571428,1
0.0,0.0003885003885003885,0.6146758910128202,0.006904355812122802,0.3125,0.0,0.6071428571428571,1
0.0,0.0003885003885003885,0.5962818453064035,0.0009511939123589609,0.3125,0.0,0.5714285714285714,1
0.0,0.0003885003885003885,0.0013115184104396866,0.6269351876147992,0.3125,0.0,0.5714285714285714,1
0.0,0.016025641025641028,0.007262533197809765,0.846070585148255,0.3125,0.0,0.8571428571428571,1
0.0,0.0003885003885003885,0.8487819272763042,0.006904355812122802,0.3125,0.0,0.6071428571428571,1
0.0,0.0003885003885003885,0.007262533197809765,0.6179480451325111,0.3125,0.0,0.5714285714285714,1
0.0,0.01783864283864284,0.6216925145086725,0.006904355812122802,0.3125,0.0,0.8571428571428571,1
0.0,0.0003885003885003885,0.640184924095872,0.006904355812122802,0.3125,0.0,0.5714285714285714,1
0.0,0.0003885003885003885,0.6884815895603135,0.006904355812122802,0.3125,0.0,0.5714285714285714,1
0.0,0.0006475006475006476,0.007262533197809765,0.6337575439517187,0.3125,0.0,0.6428571428571428,1
0.0,0.0003885003885003885,0.007262533197809765,0.8699816321175544,0.3125,0.0,0.5714285714285714,1
0.0,0.0003885003885003885,0.8740614446375291,0.0009511939123589609,0.3125,0.0,0.6071428571428571,1
0.0,0.0003885003885003885,0.8762582379750156,0.006904355812122802,0.3125,0.0,0.6071428571428571,1
0.0,0.018550893550893552,0.6454637856978918,0.006904355812122802,0.3125,0.0,0.8571428571428571,1
0.0,0.0003885003885003885,0.8822584347027772,0.006904355812122802,0.3125,0.0,0.6071428571428571,1
0.0,0.0006475006475006476,0.0013115184104396866,0.8279979008134347,0.3125,0.0,0.6428571428571428,1
0.0,0.0003885003885003885,0.7142857142857143,0.006904355812122802,0.3125,0.0,0.5714285714285714,1
0.0,0.0003885003885003885,0.8350109839666875,0.0009511939123589609,0.3125,0.0,0.5714285714285714,1
0.0,0.0006475006475006476,0.007262533197809765,0.724219364996064,0.3125,0.0,0.6428571428571428,1
0.03125,0.004403004403004403,0.0,0.02064746785620572,0.0,1.0,0.0,1
0.0,0.0006475006475006476,0.0013115184104396866,0.686794804513251,0.3125,0.0,0.6428571428571428,1
0.0,0.021950271950271952,0.6206105118200597,0.006904355812122802,0.3125,0.0,0.8571428571428571,1
0.0,0.0003885003885003885,0.007262533197809765,0.6241800052479664,0.3125,0.0,0.5714285714285714,1
0.0,0.0003885003885003885,0.6898914718515361,0.006904355812122802,0.3125,0.0,0.6071428571428571,1
0.0,0.0003885003885003885,0.6313321748254042,0.006904355812122802,0.3125,0.0,0.5714285714285714,1
0.0,0.0003885003885003885,0.0013115184104396866,0.857058514825505,0.3125,0.0,0.5714285714285714,1
0.0,0.0006475006475006476,0.8841273484376537,0.0009511939123589609,0.3125,0.0,0.07142857142857142,1
0.0,0.0003885003885003885,0.0013115184104396866,0.6819404355812122,0.3125,0.0,0.6071428571428571,1
0.0,0.0003885003885003885,0.9295714613593888,0.006904355812122802,0.3125,0.0,0.5714285714285714,1
0.0,0.0006475006475006476,0.6502180399357356,0.006904355812122802,0.3125,0.0,0.07142857142857142,1
0.0,0.0003885003885003885,0.007262533197809765,0.934597218577801,0.3125,0.0,0.6071428571428571,1
0.0,0.0003885003885003885,0.765467720253123,0.006904355812122802,0.3125,0.0,0.5714285714285714,1
0.0,0.0003885003885003885,0.7013344699826224,0.0009511939123589609,0.3125,0.0,0.5714285714285714,1
0.0,0.0003885003885003885,0.7048755696908096,0.0009511939123589609,0.3125,0.0,0.5714285714285714,1
0.0,0.0003885003885003885,0.0013115184104396866,0.9096037785358173,0.3125,0.0,0.5714285714285714,1
0.0,0.0003885003885003885,0.007262533197809765,0.729565730779323,0.3125,0.0,0.5714285714285714,1
0.0,0.0003885003885003885,0.9180956752680416,0.0009511939123589609,0.3125,0.0,0.5714285714285714,1
0.0,0.0003885003885003885,0.007262533197809765,0.7375688795591707,0.3125,0.0,0.5714285714285714,1
0.0,0.0003885003885003885,0.007262533197809765,0.6795460509052741,0.3125,0.0,0.5714285714285714,1
0.0,0.0003885003885003885,0.0013115184104396866,0.9666426134872735,0.3125,0.0,0.6071428571428571,1
0.0,0.0003885003885003885,0.0013115184104396866,0.7267777486224087,0.3125,0.0,0.6071428571428571,1
0.0,0.0003885003885003885,0.7302206629725565,0.0009511939123589609,0.3125,0.0,0.6071428571428571,1
0.0,0.020169645169645173,0.7340240663628316,0.0009511939123589609,0.3125,0.0,0.8571428571428571,1
0.0,0.0003885003885003885,0.007262533197809765,0.6954539490947257,0.3125,0.0,0.5714285714285714,1
0.0,0.0003885003885003885,0.9220302304993606,0.0009511939123589609,0.3125,0.0,0.5714285714285714,1
0.0,0.0003885003885003885,0.9895406406767435,0.0009511939123589609,0.3125,0.0,0.5714285714285714,1
0.0,0.0003885003885003885,0.9889832453523066,0.006904355812122802,0.3125,0.0,0.5714285714285714,1
0.0,0.022144522144522148,0.9925899209810158,0.006904355812122802,0.3125,0.0,0.8571428571428571,1
0.0,0.0006475006475006476,0.7767139906226433,0.006904355812122802,0.3125,0.0,0.07142857142857142,1
0.0,0.015831390831390832,0.007262533197809765,0.7158554185253214,0.3125,0.0,0.8571428571428571,1
0.0,0.0003885003885003885,0.7604839502934523,0.0009511939123589609,0.3125,0.0,0.5714285714285714,1
0.0,0.0003885003885003885,0.945309682284665,0.0009511939123589609,0.3125,0.0,0.5714285714285714,1
0.0,0.0003885003885003885,0.007262533197809765,0.7752558383626345,0.3125,0.0,0.5714285714285714,1
0.0,0.0003885003885003885,0.7804846060526575,0.006904355812122802,0.3125,0.0,0.5714285714285714,1
0.0,0.0006475006475006476,0.0013115184104396866,0.776075833114668,0.3125,0.0,0.6428571428571428,1
0.0,0.019425019425019428,0.5587396308075675,0.0009511939123589609,0.3125,0.0,0.8571428571428571,1
0.0,0.02366614866614867,0.9844585068362898,0.0009511939123589609,0.3125,0.0,0.8571428571428571,1
0.0,0.0003885003885003885,0.5657562543034198,0.0009511939123589609,0.3125,0.0,0.5714285714285714,1
0.0,0.0003885003885003885,0.7972392537460244,0.006904355812122802,0.3125,0.0,0.5714285714285714,1
0.0,0.016155141155141158,0.0013115184104396866,0.7906061401207032,0.3125,0.0,0.8571428571428571,1
0.0,0.0003885003885003885,0.9975081150201647,0.0009511939123589609,0.3125,0.0,0.5714285714285714,1
0.0,0.0003885003885003885,0.007262533197809765,0.7563631592757806,0.3125,0.0,0.6071428571428571,1
0.0,0.018453768453768456,0.007262533197809765,0.8214707425872474,0.3125,0.0,0.8571428571428571,1
0.0,0.0003885003885003885,0.0013115184104396866,0.5860010495932826,0.3125,0.0,0.5714285714285714,1
0.0,0.0003885003885003885,0.5871667923538477,0.006904355812122802,0.3125,0.0,0.5714285714285714,1
0.0,0.0003885003885003885,0.9929178005836258,0.0009511939123589609,0.3125,0.0,0.6071428571428571,1
0.0,0.0003885003885003885,0.007262533197809765,0.5946273943846758,0.3125,0.0,0.5714285714285714,1
0.0,0.0003885003885003885,0.8181251844322764,0.0009511939123589609,0.3125,0.0,0.5714285714285714,1
0.0,0.0006475006475006476,0.007262533197809765,0.8310482812909996,0.3125,0.0,0.6428571428571428,1
0.0,0.0003885003885003885,0.0013115184104396866,0.6058449225924953,0.3125,0.0,0.5714285714285714,1
0.0,0.0003885003885003885,0.6094953932915833,0.006904355812122802,0.3125,0.0,0.5714285714285714,1
0.0,0.0003885003885003885,0.5511328240270174,0.0009511939123589609,0.3125,0.0,0.5714285714285714,1
0.0,0.018453768453768456,0.6149381946949081,0.006904355812122802,0.3125,0.0,0.8571428571428571,1
0.0,0.0003885003885003885,0.0013115184104396866,0.8389202309105221,0.3125,0.0,0.6071428571428571,1
0.0,0.0003885003885003885,0.6214957867471065,0.006904355812122802,0.3125,0.0,0.6071428571428571,1
0.0,0.0003885003885003885,0.007262533197809765,0.8660784570978745,0.3125,0.0,0.5714285714285714,1
0.0,0.0003885003885003885,0.8698973736843831,0.006904355812122802,0.3125,0.0,0.5714285714285714,1
0.0,0.0006475006475006476,0.8541591527591069,0.0009511939123589609,0.3125,0.0,0.07142857142857142,1
0.0,0.0003885003885003885,0.007262533197809765,0.6355943321962739,0.3125,0.0,0.6071428571428571,1
0.0,0.0003885003885003885,0.6391029214072593,0.006904355812122802,0.3125,0.0,0.5714285714285714,1
0.0,0.0003885003885003885,0.0013115184104396866,0.6439254788769351,0.3125,0.0,0.5714285714285714,1
0.0,0.0006475006475006476,0.8677333683071576,0.0009511939123589609,0.3125,0.0,0.07142857142857142,1
0.0,0.0003885003885003885,0.828682907636316,0.006904355812122802,0.3125,0.0,0.5714285714285714,1
0.0,0.001554001554001554,0.0,0.02064746785620572,0.0,1.0,0.0,1
0.0,0.0006475006475006476,0.007262533197809765,0.8951718709000261,0.3125,0.0,0.6428571428571428,1
0.0,0.0003885003885003885,0.8353388635692974,0.006904355812122802,0.3125,0.0,0.5714285714285714,1
0.0,0.0003885003885003885,0.007262533197809765,0.8874311204408291,0.3125,0.0,0.5714285714285714,1
0.0,0.016543641543641546,0.007262533197809765,0.8420690107583311,0.3125,0.0,0.8571428571428571,1
0.0,0.016284641284641285,0.007262533197809765,0.9077669902912621,0.3125,0.0,0.8571428571428571,1
0.0,0.0003885003885003885,0.007262533197809765,0.6686893203883495,0.3125,0.0,0.6071428571428571,1
0.0,0.0003885003885003885,0.6727761565952982,0.006904355812122802,0.3125,0.0,0.6071428571428571,1
0.0,0.0003885003885003885,0.6758254368995705,0.006904355812122802,0.3125,0.0,0.6071428571428571,1
0.0,0.0003885003885003885,0.9225548378635365,0.006904355812122802,0.3125,0.0,0.5714285714285714,1
0.0,0.0003885003885003885,0.9128496016262828,0.006904355812122802,0.3125,0.0,0.5714285714285714,1
0.0,0.0003885003885003885,0.6878914062756156,0.006904355812122802,0.3125,0.0,0.5714285714285714,1
0.0,0.021464646464646468,0.007262533197809765,0.929349252164786,0.3125,0.0,0.8571428571428571,1
0.0,0.015896140896140897,0.0013115184104396866,0.6951259511939123,0.3125,0.0,0.8571428571428571,1
0.0,0.0003885003885003885,0.007262533197809765,0.9377787982156913,0.3125,0.0,0.6071428571428571,1
0.0,0.0006475006475006476,0.007262533197809765,0.9297100498556808,0.3125,0.0,0.6428571428571428,1
0.0,0.0003885003885003885,0.0013115184104396866,0.7055562844397795,0.3125,0.0,0.5714285714285714,1
0.0,0.0006475006475006476,0.0013115184104396866,0.7097218577801101,0.3125,0.0,0.6428571428571428,1
0.0,0.0006475006475006476,0.7132037115971016,0.0009511939123589609,0.3125,0.0,0.07142857142857142,1
0.0,0.0003885003885003885,0.0013115184104396866,0.9347284177381264,0.3125,0.0,0.5714285714285714,1
0.0,0.017320642320642322,0.007262533197809765,0.9455523484649697,0.3125,0.0,0.8571428571428571,1
0.0,0.0003885003885003885,0.7234991311190531,0.0009511939123589609,0.3125,0.0,0.5714285714285714,1
0.0,0.0003885003885003885,0.0013115184104396866,0.9451915507740749,0.3125,0.0,0.5714285714285714,1
0.0,0.0003885003885003885,0.007262533197809765,0.7274665442141169,0.3125,0.0,0.5714285714285714,1
0.0,0.0006475006475006476,0.007262533197809765,0.960476252951981,0.3125,0.0,0.6428571428571428,1
0.0,0.0003885003885003885,0.007262533197809765,0.9627722382576751,0.3125,0.0,0.5714285714285714,1
0.0,0.0003885003885003885,0.007262533197809765,0.9665114143269482,0.3125,0.0,0.6071428571428571,1
0.0,0.0003885003885003885,0.9630479687858619,0.0009511939123589609,0.3125,0.0,0.5714285714285714,1
0.0,0.018874643874643875,0.9735073281091183,0.006904355812122802,0.3125,0.0,0.8571428571428571,1
0.0,0.0003885003885003885,0.0013115184104396866,0.7500983993702439,0.3125,0.0,0.5714285714285714,1
0.0,0.0003885003885003885,0.7541230860028197,0.0009511939123589609,0.3125,0.0,0.5714285714285714,1
0.0,0.0003885003885003885,0.9841306272336798,0.006904355812122802,0.3125,0.0,0.5714285714285714,1
0.0,0.0003885003885003885,0.007262533197809765,0.9866504854368932,0.3125,0.0,0.6071428571428571,1
0.0,0.0003885003885003885,0.7622545001475458,0.006904355812122802,0.3125,0.0,0.5714285714285714,1
0.0,0.0003885003885003885,0.9863274205711663,0.0009511939123589609,0.3125,0.0,0.5714285714285714,1
0.0,0.0006475006475006476,0.7706482179743599,0.0009511939123589609,0.3125,0.0,0.07142857142857142,1
0.0,0.0003885003885003885,1.0,0.006904355812122802,0.3125,0.0,0.5714285714285714,1
0.0,0.0003885003885003885,0.9958031410865931,0.0009511939123589609,0.3125,0.0,0.6071428571428571,1
0.0,0.0003885003885003885,0.0013115184104396866,0.9991144056678036,0.3125,0.0,0.6071428571428571,1
0.0,0.0003885003885003885,0.007262533197809765,0.5470348989766465,0.3125,0.0,0.6071428571428571,1
0.0,0.017612017612017614,0.007262533197809765,0.5504132773550249,0.3125,0.0,0.8571428571428571,1
0.0,0.0003885003885003885,0.7902554182104331,0.0009511939123589609,0.3125,0.0,0.6071428571428571,1
0.0,0.034867909867909865,0.5496573658152727,0.0009511939123589609,0.3125,0.0,0.8571428571428571,1
0.0,0.0006475006475006476,0.007262533197809765,0.5610732091314615,0.3125,0.0,0.6428571428571428,1
0.0,0.0006475006475006476,0.007262533197809765,0.5644515875098399,0.3125,0.0,0.6428571428571428,1
0.0,0.0006475006475006476,0.0013115184104396866,0.8040212542639726,0.3125,0.0,0.6428571428571428,1
0.0,0.0003885003885003885,0.8071084297845831,0.0009511939123589609,0.3125,0.0,0.5714285714285714,1
0.0,0.0003885003885003885,0.5745106396931047,0.006904355812122802,0.3125,0.0,0.6071428571428571,1
0.0,0.024993524993524995,0.5778877995999869,0.006904355812122802,0.3125,0.0,0.8571428571428571,1
0.0,0.01621989121989122,0.007262533197809765,0.581081081081081,0.3125,0.0,0.8571428571428571,1
0.0,0.0003885003885003885,0.5842158759303584,0.006904355812122802,0.3125,0.0,0.6071428571428571,1
0.0,0.0003885003885003885,0.5802157447785173,0.0009511939123589609,0.3125,0.0,0.5714285714285714,1
0.0,0.0003885003885003885,0.5830682973212237,0.0009511939123589609,0.3125,0.0,0.5714285714285714,1
0.0,0.0003885003885003885,0.5941834158497,0.006904355812122802,0.3125,0.0,0.5714285714285714,1
0.0,0.023407148407148408,0.0013115184104396866,0.5892154290212542,0.3125,0.0,0.8571428571428571,1
0.0,0.0003885003885003885,0.5931669890816093,0.0009511939123589609,0.3125,0.0,0.5714285714285714,1
0.0,0.0006475006475006476,0.0013115184104396866,0.5963001836788244,0.3125,0.0,0.6428571428571428,1
0.0,0.001554001554001554,0.0,0.02064746785620572,0.0,1.0,0.0,1
0.0,0.0003885003885003885,0.0013115184104396866,0.5991865652059826,0.3125,0.0,0.5714285714285714,1
0.0,0.0006475006475006476,0.6103478802583692,0.006904355812122802,0.3125,0.0,0.07142857142857142,1
0.0,0.0003885003885003885,0.0013115184104396866,0.605615324061926,0.3125,0.0,0.5714285714285714,1
0.0,0.0003885003885003885,0.0013115184104396866,0.6087641039097349,0.3125,0.0,0.5714285714285714,1
0.0,0.023795648795648796,0.0013115184104396866,0.6118144843872999,0.3125,0.0,0.8571428571428571,1
0.0,0.0003885003885003885,0.623233548640939,0.006904355812122802,0.3125,0.0,0.6071428571428571,1
0.0,0.0003885003885003885,0.6190694776877931,0.0009511939123589609,0.3125,0.0,0.5714285714285714,1
0.0,0.0003885003885003885,0.0013115184104396866,0.6217856205720282,0.3125,0.0,0.6071428571428571,1
0.0,0.0012950012950012951,0.0,0.02064746785620572,0.0,1.0,0.0,1
0.0,0.0003885003885003885,0.0013115184104396866,0.6252295985305694,0.3125,0.0,0.5714285714285714,1
0.0,0.0003885003885003885,0.635955277222204,0.006904355812122802,0.3125,0.0,0.6071428571428571,1
0.0,0.0003885003885003885,0.6391684973277812,0.006904355812122802,0.3125,0.0,0.5714285714285714,1
0.0,0.02353664853664854,0.007262533197809765,0.6422526895827866,0.3125,0.0,0.8571428571428571,1
0.0,0.0003885003885003885,0.6460867569428506,0.006904355812122802,0.3125,0.0,0.5714285714285714,1
0.0,0.0006475006475006476,0.007262533197809765,0.6491078457097874,0.3125,0.0,0.6428571428571428,1
0.0,0.001554001554001554,0.0,0.02064746785620572,0.0,1.0,0.0,1
0.0,0.0003885003885003885,0.644840814452933,0.0009511939123589609,0.3125,0.0,0.5714285714285714,1
0.0,0.0003885003885003885,0.007262533197809765,0.6554382051954867,0.3125,0.0,0.5714285714285714,1
0.0,0.0003885003885003885,0.6585133938817667,0.006904355812122802,0.3125,0.0,0.6071428571428571,1
0.0,0.0003885003885003885,0.0013115184104396866,0.6541590133823143,0.3125,0.0,0.5714285714285714,1
0.0,0.0003885003885003885,0.6573986032328929,0.0009511939123589609,0.3125,0.0,0.6071428571428571,1
0.0,0.0003885003885003885,0.6683497819600643,0.006904355812122802,0.3125,0.0,0.5714285714285714,1
0.0,0.0003885003885003885,0.0013115184104396866,0.6639333508265547,0.3125,0.0,0.6071428571428571,1
0.0,0.0012950012950012951,0.0,0.02064746785620572,0.0,1.0,0.0,1
0.0,0.0003885003885003885,0.0013115184104396866,0.6673445289950144,0.3125,0.0,0.5714285714285714,1
0.0,0.0006475006475006476,0.6707433030591167,0.0009511939123589609,0.3125,0.0,0.07142857142857142,1
0.0,0.0006475006475006476,0.6815961179055051,0.006904355812122802,0.3125,0.0,0.07142857142857142,1
0.0,0.0003885003885003885,0.007262533197809765,0.6842692206769876,0.3125,0.0,0.5714285714285714,1
0.0,0.0003885003885003885,0.007262533197809765,0.6876803988454473,0.3125,0.0,0.5714285714285714,1
0.0,0.0003885003885003885,0.007262533197809765,0.6909603778535817,0.3125,0.0,0.5714285714285714,1
0.0,0.0003885003885003885,0.007262533197809765,0.694240356861716,0.3125,0.0,0.5714285714285714,1
0.0,0.0003885003885003885,0.007262533197809765,0.6975203358698504,0.3125,0.0,0.5714285714285714,1
0.0,0.0003885003885003885,0.007262533197809765,0.7008003148779847,0.3125,0.0,0.5714285714285714,1
0.0,0.0003885003885003885,0.7042853864061117,0.006904355812122802,0.3125,0.0,0.5714285714285714,1
0.0,0.0003885003885003885,0.0013115184104396866,0.6994555234846497,0.3125,0.0,0.5714285714285714,1
0.0,0.0003885003885003885,0.007262533197809765,0.7101810548412489,0.3125,0.0,0.5714285714285714,1
0.0,0.0003885003885003885,0.7064821797435982,0.0009511939123589609,0.3125,0.0,0.5714285714285714,1
0.0,0.0003885003885003885,0.0013115184104396866,0.7093610600892154,0.3125,0.0,0.5714285714285714,1
0.0,0.0003885003885003885,0.007262533197809765,0.7200209918656519,0.3125,0.0,0.5714285714285714,1
0.0,0.0006475006475006476,0.7163513557821568,0.0009511939123589609,0.3125,0.0,0.07142857142857142,1
0.0,0.022759647759647762,0.007262533197809765,0.7269417475728155,0.3125,0.0,0.8571428571428571,1
0.0,0.02175602175602176,0.007262533197809765,0.7302873261611125,0.3125,0.0,0.8571428571428571,1
0.0,0.023245273245273246,0.007262533197809765,0.7335673051692468,0.3125,0.0,0.8571428571428571,1
0.0,0.023310023310023312,0.007262533197809765,0.7368472841773812,0.3125,0.0,0.8571428571428571,1
0.0,0.02298627298627299,0.007262533197809765,0.7401272631855156,0.3125,0.0,0.8571428571428571,1
0.0,0.024184149184149187,0.007262533197809765,0.7434728417738126,0.3125,0.0,0.8571428571428571,1
0.0,0.02314814814814815,0.007262533197809765,0.7467528207819469,0.3125,0.0,0.8571428571428571,1
0.0,0.023051023051023054,0.007262533197809765,0.7500327997900813,0.3125,0.0,0.8571428571428571,1
0.0,0.023730898730898734,0.007262533197809765,0.7533127787982156,0.3125,0.0,0.8571428571428571,1
0.0,0.023245273245273246,0.007262533197809765,0.7565599580162686,0.3125,0.0,0.8571428571428571,1
0.0,0.023245273245273246,0.007262533197809765,0.7598727368144843,0.3125,0.0,0.8571428571428571,1
0.0,0.02314814814814815,0.007262533197809765,0.7631527158226187,0.3125,0.0,0.8571428571428571,1
0.0,0.022727272727272728,0.007262533197809765,0.766432694830753,0.3125,0.0,0.8571428571428571,1
0.0,0.02311577311577312,0.007262533197809765,0.7697126738388873,0.3125,0.0,0.8571428571428571,1
0.0,0.023471898471898473,0.007262533197809765,0.7729926528470217,0.3125,0.0,0.8571428571428571,1
0.0,0.02311577311577312,0.007262533197809765,0.776272631855156,0.3125,0.0,0.8571428571428571,1
0.0,0.02314814814814815,0.007262533197809765,0.7795526108632904,0.3125,0.0,0.8571428571428571,1
0.0,0.02301864801864802,0.007262533197809765,0.7828325898714248,0.3125,0.0,0.8571428571428571,1
0.0,0.023439523439523442,0.007262533197809765,0.786112568879559,0.3125,0.0,0.8571428571428571,1
0.0,0.023051023051023054,0.007262533197809765,0.7893925478876934,0.3125,0.0,0.8571428571428571,1
0.0,0.022889147889147893,0.007262533197809765,0.7926725268958278,0.3125,0.0,0.8571428571428571,1
0.0,0.022953897953897955,0.007262533197809765,0.7959525059039622,0.3125,0.0,0.8571428571428571,1
0.0,0.02327764827764828,0.007262533197809765,0.7992324849120965,0.3125,0.0,0.8571428571428571,1
0.0,0.0236985236985237,0.007262533197809765,0.8026108632904748,0.3125,0.0,0.8571428571428571,1
0.0,0.02398989898989899,0.007262533197809765,0.8058908422986092,0.3125,0.0,0.8571428571428571,1
0.0,0.02395752395752396,0.007262533197809765,0.8091708213067436,0.3125,0.0,0.8571428571428571,1
0.0,0.02386039886039886,0.007262533197809765,0.8125819994752033,0.3125,0.0,0.8571428571428571,1
0.0,0.022921522921522924,0.007262533197809765,0.8158291786932563,0.3125,0.0,0.8571428571428571,1
0.0,0.02382802382802383,0.007262533197809765,0.819141957491472,0.3125,0.0,0.8571428571428571,1
0.0,0.023795648795648796,0.007262533197809765,0.8224219364996064,0.3125,0.0,0.8571428571428571,1
0.0,0.024022274022274023,0.007262533197809765,0.825734715297822,0.3125,0.0,0.8571428571428571,1
0.0,0.022921522921522924,0.007262533197809765,0.8290146943059563,0.3125,0.0,0.8571428571428571,1
0.0,0.022759647759647762,0.007262533197809765,0.8322946733140907,0.3125,0.0,0.8571428571428571,1
0.0,0.022824397824397828,0.007262533197809765,0.835574652322225,0.3125,0.0,0.8571428571428571,1
0.0,0.023730898730898734,0.007262533197809765,0.8388546313303594,0.3125,0.0,0.8571428571428571,1
0.0,0.02301864801864802,0.007262533197809765,0.8421346103384938,0.3125,0.0,0.8571428571428571,1
0.0,0.024119399119399122,0.007262533197809765,0.845414589346628,0.3125,0.0,0.8571428571428571,1
0.0,0.023051023051023054,0.007262533197809765,0.8486945683547624,0.3125,0.0,0.8571428571428571,1
0.0,0.02454027454027454,0.007262533197809765,0.8519417475728155,0.3125,0.0,0.8571428571428571,1
0.0,0.024702149702149703,0.007262533197809765,0.8552545263710312,0.3125,0.0,0.8571428571428571,1
0.0,0.023633773633773635,0.007262533197809765,0.8586001049593281,0.3125,0.0,0.8571428571428571,1
0.0,0.023795648795648796,0.007262533197809765,0.8618472841773812,0.3125,0.0,0.8571428571428571,1
0.0,0.024119399119399122,0.007262533197809765,0.8651600629755969,0.3125,0.0,0.8571428571428571,1
0.0,0.023925148925148926,0.007262533197809765,0.8684400419837313,0.3125,0.0,0.8571428571428571,1
0.0,0.02437839937839938,0.007262533197809765,0.8717200209918655,0.3125,0.0,0.8571428571428571,1
0.0,0.02386039886039886,0.007262533197809765,0.8749999999999999,0.3125,0.0,0.8571428571428571,1
0.0,0.023342398342398346,0.007262533197809765,0.8782799790081343,0.3125,0.0,0.8571428571428571,1
0.0,0.023310023310023312,0.007262533197809765,0.8815599580162686,0.3125,0.0,0.8571428571428571,1
0.0,0.023310023310023312,0.007262533197809765,0.884839937024403,0.3125,0.0,0.8571428571428571,1
0.0,0.023795648795648796,0.007262533197809765,0.8881199160325373,0.3125,0.0,0.8571428571428571,1
0.0,0.024281274281274284,0.007262533197809765,0.8913670952505903,0.3125,0.0,0.8571428571428571,1
0.0,0.024151774151774153,0.007262533197809765,0.894679874048806,0.3125,0.0,0.8571428571428571,1
0.0,0.024281274281274284,0.007262533197809765,0.8979598530569404,0.3125,0.0,0.8571428571428571,1
0.0,0.024281274281274284,0.007262533197809765,0.9012398320650747,0.3125,0.0,0.8571428571428571,1
0.0,0.02327764827764828,0.007262533197809765,0.904519811073209,0.3125,0.0,0.8571428571428571,1
0.0,0.024087024087024088,0.007262533197809765,0.9078653896615061,0.3125,0.0,0.8571428571428571,1
0.0,0.024184149184149187,0.007262533197809765,0.9111453686696405,0.3125,0.0,0.8571428571428571,1
0.0,0.02505827505827506,0.007262533197809765,0.9144253476777747,0.3125,0.0,0.8571428571428571,1
0.0,0.021691271691271694,0.007262533197809765,0.9177053266859091,0.3125,0.0,0.8571428571428571,1
0.0,0.022015022015022017,0.007262533197809765,0.9209853056940435,0.3125,0.0,0.8571428571428571,1
0.0,0.024054649054649057,0.007262533197809765,0.9242652847021778,0.3125,0.0,0.8571428571428571,1
0.0,0.024766899766899768,0.007262533197809765,0.9275452637103122,0.3125,0.0,0.8571428571428571,1
0.0,0.024022274022274023,0.007262533197809765,0.9308252427184465,0.3125,0.0,0.8571428571428571,1
0.0,0.024054649054649057,0.007262533197809765,0.9340724219364995,0.3125,0.0,0.8571428571428571,1
0.0,0.024184149184149187,0.007262533197809765,0.9373852007347152,0.3125,0.0,0.8571428571428571,1
0.0,0.02178839678839679,0.007262533197809765,0.9406651797428496,0.3125,0.0,0.8571428571428571,1
0.0,0.024281274281274284,0.007262533197809765,0.9440107583311466,0.3125,0.0,0.8571428571428571,1
0.0,0.02437839937839938,0.007262533197809765,0.9472907373392809,0.3125,0.0,0.8571428571428571,1
0.0,0.02434602434602435,0.007262533197809765,0.9505707163474153,0.3125,0.0,0.8571428571428571,1
0.0,0.024313649313649315,0.007262533197809765,0.9538506953555497,0.3125,0.0,0.8571428571428571,1
0.0,0.024313649313649315,0.007262533197809765,0.9571306743636839,0.3125,0.0,0.8571428571428571,1
0.0,0.0248963998963999,0.007262533197809765,0.960476252951981,0.3125,0.0,0.8571428571428571,1
0.0,0.02382802382802383,0.007262533197809765,0.9637562319601154,0.3125,0.0,0.8571428571428571,1
0.0,0.02386039886039886,0.007262533197809765,0.9670034111781683,0.3125,0.0,0.8571428571428571,1
0.0,0.024475524475524476,0.007262533197809765,0.970316189976384,0.3125,0.0,0.8571428571428571,1
0.0,0.023763273763273765,0.007262533197809765,0.9735961689845184,0.3125,0.0,0.8571428571428571,1
0.0,0.02386039886039886,0.007262533197809765,0.9768761479926528,0.3125,0.0,0.8571428571428571,1
0.0,0.02434602434602435,0.007262533197809765,0.9801561270007871,0.3125,0.0,0.8571428571428571,1
0.0,0.024087024087024088,0.007262533197809765,0.9834361060089215,0.3125,0.0,0.8571428571428571,1
0.0,0.023439523439523442,0.007262533197809765,0.9867160850170558,0.3125,0.0,0.8571428571428571,1
0.0,0.02165889665889666,0.007262533197809765,0.9899960640251901,0.3125,0.0,0.8571428571428571,1
0.0,0.024313649313649315,0.007262533197809765,0.9932760430333245,0.3125,0.0,0.8571428571428571,1
0.0,0.02382802382802383,0.007262533197809765,0.9965560220414589,0.3125,0.0,0.8571428571428571,1
0.0,0.024475524475524476,0.007262533197809765,0.9998360010495932,0.3125,0.0,0.8571428571428571,1
0.0,0.02492877492877493,0.007262533197809765,0.540114143269483,0.3125,0.0,0.8571428571428571,1
0.0,0.02424889924889925,0.007262533197809765,0.5433941222776174,0.3125,0.0,0.8571428571428571,1
0.0,0.024443149443149445,0.007262533197809765,0.5466741012857517,0.3125,0.0,0.8571428571428571,1
0.0,0.024022274022274023,0.007262533197809765,0.5499212805038047,0.3125,0.0,0.8571428571428571,1
0.0,0.024054649054649057,0.007262533197809765,0.5532668590921017,0.3125,0.0,0.8571428571428571,1
0.0,0.024022274022274023,0.007262533197809765,0.5565796378903174,0.3125,0.0,0.8571428571428571,1
0.0,0.023633773633773635,0.007262533197809765,0.5598596168984518,0.3125,0.0,0.8571428571428571,1
0.0,0.023795648795648796,0.007262533197809765,0.5631395959065861,0.3125,0.0,0.8571428571428571,1
0.0,0.02366614866614867,0.007262533197809765,0.5664195749147205,0.3125,0.0,0.8571428571428571,1
0.0,0.0236985236985237,0.007262533197809765,0.5696995539228549,0.3125,0.0,0.8571428571428571,1
0.0,0.02386039886039886,0.007262533197809765,0.5729795329309891,0.3125,0.0,0.8571428571428571,1
0.0,0.023763273763273765,0.007262533197809765,0.5762595119391235,0.3125,0.0,0.8571428571428571,1
0.0,0.024605024605024606,0.007262533197809765,0.5795394909472579,0.3125,0.0,0.8571428571428571,1
0.0,0.02463739963739964,0.007262533197809765,0.5828194699553922,0.3125,0.0,0.8571428571428571,1
0.0,0.024443149443149445,0.007262533197809765,0.5860994489635266,0.3125,0.0,0.8571428571428571,1
0.0,0.023212898212898216,0.007262533197809765,0.5893794279716609,0.3125,0.0,0.8571428571428571,1
0.0,0.02366614866614867,0.007262533197809765,0.5926594069797952,0.3125,0.0,0.8571428571428571,1
0.0,0.021691271691271694,0.007262533197809765,0.5959393859879296,0.3125,0.0,0.8571428571428571,1
0.0,0.02424889924889925,0.007262533197809765,0.599219364996064,0.3125,0.0,0.8571428571428571,1
0.0,0.025090650090650094,0.007262533197809765,0.6024993440041984,0.3125,0.0,0.8571428571428571,1
0.0,0.02386039886039886,0.007262533197809765,0.6057793230123326,0.3125,0.0,0.8571428571428571,1
0.0,0.024734524734524737,0.007262533197809765,0.609157701390711,0.3125,0.0,0.8571428571428571,1
0.0,0.024864024864024867,0.007262533197809765,0.6124376803988454,0.3125,0.0,0.8571428571428571,1
0.0,0.024313649313649315,0.007262533197809765,0.6157176594069798,0.3125,0.0,0.8571428571428571,1
0.0,0.024119399119399122,0.007262533197809765,0.6189976384151141,0.3125,0.0,0.8571428571428571,1
0.0,0.02424889924889925,0.007262533197809765,0.6222776174232484,0.3125,0.0,0.8571428571428571,1
0.0,0.024281274281274284,0.007262533197809765,0.6255575964313828,0.3125,0.0,0.8571428571428571,1
0.0,0.02434602434602435,0.007262533197809765,0.6288375754395171,0.3125,0.0,0.8571428571428571,1
0.0,0.02114089614089614,0.007262533197809765,0.6321175544476515,0.3125,0.0,0.8571428571428571,1
0.0,0.02353664853664854,0.007262533197809765,0.6354303332458672,0.3125,0.0,0.8571428571428571,1
0.0,0.02421652421652422,0.007262533197809765,0.6387103122540015,0.3125,0.0,0.8571428571428571,1
0.0,0.021950271950271952,0.007262533197809765,0.6419902912621358,0.3125,0.0,0.8571428571428571,1
0.0,0.024184149184149187,0.007262533197809765,0.6452702702702702,0.3125,0.0,0.8571428571428571,1
0.0,0.02386039886039886,0.007262533197809765,0.6485502492784045,0.3125,0.0,0.8571428571428571,1
0.0,0.021561771561771564,0.007262533197809765,0.6518302282865389,0.3125,0.0,0.8571428571428571,1
0.0,0.023925148925148926,0.007262533197809765,0.6551102072946733,0.3125,0.0,0.8571428571428571,1
0.0,0.0214970214970215,0.007262533197809765,0.6583901863028075,0.3125,0.0,0.8571428571428571,1
0.0,0.02382802382802383,0.007262533197809765,0.6616701653109419,0.3125,0.0,0.8571428571428571,1
0.0,0.02395752395752396,0.007262533197809765,0.665015743899239,0.3125,0.0,0.8571428571428571,1
0.0,0.02311577311577312,0.007262533197809765,0.6682957229073733,0.3125,0.0,0.8571428571428571,1
0.0,0.021205646205646207,0.007262533197809765,0.6715757019155076,0.3125,0.0,0.8571428571428571,1
0.0,0.023730898730898734,0.007262533197809765,0.6748228811335607,0.3125,0.0,0.8571428571428571,1
0.0,0.023795648795648796,0.007262533197809765,0.6781356599317764,0.3125,0.0,0.8571428571428571,1
0.0,0.023763273763273765,0.007262533197809765,0.6814156389399108,0.3125,0.0,0.8571428571428571,1
0.0,0.023471898471898473,0.007262533197809765,0.684695617948045,0.3125,0.0,0.8571428571428571,1
0.0,0.023471898471898473,0.007262533197809765,0.6879755969561794,0.3125,0.0,0.8571428571428571,1
0.0,0.02382802382802383,0.007262533197809765,0.6912555759643138,0.3125,0.0,0.8571428571428571,1
0.0,0.02353664853664854,0.007262533197809765,0.6945355549724481,0.3125,0.0,0.8571428571428571,1
0.0,0.023471898471898473,0.007262533197809765,0.6978155339805825,0.3125,0.0,0.8571428571428571,1
0.0,0.023763273763273765,0.007262533197809765,0.7010955129887168,0.3125,0.0,0.8571428571428571,1
0.0,0.023601398601398604,0.007262533197809765,0.7043754919968511,0.3125,0.0,0.8571428571428571,1
0.0,0.024993524993524995,0.007262533197809765,0.7076226712149042,0.3125,0.0,0.8571428571428571,1
0.0,0.024831649831649833,0.007262533197809765,0.7110010495932825,0.3125,0.0,0.8571428571428571,1
0.0,0.023795648795648796,0.007262533197809765,0.7142810286014168,0.3125,0.0,0.8571428571428571,1
0.0,0.02434602434602435,0.007262533197809765,0.7175610076095512,0.3125,0.0,0.8571428571428571,1
0.0,0.024864024864024867,0.007262533197809765,0.7208409866176856,0.3125,0.0,0.8571428571428571,1
0.0,0.0236985236985237,0.007262533197809765,0.72412096562582,0.3125,0.0,0.8571428571428571,1
0.0,0.02518777518777519,0.007262533197809765,0.7274665442141169,0.3125,0.0,0.8571428571428571,1
0.0,0.021853146853146856,0.007262533197809765,0.7307465232222513,0.3125,0.0,0.8571428571428571,1
0.0,0.02395752395752396,0.007262533197809765,0.7340265022303857,0.3125,0.0,0.8571428571428571,1
0.0,0.02243589743589744,0.007262533197809765,0.7372736814484386,0.3125,0.0,0.8571428571428571,1
0.0,0.024119399119399122,0.007262533197809765,0.7405864602466543,0.3125,0.0,0.8571428571428571,1
0.0,0.02386039886039886,0.007262533197809765,0.7438664392547887,0.3125,0.0,0.8571428571428571,1
0.0,0.024410774410774414,0.007262533197809765,0.747146418262923,0.3125,0.0,0.8571428571428571,1
0.0,0.023633773633773635,0.007262533197809765,0.7504263972710574,0.3125,0.0,0.8571428571428571,1
0.0,0.02450789950789951,0.007262533197809765,0.7537063762791918,0.3125,0.0,0.8571428571428571,1
0.0,0.02353664853664854,0.007262533197809765,0.756986355287326,0.3125,0.0,0.8571428571428571,1
0.0,0.023763273763273765,0.007262533197809765,0.7602663342954604,0.3125,0.0,0.8571428571428571,1
0.0,0.02434602434602435,0.007262533197809765,0.7635463133035948,0.3125,0.0,0.8571428571428571,1
0.0,0.02434602434602435,0.007262533197809765,0.7668262923117292,0.3125,0.0,0.8571428571428571,1
0.0,0.020881895881895884,0.007262533197809765,0.7701062713198634,0.3125,0.0,0.8571428571428571,1
0.0,0.023730898730898734,0.007262533197809765,0.7733862503279978,0.3125,0.0,0.8571428571428571,1
0.0,0.023374773374773377,0.007262533197809765,0.7767318289162949,0.3125,0.0,0.8571428571428571,1
0.0,0.023925148925148926,0.007262533197809765,0.7800118079244293,0.3125,0.0,0.8571428571428571,1
0.0,0.023763273763273765,0.007262533197809765,0.7832917869325635,0.3125,0.0,0.8571428571428571,1
0.0,0.02318052318052318,0.007262533197809765,0.7865717659406979,0.3125,0.0,0.8571428571428571,1
0.0,0.02311577311577312,0.007262533197809765,0.7898517449488323,0.3125,0.0,0.8571428571428571,1
0.0,0.024475524475524476,0.007262533197809765,0.7930989241668852,0.3125,0.0,0.8571428571428571,1
0.0,0.023245273245273246,0.007262533197809765,0.796411702965101,0.3125,0.0,0.8571428571428571,1
0.0,0.023763273763273765,0.007262533197809765,0.7996916819732353,0.3125,0.0,0.8571428571428571,1
0.0,0.022953897953897955,0.007262533197809765,0.8029716609813696,0.3125,0.0,0.8571428571428571,1
0.0,0.023763273763273765,0.007262533197809765,0.806251639989504,0.3125,0.0,0.8571428571428571,1
0.0,0.023730898730898734,0.007262533197809765,0.8095316189976384,0.3125,0.0,0.8571428571428571,1
0.0,0.023633773633773635,0.007262533197809765,0.8128115980057726,0.3125,0.0,0.8571428571428571,1
0.0,0.02311577311577312,0.007262533197809765,0.816091577013907,0.3125,0.0,0.8571428571428571,1
0.0,0.023795648795648796,0.007262533197809765,0.8193715560220414,0.3125,0.0,0.8571428571428571,1
0.0,0.023245273245273246,0.007262533197809765,0.8226515350301757,0.3125,0.0,0.8571428571428571,1
0.0,0.02327764827764828,0.007262533197809765,0.8259315140383101,0.3125,0.0,0.8571428571428571,1
0.0,0.023342398342398346,0.007262533197809765,0.8292770926266071,0.3125,0.0,0.8571428571428571,1
0.0,0.023892773892773896,0.007262533197809765,0.8325570716347415,0.3125,0.0,0.8571428571428571,1
0.0,0.022727272727272728,0.007262533197809765,0.8358370506428758,0.3125,0.0,0.8571428571428571,1
0.0,0.02450789950789951,0.007262533197809765,0.8391170296510102,0.3125,0.0,0.8571428571428571,1
0.0,0.022565397565397566,0.007262533197809765,0.8423970086591445,0.3125,0.0,0.8571428571428571,1
0.0,0.02327764827764828,0.007262533197809765,0.8456769876672788,0.3125,0.0,0.8571428571428571,1
0.0,0.023245273245273246,0.007262533197809765,0.8489569666754132,0.3125,0.0,0.8571428571428571,1
0.0,0.023892773892773896,0.007262533197809765,0.8522369456835476,0.3125,0.0,0.8571428571428571,1
0.0,0.02314814814814815,0.007262533197809765,0.855516924691682,0.3125,0.0,0.8571428571428571,1
0.0,0.023471898471898473,0.007262533197809765,0.8587969036998162,0.3125,0.0,0.8571428571428571,1
0.0,0.023633773633773635,0.007262533197809765,0.8620768827079506,0.3125,0.0,0.8571428571428571,1
0.0,0.023342398342398346,0.007262533197809765,0.865356861716085,0.3125,0.0,0.8571428571428571,1
0.0,0.02110852110852111,0.007262533197809765,0.8686368407242193,0.3125,0.0,0.8571428571428571,1
0.0,0.023730898730898734,0.007262533197809765,0.8719168197323536,0.3125,0.0,0.8571428571428571,1
0.0,0.0236985236985237,0.007262533197809765,0.875196798740488,0.3125,0.0,0.8571428571428571,1
0.0,0.02450789950789951,0.007262533197809765,0.8784767777486223,0.3125,0.0,0.8571428571428571,1
0.0,0.024119399119399122,0.007262533197809765,0.8817567567567567,0.3125,0.0,0.8571428571428571,1
0.0,0.024022274022274023,0.007262533197809765,0.8851351351351351,0.3125,0.0,0.8571428571428571,1
0.0,0.024281274281274284,0.007262533197809765,0.8884151141432693,0.3125,0.0,0.8571428571428571,1
0.0,0.022662522662522666,0.007262533197809765,0.8918262923117292,0.3125,0.0,0.8571428571428571,1
0.0,0.02395752395752396,0.007262533197809765,0.8951062713198634,0.3125,0.0,0.8571428571428571,1
0.0,0.024410774410774414,0.007262533197809765,0.8983862503279978,0.3125,0.0,0.8571428571428571,1
0.0,0.022759647759647762,0.007262533197809765,0.9016662293361322,0.3125,0.0,0.8571428571428571,1
0.0,0.024184149184149187,0.007262533197809765,0.9049462083442665,0.3125,0.0,0.8571428571428571,1
0.0,0.02314814814814815,0.007262533197809765,0.9082261873524009,0.3125,0.0,0.8571428571428571,1
0.0,0.023892773892773896,0.007262533197809765,0.9115061663605352,0.3125,0.0,0.8571428571428571,1
0.0,0.023212898212898216,0.007262533197809765,0.9147861453686695,0.3125,0.0,0.8571428571428571,1
0.0,0.023439523439523442,0.007262533197809765,0.9180661243768039,0.3125,0.0,0.8571428571428571,1
0.0,0.023730898730898734,0.007262533197809765,0.9214117029651009,0.3125,0.0,0.8571428571428571,1
0.0,0.023633773633773635,0.007262533197809765,0.9247244817633167,0.3125,0.0,0.8571428571428571,1
0.0,0.022889147889147893,0.007262533197809765,0.9280044607714509,0.3125,0.0,0.8571428571428571,1
0.0,0.024151774151774153,0.007262533197809765,0.9312844397795853,0.3125,0.0,0.8571428571428571,1
0.0,0.023439523439523442,0.007262533197809765,0.9345644187877197,0.3125,0.0,0.8571428571428571,1
0.0,0.023601398601398604,0.007262533197809765,0.9379099973760167,0.3125,0.0,0.8571428571428571,1
0.0,0.024087024087024088,0.007262533197809765,0.941189976384151,0.3125,0.0,0.8571428571428571,1
0.0,0.023730898730898734,0.007262533197809765,0.9444699553922854,0.3125,0.0,0.8571428571428571,1
0.0,0.02398989898989899,0.007262533197809765,0.9477499344004198,0.3125,0.0,0.8571428571428571,1
0.0,0.023374773374773377,0.007262533197809765,0.9510299134085541,0.3125,0.0,0.8571428571428571,1
0.0,0.02298627298627299,0.007262533197809765,0.9543098924166884,0.3125,0.0,0.8571428571428571,1
0.0,0.022630147630147632,0.007262533197809765,0.9575898714248228,0.3125,0.0,0.8571428571428571,1
0.0,0.023245273245273246,0.007262533197809765,0.9608698504329571,0.3125,0.0,0.8571428571428571,1
0.0,0.022953897953897955,0.007262533197809765,0.9641498294410915,0.3125,0.0,0.8571428571428571,1
0.0,0.02298627298627299,0.007262533197809765,0.9674298084492259,0.3125,0.0,0.8571428571428571,1
0.0,0.023601398601398604,0.007262533197809765,0.9707097874573601,0.3125,0.0,0.8571428571428571,1
0.0,0.023374773374773377,0.007262533197809765,0.9739897664654945,0.3125,0.0,0.8571428571428571,1
0.0,0.023633773633773635,0.007262533197809765,0.9772697454736289,0.3125,0.0,0.8571428571428571,1
0.0,0.023310023310023312,0.007262533197809765,0.9805497244817633,0.3125,0.0,0.8571428571428571,1
0.0,0.02356902356902357,0.007262533197809765,0.9838297034898976,0.3125,0.0,0.8571428571428571,1
0.0,0.023342398342398346,0.007262533197809765,0.9871752820781946,0.3125,0.0,0.8571428571428571,1
0.0,0.023633773633773635,0.007262533197809765,0.990455261086329,0.3125,0.0,0.8571428571428571,1
0.0,0.023374773374773377,0.007262533197809765,0.9937352400944633,0.3125,0.0,0.8571428571428571,1
0.0,0.023374773374773377,0.007262533197809765,0.9970152191025976,0.3125,0.0,0.8571428571428571,1
0.0,0.023083398083398085,0.007262533197809765,0.5372933613224875,0.3125,0.0,0.8571428571428571,1
0.0,0.02311577311577312,0.007262533197809765,0.5405733403306218,0.3125,0.0,0.8571428571428571,1
0.0,0.023407148407148408,0.007262533197809765,0.5438533193387561,0.3125,0.0,0.8571428571428571,1
0.0,0.02356902356902357,0.007262533197809765,0.5471332983468905,0.3125,0.0,0.8571428571428571,1
0.0,0.023633773633773635,0.007262533197809765,0.5504132773550249,0.3125,0.0,0.8571428571428571,1
0.0,0.023245273245273246,0.007262533197809765,0.5536932563631592,0.3125,0.0,0.8571428571428571,1
0.0,0.023245273245273246,0.007262533197809765,0.5569732353712935,0.3125,0.0,0.8571428571428571,1
0.0,0.023342398342398346,0.007262533197809765,0.5602532143794279,0.3125,0.0,0.8571428571428571,1
0.0,0.02434602434602435,0.007262533197809765,0.5635331933875622,0.3125,0.0,0.8571428571428571,1
0.0,0.024831649831649833,0.007262533197809765,0.5668131723956966,0.3125,0.0,0.8571428571428571,1
0.0,0.024151774151774153,0.007262533197809765,0.570093151403831,0.3125,0.0,0.8571428571428571,1
0.0,0.023471898471898473,0.007262533197809765,0.5733731304119652,0.3125,0.0,0.8571428571428571,1
0.0,0.023892773892773896,0.007262533197809765,0.576685909210181,0.3125,0.0,0.8571428571428571,1
0.0,0.02318052318052318,0.007262533197809765,0.5799986880083967,0.3125,0.0,0.8571428571428571,1
0.0,0.022694897694897697,0.007262533197809765,0.5832786670165311,0.3125,0.0,0.8571428571428571,1
0.0,0.023504273504273508,0.007262533197809765,0.5865586460246653,0.3125,0.0,0.8571428571428571,1
0.0,0.022792022792022793,0.007262533197809765,0.5898386250327997,0.3125,0.0,0.8571428571428571,1
0.0,0.0225006475006475,0.007262533197809765,0.5931186040409341,0.3125,0.0,0.8571428571428571,1
0.0,0.02327764827764828,0.007262533197809765,0.5963985830490685,0.3125,0.0,0.8571428571428571,1
0.0,0.022792022792022793,0.007262533197809765,0.5996785620572027,0.3125,0.0,0.8571428571428571,1
0.0,0.023795648795648796,0.007262533197809765,0.6029585410653371,0.3125,0.0,0.8571428571428571,1
0.0,0.022694897694897697,0.007262533197809765,0.6062385200734715,0.3125,0.0,0.8571428571428571,1
0.0,0.02311577311577312,0.007262533197809765,0.6095184990816058,0.3125,0.0,0.8571428571428571,1
0.0,0.02298627298627299,0.007262533197809765,0.6127984780897402,0.3125,0.0,0.8571428571428571,1
0.0,0.023439523439523442,0.007262533197809765,0.6160784570978745,0.3125,0.0,0.8571428571428571,1
0.0,0.023601398601398604,0.007262533197809765,0.6193584361060088,0.3125,0.0,0.8571428571428571,1
0.0,0.024475524475524476,0.007262533197809765,0.6226384151141432,0.3125,0.0,0.8571428571428571,1
0.0,0.0236985236985237,0.007262533197809765,0.6259183941222776,0.3125,0.0,0.8571428571428571,1
0.0,0.023763273763273765,0.007262533197809765,0.6292639727105745,0.3125,0.0,0.8571428571428571,1
0.0,0.02366614866614867,0.007262533197809765,0.6325439517187089,0.3125,0.0,0.8571428571428571,1
0.0,0.024022274022274023,0.007262533197809765,0.6358239307268433,0.3125,0.0,0.8571428571428571,1
0.0,0.02382802382802383,0.007262533197809765,0.6391039097349777,0.3125,0.0,0.8571428571428571,1
0.0,0.024702149702149703,0.007262533197809765,0.642383888743112,0.3125,0.0,0.8571428571428571,1
0.0,0.024443149443149445,0.007262533197809765,0.6456638677512463,0.3125,0.0,0.8571428571428571,1
0.0,0.023310023310023312,0.007262533197809765,0.6489438467593807,0.3125,0.0,0.8571428571428571,1
0.0,0.02386039886039886,0.007262533197809765,0.652223825767515,0.3125,0.0,0.8571428571428571,1
0.0,0.023342398342398346,0.007262533197809765,0.6555038047756494,0.3125,0.0,0.8571428571428571,1
0.0,0.02327764827764828,0.007262533197809765,0.6587837837837837,0.3125,0.0,0.8571428571428571,1
0.0,0.023245273245273246,0.007262533197809765,0.6620965625819994,0.3125,0.0,0.8571428571428571,1
0.0,0.022015022015022017,0.007262533197809765,0.6654093413802151,0.3125,0.0,0.8571428571428571,1
0.0,0.02434602434602435,0.007262533197809765,0.6686893203883495,0.3125,0.0,0.8571428571428571,1
0.0,0.024184149184149187,0.007262533197809765,0.6719692993964838,0.3125,0.0,0.8571428571428571,1
0.0,0.024410774410774414,0.007262533197809765,0.6753148779847808,0.3125,0.0,0.8571428571428571,1
0.0,0.02398989898989899,0.007262533197809765,0.6785948569929152,0.3125,0.0,0.8571428571428571,1
0.0,0.022921522921522924,0.007262533197809765,0.6818748360010495,0.3125,0.0,0.8571428571428571,1
0.0,0.023310023310023312,0.007262533197809765,0.6851548150091838,0.3125,0.0,0.8571428571428571,1
0.0,0.023083398083398085,0.007262533197809765,0.6884347940173182,0.3125,0.0,0.8571428571428571,1
0.0,0.02327764827764828,0.007262533197809765,0.6917475728155339,0.3125,0.0,0.8571428571428571,1
0.0,0.023892773892773896,0.007262533197809765,0.6950275518236683,0.3125,0.0,0.8571428571428571,1
0.0,0.023439523439523442,0.007262533197809765,0.6983075308318026,0.3125,0.0,0.8571428571428571,1
0.0,0.023763273763273765,0.007262533197809765,0.701587509839937,0.3125,0.0,0.8571428571428571,1
0.0,0.024831649831649833,0.007262533197809765,0.7048674888480713,0.3125,0.0,0.8571428571428571,1
0.0,0.024443149443149445,0.007262533197809765,0.7081474678562056,0.3125,0.0,0.8571428571428571,1
0.0,0.02466977466977467,0.007262533197809765,0.71142744686434,0.3125,0.0,0.8571428571428571,1
0.0,0.02382802382802383,0.007262533197809765,0.7147074258724744,0.3125,0.0,0.8571428571428571,1
0.0,0.021399896399896402,0.007262533197809765,0.7179874048806086,0.3125,0.0,0.8571428571428571,1
0.0,0.02165889665889666,0.007262533197809765,0.7213001836788244,0.3125,0.0,0.8571428571428571,1
0.0,0.023795648795648796,0.007262533197809765,0.7246129624770401,0.3125,0.0,0.8571428571428571,1
0.0,0.023601398601398604,0.007262533197809765,0.7278929414851745,0.3125,0.0,0.8571428571428571,1
0.0,0.023504273504273508,0.007262533197809765,0.7311729204933087,0.3125,0.0,0.8571428571428571,1
0.0,0.02356902356902357,0.007262533197809765,0.7344528995014431,0.3125,0.0,0.8571428571428571,1
0.0,0.02366614866614867,0.007262533197809765,0.7377328785095775,0.3125,0.0,0.8571428571428571,1
0.0,0.02298627298627299,0.007262533197809765,0.7410128575177118,0.3125,0.0,0.8571428571428571,1
0.0,0.023633773633773635,0.007262533197809765,0.7442928365258462,0.3125,0.0,0.8571428571428571,1
0.0,0.02366614866614867,0.007262533197809765,0.7475728155339805,0.3125,0.0,0.8571428571428571,1
0.0,0.023763273763273765,0.007262533197809765,0.7508527945421148,0.3125,0.0,0.8571428571428571,1
0.0,0.02356902356902357,0.007262533197809765,0.7541327735502492,0.3125,0.0,0.8571428571428571,1
0.0,0.023633773633773635,0.007262533197809765,0.7573799527683022,0.3125,0.0,0.8571428571428571,1
0.0,0.023601398601398604,0.007262533197809765,0.7606927315665178,0.3125,0.0,0.8571428571428571,1
0.0,0.0236985236985237,0.007262533197809765,0.7639727105746522,0.3125,0.0,0.8571428571428571,1
0.0,0.0236985236985237,0.007262533197809765,0.7672526895827866,0.3125,0.0,0.8571428571428571,1
0.0,0.02382802382802383,0.007262533197809765,0.770532668590921,0.3125,0.0,0.8571428571428571,1
0.0,0.023374773374773377,0.007262533197809765,0.7738782471792179,0.3125,0.0,0.8571428571428571,1
0.0,0.021270396270396272,0.007262533197809765,0.7771582261873523,0.3125,0.0,0.8571428571428571,1
0.0,0.024799274799274802,0.007262533197809765,0.7804382051954867,0.3125,0.0,0.8571428571428571,1
0.0,0.02366614866614867,0.007262533197809765,0.783718184203621,0.3125,0.0,0.8571428571428571,1
0.0,0.02382802382802383,0.007262533197809765,0.7869981632117554,0.3125,0.0,0.8571428571428571,1
0.0,0.024087024087024088,0.007262533197809765,0.7902781422198897,0.3125,0.0,0.8571428571428571,1
0.0,0.0236985236985237,0.007262533197809765,0.793558121228024,0.3125,0.0,0.8571428571428571,1
0.0,0.024184149184149187,0.007262533197809765,0.7968381002361584,0.3125,0.0,0.8571428571428571,1
0.0,0.02454027454027454,0.007262533197809765,0.8001180792442928,0.3125,0.0,0.8571428571428571,1
0.0,0.024993524993524995,0.007262533197809765,0.8033980582524272,0.3125,0.0,0.8571428571428571,1
0.0,0.024864024864024867,0.007262533197809765,0.8066780372605614,0.3125,0.0,0.8571428571428571,1
0.0,0.024605024605024606,0.007262533197809765,0.8099580162686958,0.3125,0.0,0.8571428571428571,1
0.0,0.023083398083398085,0.007262533197809765,0.8132379952768302,0.3125,0.0,0.8571428571428571,1
0.0,0.024443149443149445,0.007262533197809765,0.8165179742849645,0.3125,0.0,0.8571428571428571,1
0.0,0.023471898471898473,0.007262533197809765,0.8198635528732615,0.3125,0.0,0.8571428571428571,1
0.0,0.02311577311577312,0.007262533197809765,0.8231435318813959,0.3125,0.0,0.8571428571428571,1
0.0,0.023504273504273508,0.007262533197809765,0.8264235108895303,0.3125,0.0,0.8571428571428571,1
0.0,0.0248963998963999,0.007262533197809765,0.8296706901075832,0.3125,0.0,0.8571428571428571,1
0.0,0.02454027454027454,0.007262533197809765,0.8329506691157176,0.3125,0.0,0.8571428571428571,1
0.0,0.024766899766899768,0.007262533197809765,0.836230648123852,0.3125,0.0,0.8571428571428571,1
0.0,0.024734524734524737,0.007262533197809765,0.8395434269220676,0.3125,0.0,0.8571428571428571,1
0.0,0.024799274799274802,0.007262533197809765,0.842823405930202,0.3125,0.0,0.8571428571428571,1
0.0,0.024151774151774153,0.007262533197809765,0.8461033849383364,0.3125,0.0,0.8571428571428571,1
0.0,0.02421652421652422,0.007262533197809765,0.8493833639464706,0.3125,0.0,0.8571428571428571,1
0.0,0.025284900284900286,0.007262533197809765,0.8527289425347677,0.3125,0.0,0.8571428571428571,1
0.0,0.024443149443149445,0.007262533197809765,0.8560089215429021,0.3125,0.0,0.8571428571428571,1
0.0,0.023892773892773896,0.007262533197809765,0.8592889005510363,0.3125,0.0,0.8571428571428571,1
0.0,0.02421652421652422,0.007262533197809765,0.8625688795591707,0.3125,0.0,0.8571428571428571,1
0.0,0.024151774151774153,0.007262533197809765,0.8658816583573864,0.3125,0.0,0.8571428571428571,1
0.0,0.024054649054649057,0.007262533197809765,0.8691944371556021,0.3125,0.0,0.8571428571428571,1
0.0,0.024119399119399122,0.007262533197809765,0.8724744161637364,0.3125,0.0,0.8571428571428571,1
0.0,0.024410774410774414,0.007262533197809765,0.8757215953817895,0.3125,0.0,0.8571428571428571,1
0.0,0.025479150479150482,0.007262533197809765,0.8790343741800052,0.3125,0.0,0.8571428571428571,1
0.0,0.02466977466977467,0.007262533197809765,0.8823143531881396,0.3125,0.0,0.8571428571428571,1
0.0,0.023795648795648796,0.007262533197809765,0.8855943321962738,0.3125,0.0,0.8571428571428571,1
0.0,0.02395752395752396,0.007262533197809765,0.8888743112044082,0.3125,0.0,0.8571428571428571,1
0.0,0.02437839937839938,0.007262533197809765,0.8921542902125426,0.3125,0.0,0.8571428571428571,1
0.0,0.024022274022274023,0.007262533197809765,0.8954342692206769,0.3125,0.0,0.8571428571428571,1
0.0,0.025090650090650094,0.007262533197809765,0.8987142482288113,0.3125,0.0,0.8571428571428571,1
0.0,0.024605024605024606,0.007262533197809765,0.9019942272369456,0.3125,0.0,0.8571428571428571,1
0.0,0.024151774151774153,0.007262533197809765,0.9052742062450799,0.3125,0.0,0.8571428571428571,1
0.0,0.02246827246827247,0.007262533197809765,0.9085541852532143,0.3125,0.0,0.8571428571428571,1
0.0,0.024766899766899768,0.007262533197809765,0.9118341642613487,0.3125,0.0,0.8571428571428571,1
0.0,0.025479150479150482,0.007262533197809765,0.915114143269483,0.3125,0.0,0.8571428571428571,1
0.0,0.024281274281274284,0.007262533197809765,0.9184925216478613,0.3125,0.0,0.8571428571428571,1
0.0,0.02454027454027454,0.007262533197809765,0.9217725006559957,0.3125,0.0,0.8571428571428571,1
0.0,0.02463739963739964,0.007262533197809765,0.9251836788244554,0.3125,0.0,0.8571428571428571,1
0.0,0.02450789950789951,0.007262533197809765,0.9284636578325898,0.3125,0.0,0.8571428571428571,1
0.0,0.02434602434602435,0.007262533197809765,0.9317436368407241,0.3125,0.0,0.8571428571428571,1
0.53125,0.10181947681947683,0.0003606675628709138,0.7970348989766465,0.3125,0.0,0.9285714285714285,1
0.5625,0.09016446516446518,0.7971081019049805,0.0,0.3125,0.0,0.9285714285714285,1
1.0,0.08171458171458172,0.7971081019049805,0.0,0.3125,0.08333333333333333,0.8928571428571428,1
0.71875,0.1061901061901062,0.0003606675628709138,0.7970348989766465,0.3125,0.08333333333333333,0.8928571428571428,1
0.21875,0.019166019166019167,0.8352404996885144,0.0,0.3125,0.041666666666666664,0.8928571428571428,1
0.53125,0.08848096348096349,0.8352404996885144,0.0,0.3125,0.0,0.9285714285714285,1
0.15625,0.016835016835016838,0.0003606675628709138,0.8351810548412489,0.3125,0.041666666666666664,0.8928571428571428,1
0.53125,0.10181947681947683,0.0003606675628709138,0.8351810548412489,0.3125,0.0,0.9285714285714285,1
0.53125,0.08848096348096349,0.8353716515295584,0.0,0.3125,0.0,0.9285714285714285,1
0.40625,0.0950854700854701,0.0003606675628709138,0.8353122540015743,0.3125,0.0,0.9285714285714285,1
0.21875,0.019166019166019167,0.8353716515295584,0.0,0.3125,0.041666666666666664,0.8928571428571428,1
0.09375,0.011784511784511786,0.0003606675628709138,0.8353122540015743,0.3125,0.041666666666666664,0.8928571428571428,1
0.0,0.0006475006475006476,0.715597232696154,0.006904355812122802,0.3125,0.0,0.07142857142857142,1
0.0,0.0006475006475006476,0.7188760287222532,0.006904355812122802,0.3125,0.0,0.07142857142857142,1
0.0,0.001554001554001554,0.0,0.02064746785620572,0.0,1.0,0.0,1
0.0,0.0006475006475006476,0.007262533197809765,0.7220545788506952,0.3125,0.0,0.6428571428571428,1
0.0,0.0006475006475006476,0.7254336207744516,0.006904355812122802,0.3125,0.0,0.07142857142857142,1
0.0,0.0003885003885003885,0.7287124168005509,0.006904355812122802,0.3125,0.0,0.5714285714285714,1
0.0,0.0003885003885003885,0.73199121282665,0.006904355812122802,0.3125,0.0,0.5714285714285714,1
0.0,0.0003885003885003885,0.7352700088527493,0.006904355812122802,0.3125,0.0,0.5714285714285714,1
0.0,0.0006475006475006476,0.7385488048788486,0.006904355812122802,0.3125,0.0,0.07142857142857142,1
0.0,0.0003885003885003885,0.7418276009049477,0.006904355812122802,0.3125,0.0,0.5714285714285714,1
0.0,0.0006475006475006476,0.745106396931047,0.006904355812122802,0.3125,0.0,0.07142857142857142,1
0.0,0.0003885003885003885,0.7483851929571461,0.006904355812122802,0.3125,0.0,0.5714285714285714,1
0.0,0.0003885003885003885,0.7516639889832454,0.006904355812122802,0.3125,0.0,0.5714285714285714,1
0.0,0.0003885003885003885,0.7549427850093446,0.006904355812122802,0.3125,0.0,0.5714285714285714,1
0.0,0.0003885003885003885,0.7582215810354438,0.006904355812122802,0.3125,0.0,0.5714285714285714,1
0.0,0.0003885003885003885,0.761434801141021,0.006904355812122802,0.3125,0.0,0.5714285714285714,1
0.0,0.015442890442890444,0.7648119610479033,0.006904355812122802,0.3125,0.0,0.8571428571428571,1
0.0,0.016090391090391093,0.7680907570740024,0.006904355812122802,0.3125,0.0,0.8571428571428571,1
0.0,0.0003885003885003885,0.9254401783665038,0.0009511939123589609,0.3125,0.0,0.5714285714285714,1
0.0,0.0003885003885003885,0.928751762352864,0.0009511939123589609,0.3125,0.0,0.5714285714285714,1
0.0,0.0003885003885003885,0.9320305583789633,0.0009511939123589609,0.3125,0.0,0.5714285714285714,1
0.0,0.0003885003885003885,0.9353093544050625,0.0009511939123589609,0.3125,0.0,0.5714285714285714,1
0.0,0.0003885003885003885,0.9385881504311617,0.0009511939123589609,0.3125,0.0,0.6071428571428571,1
0.0,0.0003885003885003885,0.941801370536739,0.0009511939123589609,0.3125,0.0,0.6071428571428571,1
0.0,0.0003885003885003885,0.9451785304436211,0.0009511939123589609,0.3125,0.0,0.5714285714285714,1
0.0,0.0003885003885003885,0.9484901144299813,0.0009511939123589609,0.3125,0.0,0.5714285714285714,1
0.0,0.0003885003885003885,0.9517689104560806,0.0009511939123589609,0.3125,0.0,0.5714285714285714,1
0.0,0.0006475006475006476,0.0013115184104396866,0.9550642875885593,0.3125,0.0,0.6428571428571428,1
0.0,0.0003885003885003885,0.958326502508279,0.0009511939123589609,0.3125,0.0,0.5714285714285714,1
0.0,0.0006475006475006476,0.0013115184104396866,0.9616570453949094,0.3125,0.0,0.6428571428571428,1
0.0,0.0006475006475006476,0.0013115184104396866,0.9649042246129624,0.3125,0.0,0.6428571428571428,1
0.0,0.0003885003885003885,0.9681628905865767,0.0009511939123589609,0.3125,0.0,0.5714285714285714,1
0.0,0.0003885003885003885,0.9715072625331979,0.0009511939123589609,0.3125,0.0,0.5714285714285714,1
0.0,0.0003885003885003885,0.0013115184104396866,0.9747441616373654,0.3125,0.0,0.6071428571428571,1
0.0,0.0003885003885003885,0.007262533197809765,0.6978483337706638,0.3125,0.0,0.5714285714285714,1
0.0,0.0003885003885003885,0.7012361061018394,0.006904355812122802,0.3125,0.0,0.5714285714285714,1
0.0,0.0003885003885003885,0.7045149021279387,0.006904355812122802,0.3125,0.0,0.5714285714285714,1
0.0,0.0003885003885003885,0.7077936981540378,0.006904355812122802,0.3125,0.0,0.5714285714285714,1
0.0,0.0003885003885003885,0.7110724941801371,0.006904355812122802,0.3125,0.0,0.5714285714285714,1
0.0,0.0003885003885003885,0.007262533197809765,0.7142482288113355,0.3125,0.0,0.5714285714285714,1
0.0,0.0003885003885003885,0.007262533197809765,0.7174954080293885,0.3125,0.0,0.5714285714285714,1
0.0,0.0003885003885003885,0.007262533197809765,0.7207425872474416,0.3125,0.0,0.5714285714285714,1
0.0,0.0006475006475006476,0.007262533197809765,0.7240881658357385,0.3125,0.0,0.6428571428571428,1
0.0,0.0003885003885003885,0.7274008983901111,0.006904355812122802,0.3125,0.0,0.6071428571428571,1
0.0,0.0003885003885003885,0.7307124823764714,0.006904355812122802,0.3125,0.0,0.6071428571428571,1
0.0,0.001554001554001554,0.0,0.02064746785620572,0.0,1.0,0.0,1
0.0,0.0006475006475006476,0.007262533197809765,0.7339281028601417,0.3125,0.0,0.6428571428571428,1
0.0,0.013921263921263922,0.7373028623889308,0.006904355812122802,0.3125,0.0,0.8571428571428571,1
0.0,0.013727013727013728,0.74058165841503,0.006904355812122802,0.3125,0.0,0.8571428571428571,1
0.0,0.0003885003885003885,0.007262533197809765,0.7437352400944633,0.3125,0.0,0.5714285714285714,1
0.0,0.0003885003885003885,0.007262533197809765,0.7470152191025977,0.3125,0.0,0.5714285714285714,1
0.0,0.0003885003885003885,0.8764549657365815,0.006904355812122802,0.3125,0.0,0.5714285714285714,1
0.0,0.0003885003885003885,0.8797337617626808,0.006904355812122802,0.3125,0.0,0.5714285714285714,1
0.0,0.0003885003885003885,0.007262533197809765,0.6885331933875622,0.3125,0.0,0.5714285714285714,1
0.0,0.0003885003885003885,0.8862913538148792,0.006904355812122802,0.3125,0.0,0.5714285714285714,1
0.0,0.0003885003885003885,0.8895701498409784,0.006904355812122802,0.3125,0.0,0.5714285714285714,1
0.0,0.0003885003885003885,0.007262533197809765,0.892777486224088,0.3125,0.0,0.5714285714285714,1
0.0,0.0003885003885003885,0.8961277418931769,0.006904355812122802,0.3125,0.0,0.5714285714285714,1
0.0,0.0012950012950012951,0.0,0.02064746785620572,0.0,1.0,0.0,1
0.0,0.0003885003885003885,0.007262533197809765,0.899271844660194,0.3125,0.0,0.6071428571428571,1
0.0,0.0003885003885003885,0.007262533197809765,0.9026502230385725,0.3125,0.0,0.5714285714285714,1
0.0,0.0003885003885003885,0.007262533197809765,0.711525846234584,0.3125,0.0,0.5714285714285714,1
0.0,0.0003885003885003885,0.7148431096101512,0.006904355812122802,0.3125,0.0,0.6071428571428571,1
0.0,0.0006475006475006476,0.912554509983934,0.006904355812122802,0.3125,0.0,0.07142857142857142,1
0.0,0.0003885003885003885,0.7213351257418277,0.006904355812122802,0.3125,0.0,0.6071428571428571,1
0.0,0.03360528360528361,0.9190465261156103,0.006904355812122802,0.3125,0.0,0.8571428571428571,1
0.0,0.0006475006475006476,0.007262533197809765,0.7280897402256625,0.3125,0.0,0.6428571428571428,1
0.0,0.0003885003885003885,0.7314666054624742,0.006904355812122802,0.3125,0.0,0.5714285714285714,1
0.0,0.0003885003885003885,0.007262533197809765,0.7345840986617684,0.3125,0.0,0.6071428571428571,1
0.0,0.0003885003885003885,0.7380241975146726,0.006904355812122802,0.3125,0.0,0.5714285714285714,1
0.0,0.0003885003885003885,0.7413029935407719,0.006904355812122802,0.3125,0.0,0.5714285714285714,1
0.0,0.0006475006475006476,0.007262533197809765,0.7444896352663343,0.3125,0.0,0.6428571428571428,1
0.0,0.0003885003885003885,0.007262533197809765,0.7477368144843872,0.3125,0.0,0.6071428571428571,1
0.0,0.0003885003885003885,0.007262533197809765,0.7509839937024402,0.3125,0.0,0.6071428571428571,1
0.0,0.014439264439264441,0.7544509656054297,0.006904355812122802,0.3125,0.0,0.8571428571428571,1
0.0,0.0006475006475006476,0.007262533197809765,0.757642351088953,0.3125,0.0,0.6428571428571428,1
0.09375,0.009842009842009843,0.0,0.02064746785620572,0.0,1.0,0.0,1
0.0,0.0006475006475006476,0.0013115184104396866,0.6463198635528732,0.3125,0.0,0.6428571428571428,1
0.125,0.012691012691012693,0.0,0.02064746785620572,0.0,1.0,0.0,1
0.0,0.02107614607614608,0.6497262205318207,0.0009511939123589609,0.3125,0.0,0.8571428571428571,1
0.0,0.0006475006475006476,0.0013115184104396866,0.706933875623196,0.3125,0.0,0.6428571428571428,1
0.0,0.0003885003885003885,0.7101872192530903,0.0009511939123589609,0.3125,0.0,0.5714285714285714,1
0.0,0.0003885003885003885,0.0013115184104396866,0.659374180005248,0.3125,0.0,0.5714285714285714,1
0.0,0.0003885003885003885,0.0013115184104396866,0.7166098136971922,0.3125,0.0,0.5714285714285714,1
0.0,0.0003885003885003885,0.72008918325191,0.0009511939123589609,0.3125,0.0,0.5714285714285714,1
0.0,0.0003885003885003885,0.0013115184104396866,0.723268171083705,0.3125,0.0,0.5714285714285714,1
0.0,0.0003885003885003885,0.7266467753041084,0.0009511939123589609,0.3125,0.0,0.5714285714285714,1
0.0,0.0003885003885003885,0.0013115184104396866,0.6756756756756757,0.3125,0.0,0.5714285714285714,1
0.0,0.0003885003885003885,0.6792025968064527,0.0009511939123589609,0.3125,0.0,0.5714285714285714,1
0.0,0.0003885003885003885,0.0013115184104396866,0.6822684334820256,0.3125,0.0,0.5714285714285714,1
0.0,0.0003885003885003885,0.0013115184104396866,0.685646811860404,0.3125,0.0,0.5714285714285714,1
0.0,0.0003885003885003885,0.0013115184104396866,0.7428824455523484,0.3125,0.0,0.6071428571428571,1
0.0,0.0006475006475006476,0.7463523394209647,0.0009511939123589609,0.3125,0.0,0.07142857142857142,1
0.0,0.0006475006475006476,0.7496311354470638,0.0009511939123589609,0.3125,0.0,0.07142857142857142,1
0.0,0.0003885003885003885,0.7529099314731631,0.0009511939123589609,0.3125,0.0,0.5714285714285714,1
0.0,0.0003885003885003885,0.0013115184104396866,0.7560351613749672,0.3125,0.0,0.6071428571428571,1
0.0,0.0003885003885003885,0.0013115184104396866,0.7593479401731829,0.3125,0.0,0.6071428571428571,1
0.0,0.0006475006475006476,0.7627463195514608,0.0009511939123589609,0.3125,0.0,0.07142857142857142,1
0.0,0.0006475006475006476,0.7660251155775599,0.0009511939123589609,0.3125,0.0,0.07142857142857142,1
0.0,0.0003885003885003885,0.7693039116036592,0.0009511939123589609,0.3125,0.0,0.5714285714285714,1
0.0,0.0003885003885003885,0.7725827076297583,0.0009511939123589609,0.3125,0.0,0.5714285714285714,1
0.0,0.0003885003885003885,0.7758287156955966,0.0009511939123589609,0.3125,0.0,0.6071428571428571,1
0.0,0.0003885003885003885,0.007262533197809765,0.9077341905011808,0.3125,0.0,0.5714285714285714,1
0.0,0.02327764827764828,0.9111446276927113,0.006904355812122802,0.3125,0.0,0.8571428571428571,1
0.0,0.0003885003885003885,0.007262533197809765,0.9143597480976121,0.3125,0.0,0.5714285714285714,1
0.0,0.0003885003885003885,0.0013115184104396866,0.8907438992390447,0.3125,0.0,0.5714285714285714,1
0.0,0.0003885003885003885,0.007262533197809765,0.9207885069535554,0.3125,0.0,0.6071428571428571,1
0.0,0.0003885003885003885,0.0013115184104396866,0.8975334557858828,0.3125,0.0,0.5714285714285714,1
0.0,0.0003885003885003885,0.9275058198629463,0.006904355812122802,0.3125,0.0,0.5714285714285714,1
0.0,0.0003885003885003885,0.007262533197809765,0.9306940435581211,0.3125,0.0,0.5714285714285714,1
0.0,0.0003885003885003885,0.9074068002229582,0.0009511939123589609,0.3125,0.0,0.5714285714285714,1
0.0,0.0003885003885003885,0.0013115184104396866,0.9106533718184203,0.3125,0.0,0.5714285714285714,1
0.0,0.016802641802641804,0.007262533197809765,0.9405011807924428,0.3125,0.0,0.8571428571428571,1
0.0,0.0003885003885003885,0.0013115184104396866,0.9171477302545263,0.3125,0.0,0.5714285714285714,1
0.0,0.0003885003885003885,0.920521984327355,0.0009511939123589609,0.3125,0.0,0.5714285714285714,1
0.0,0.0003885003885003885,0.007262533197809765,0.9503083180267645,0.3125,0.0,0.6071428571428571,1
0.0,0.0006475006475006476,0.9271123643398145,0.0009511939123589609,0.3125,0.0,0.07142857142857142,1
0.0,0.0003885003885003885,0.9303911603659136,0.0009511939123589609,0.3125,0.0,0.5714285714285714,1
0.0,0.0003885003885003885,0.9336699563920129,0.0009511939123589609,0.3125,0.0,0.5714285714285714,1
0.0,0.0003885003885003885,0.007262533197809765,0.8953358698504329,0.3125,0.0,0.5714285714285714,1
0.0,0.0003885003885003885,0.0013115184104396866,0.93994358436106,0.3125,0.0,0.5714285714285714,1
0.0,0.014601139601139602,0.9434407685497885,0.0009511939123589609,0.3125,0.0,0.8571428571428571,1
0.0,0.0003885003885003885,0.0013115184104396866,0.9465691419574914,0.3125,0.0,0.6071428571428571,1
0.0,0.0003885003885003885,0.9085215908718319,0.006904355812122802,0.3125,0.0,0.5714285714285714,1
0.0,0.0003885003885003885,0.9118003868979311,0.006904355812122802,0.3125,0.0,0.5714285714285714,1
0.0,0.0006475006475006476,0.9150791829240303,0.006904355812122802,0.3125,0.0,0.07142857142857142,1
0.0,0.01728826728826729,0.007262533197809765,0.9182957229073733,0.3125,0.0,0.8571428571428571,1
0.0,0.0003885003885003885,0.9216367749762288,0.006904355812122802,0.3125,0.0,0.5714285714285714,1
0.0,0.016932141932141934,0.007262533197809765,0.9247900813434793,0.3125,0.0,0.8571428571428571,1
0.0,0.0003885003885003885,0.9279320633463393,0.006904355812122802,0.3125,0.0,0.6071428571428571,1
0.0,0.0003885003885003885,0.9314731630545264,0.006904355812122802,0.3125,0.0,0.5714285714285714,1
0.0,0.02243589743589744,0.9346863831601037,0.006904355812122802,0.3125,0.0,0.8571428571428571,1
0.0,0.0003885003885003885,0.9379323912259419,0.006904355812122802,0.3125,0.0,0.6071428571428571,1
0.0,0.0003885003885003885,0.9825895931014133,0.0009511939123589609,0.3125,0.0,0.6071428571428571,1
0.0,0.0003885003885003885,0.5921505623135185,0.006904355812122802,0.3125,0.0,0.6071428571428571,1
0.0,0.0003885003885003885,0.0013115184104396866,0.9893072684334819,0.3125,0.0,0.6071428571428571,1
0.0,0.016705516705516708,0.0013115184104396866,0.9925872474416163,0.3125,0.0,0.8571428571428571,1
0.0,0.0006475006475006476,0.6023148299944261,0.006904355812122802,0.3125,0.0,0.07142857142857142,1
0.0,0.0003885003885003885,0.007262533197809765,0.6054185253214379,0.3125,0.0,0.6071428571428571,1
0.0,0.0003885003885003885,0.007262533197809765,0.6086985043295722,0.3125,0.0,0.5714285714285714,1
0.03125,0.0038850038850038854,0.0,0.02064746785620572,0.0,1.0,0.0,1
0.0,0.0003885003885003885,0.007262533197809765,0.6119784833377065,0.3125,0.0,0.6071428571428571,1
0.0,0.0003885003885003885,0.007262533197809765,0.6152584623458409,0.3125,0.0,0.5714285714285714,1
0.0,0.0003885003885003885,0.007262533197809765,0.6185384413539753,0.3125,0.0,0.6071428571428571,1
0.0,0.0003885003885003885,0.007262533197809765,0.6218184203621097,0.3125,0.0,0.5714285714285714,1
0.0,0.0003885003885003885,0.007262533197809765,0.6250983993702439,0.3125,0.0,0.5714285714285714,1
0.0,0.0003885003885003885,0.007262533197809765,0.6283783783783783,0.3125,0.0,0.5714285714285714,1
0.0,0.0003885003885003885,0.0013115184104396866,0.9233140907898189,0.3125,0.0,0.6071428571428571,1
0.09375,0.009324009324009326,0.0,0.02064746785620572,0.0,1.0,0.0,1
0.0,0.0003885003885003885,0.0013115184104396866,0.9265940697979532,0.3125,0.0,0.5714285714285714,1
0.0,0.014083139083139084,0.6382176464802125,0.006904355812122802,0.3125,0.0,0.8571428571428571,1
0.0,0.0006475006475006476,0.6416603823076167,0.006904355812122802,0.3125,0.0,0.07142857142857142,1
0.0,0.0006475006475006476,0.6449391783337158,0.006904355812122802,0.3125,0.0,0.07142857142857142,1
0.0,0.0003885003885003885,0.9397357290402965,0.0009511939123589609,0.3125,0.0,0.6071428571428571,1
0.0,0.0003885003885003885,0.9429489491458737,0.0009511939123589609,0.3125,0.0,0.6071428571428571,1
0.0,0.014180264180264182,0.007262533197809765,0.6546182104434531,0.3125,0.0,0.8571428571428571,1
0.0,0.013986013986013988,0.8261582346962196,0.0009511939123589609,0.3125,0.0,0.8571428571428571,1
0.0,0.0003885003885003885,0.9526869733433884,0.0009511939123589609,0.3125,0.0,0.6071428571428571,1
0.0,0.0003885003885003885,0.9562280730515755,0.0009511939123589609,0.3125,0.0,0.5714285714285714,1
0.0,0.015022015022015025,0.8568477655005082,0.0009511939123589609,0.3125,0.0,0.8571428571428571,1
0.0,0.014763014763014764,0.8600281976458245,0.0009511939123589609,0.3125,0.0,0.8571428571428571,1
0.0,0.01702926702926703,0.0013115184104396866,0.9660850170558908,0.3125,0.0,0.8571428571428571,1
0.0,0.0003885003885003885,0.9692448932751894,0.0009511939123589609,0.3125,0.0,0.5714285714285714,1
0.0,0.01715876715876716,0.0013115184104396866,0.9725793754919968,0.3125,0.0,0.8571428571428571,1
0.0,0.013791763791763794,0.0013115184104396866,0.8731632117554446,0.3125,0.0,0.8571428571428571,1
0.0,0.013986013986013988,0.0013115184104396866,0.8765087903437417,0.3125,0.0,0.8571428571428571,1
0.0,0.017612017612017614,0.0013115184104396866,0.8797559695617947,0.3125,0.0,0.8571428571428571,1
0.0,0.013727013727013728,0.0013115184104396866,0.8830687483600104,0.3125,0.0,0.8571428571428571,1
0.0,0.0006475006475006476,0.8864552936161841,0.0009511939123589609,0.3125,0.0,0.07142857142857142,1
0.0,0.0006475006475006476,0.8897013016820224,0.0009511939123589609,0.3125,0.0,0.07142857142857142,1
0.0,0.0003885003885003885,0.0013115184104396866,0.8929086853844135,0.3125,0.0,0.6071428571428571,1
0.0,0.0006475006475006476,0.8962916816944818,0.0009511939123589609,0.3125,0.0,0.07142857142857142,1
0.0,0.0006475006475006476,0.0013115184104396866,0.8995014431907635,0.3125,0.0,0.6428571428571428,1
0.0,0.013435638435638437,0.0013115184104396866,0.9027486224088165,0.3125,0.0,0.8571428571428571,1
0.0,0.01770914270914271,0.0013115184104396866,0.9060286014169509,0.3125,0.0,0.8571428571428571,1
0.0,0.0003885003885003885,0.9093740778386177,0.0009511939123589609,0.3125,0.0,0.5714285714285714,1
0.0,0.0003885003885003885,0.9126528738647169,0.0009511939123589609,0.3125,0.0,0.6071428571428571,1
0.0,0.0006475006475006476,0.007262533197809765,0.5532340593020204,0.3125,0.0,0.6428571428571428,1
0.0,0.0003885003885003885,0.556608413390603,0.006904355812122802,0.3125,0.0,0.6071428571428571,1
0.0,0.0006475006475006476,0.007262533197809765,0.5597940173182891,0.3125,0.0,0.6428571428571428,1
0.0,0.015378140378140379,0.5632315813633234,0.006904355812122802,0.3125,0.0,0.8571428571428571,1
0.0,0.015701890701890705,0.6709072428604217,0.0009511939123589609,0.3125,0.0,0.8571428571428571,1
0.0,0.0003885003885003885,0.6741204629659989,0.0009511939123589609,0.3125,0.0,0.6071428571428571,1
0.0,0.022727272727272728,0.6774648349126201,0.0009511939123589609,0.3125,0.0,0.8571428571428571,1
0.0,0.014374514374514376,0.5762811895471983,0.006904355812122802,0.3125,0.0,0.8571428571428571,1
0.03125,0.004144004144004143,0.0,0.02064746785620572,0.0,1.0,0.0,1
0.0,0.0006475006475006476,0.0013115184104396866,0.6839084229860928,0.3125,0.0,0.6428571428571428,1
0.0,0.030432530432530438,0.6873340109511787,0.0009511939123589609,0.3125,0.0,0.8571428571428571,1
0.0,0.0003885003885003885,0.5860847896652349,0.006904355812122802,0.3125,0.0,0.5714285714285714,1
0.0,0.0003885003885003885,0.5893307977310732,0.006904355812122802,0.3125,0.0,0.5714285714285714,1
0.0,0.0003885003885003885,0.6971048231089544,0.0009511939123589609,0.3125,0.0,0.5714285714285714,1
0.0,0.014374514374514376,0.5959539657037936,0.006904355812122802,0.3125,0.0,0.8571428571428571,1
0.0,0.0003885003885003885,0.007262533197809765,0.5990553660456572,0.3125,0.0,0.5714285714285714,1
0.0,0.017450142450142453,0.007262533197809765,0.6023681448438729,0.3125,0.0,0.8571428571428571,1
0.0,0.0003885003885003885,0.007262533197809765,0.6056481238520073,0.3125,0.0,0.5714285714285714,1
0.0,0.0003885003885003885,0.0013115184104396866,0.7133954342692206,0.3125,0.0,0.5714285714285714,1
0.0,0.0003885003885003885,0.7168431751860717,0.0009511939123589609,0.3125,0.0,0.5714285714285714,1
0.0,0.0003885003885003885,0.007262533197809765,0.6155208606664917,0.3125,0.0,0.5714285714285714,1
0.0,0.0003885003885003885,0.6189383258467491,0.006904355812122802,0.3125,0.0,0.5714285714285714,1
0.0,0.0003885003885003885,0.6222171218728483,0.006904355812122802,0.3125,0.0,0.5714285714285714,1
0.0,0.0003885003885003885,0.6256926456605135,0.006904355812122802,0.3125,0.0,0.5714285714285714,1
0.0,0.0003885003885003885,0.7335978228794386,0.0009511939123589609,0.3125,0.0,0.5714285714285714,1
0.0,0.0003885003885003885,0.6326436932358438,0.006904355812122802,0.3125,0.0,0.5714285714285714,1
0.0,0.0003885003885003885,0.007262533197809765,0.6360535292574127,0.3125,0.0,0.5714285714285714,1
0.0,0.0003885003885003885,0.0013115184104396866,0.743997638415114,0.3125,0.0,0.5714285714285714,1
0.0,0.0003885003885003885,0.0013115184104396866,0.7474088165835738,0.3125,0.0,0.6071428571428571,1
0.0,0.03629241129241129,0.7510082297780255,0.0009511939123589609,0.3125,0.0,0.8571428571428571,1
0.0,0.0006475006475006476,0.8233712580740352,0.006904355812122802,0.3125,0.0,0.07142857142857142,1
0.0,0.017061642061642065,0.007262533197809765,0.8265219102597743,0.3125,0.0,0.8571428571428571,1
0.0,0.017061642061642065,0.007262533197809765,0.8297690894778272,0.3125,0.0,0.8571428571428571,1
0.0,0.014342139342139345,0.0013115184104396866,0.6908619784833376,0.3125,0.0,0.8571428571428571,1
0.0,0.01757964257964258,0.0013115184104396866,0.694141957491472,0.3125,0.0,0.8571428571428571,1
0.0,0.0003885003885003885,0.007262533197809765,0.8395762267121489,0.3125,0.0,0.6071428571428571,1
0.0,0.0003885003885003885,0.007262533197809765,0.8429546050905273,0.3125,0.0,0.6071428571428571,1
0.0,0.014115514115514117,0.0013115184104396866,0.703883495145631,0.3125,0.0,0.8571428571428571,1
0.0,0.0003885003885003885,0.007262533197809765,0.8494489635266333,0.3125,0.0,0.6071428571428571,1
0.0,0.0003885003885003885,0.8529132102691892,0.006904355812122802,0.3125,0.0,0.5714285714285714,1
0.0,0.01430976430976431,0.0013115184104396866,0.7137890317501967,0.3125,0.0,0.8571428571428571,1
0.0,0.0003885003885003885,0.8591757106790386,0.006904355812122802,0.3125,0.0,0.6071428571428571,1
0.0,0.019425019425019428,0.007262533197809765,0.8625360797690894,0.3125,0.0,0.8571428571428571,1
0.0,0.0003885003885003885,0.0013115184104396866,0.7236617685646811,0.3125,0.0,0.6071428571428571,1
0.0,0.0003885003885003885,0.7269090789861963,0.0009511939123589609,0.3125,0.0,0.6071428571428571,1
0.0,0.0003885003885003885,0.0013115184104396866,0.7302545263710312,0.3125,0.0,0.6071428571428571,1
0.0,0.0006475006475006476,0.8758647824518837,0.006904355812122802,0.3125,0.0,0.07142857142857142,1
0.0,0.018324268324268325,0.007262533197809765,0.8789359748097612,0.3125,0.0,0.8571428571428571,1
0.0,0.0003885003885003885,0.7399258992098102,0.0009511939123589609,0.3125,0.0,0.6071428571428571,1
0.0,0.0003885003885003885,0.0013115184104396866,0.7433416426134872,0.3125,0.0,0.6071428571428571,1
0.0,0.017126392126392127,0.007262533197809765,0.8888415114143269,0.3125,0.0,0.8571428571428571,1
0.0,0.0003885003885003885,0.8922259746221188,0.006904355812122802,0.3125,0.0,0.5714285714285714,1
0.0,0.017094017094017096,0.007262533197809765,0.8953686696405142,0.3125,0.0,0.8571428571428571,1
0.0,0.018745143745143748,0.007262533197809765,0.8987142482288113,0.3125,0.0,0.8571428571428571,1
0.0,0.014827764827764829,0.7598937670087544,0.0009511939123589609,0.3125,0.0,0.8571428571428571,1
0.0,0.0003885003885003885,0.970753139447195,0.006904355812122802,0.3125,0.0,0.5714285714285714,1
0.0,0.0006475006475006476,0.0013115184104396866,0.766432694830753,0.3125,0.0,0.6428571428571428,1
0.0,0.0003885003885003885,0.0013115184104396866,0.6376279191813171,0.3125,0.0,0.6071428571428571,1
0.03125,0.0038850038850038854,0.0,0.02064746785620572,0.0,1.0,0.0,1
0.0,0.0003885003885003885,0.6413325027050067,0.0009511939123589609,0.3125,0.0,0.5714285714285714,1
0.0,0.0003885003885003885,0.0013115184104396866,0.6445158750983992,0.3125,0.0,0.5714285714285714,1
0.0,0.017450142450142453,0.007262533197809765,0.9870112831277879,0.3125,0.0,0.8571428571428571,1
0.0,0.01715876715876716,0.0013115184104396866,0.6510102335345053,0.3125,0.0,0.8571428571428571,1
0.0,0.0003885003885003885,0.007262533197809765,0.9935712411440566,0.3125,0.0,0.6071428571428571,1
0.0,0.013435638435638437,0.007262533197809765,0.996949619522435,0.3125,0.0,0.8571428571428571,1
0.0,0.0003885003885003885,0.007262533197809765,0.5372277617423248,0.3125,0.0,0.6071428571428571,1
0.03125,0.0038850038850038854,0.0,0.02064746785620572,0.0,1.0,0.0,1
0.0,0.0006475006475006476,0.6643824387684842,0.0009511939123589609,0.3125,0.0,0.07142857142857142,1
0.0,0.016996891996892,0.0013115184104396866,0.6674429283652584,0.3125,0.0,0.8571428571428571,1
0.0,0.0006475006475006476,0.5472638447162202,0.006904355812122802,0.3125,0.0,0.07142857142857142,1
0.0,0.0006475006475006476,0.6741532509262599,0.0009511939123589609,0.3125,0.0,0.07142857142857142,1
0.0,0.0006475006475006476,0.5540509524902456,0.006904355812122802,0.3125,0.0,0.07142857142857142,1
0.0,0.014180264180264182,0.007262533197809765,0.557104434531619,0.3125,0.0,0.8571428571428571,1
0.0,0.014504014504014506,0.5605429686219221,0.006904355812122802,0.3125,0.0,0.8571428571428571,1
0.0,0.0006475006475006476,0.5638873405685433,0.006904355812122802,0.3125,0.0,0.07142857142857142,1
0.0,0.0006475006475006476,0.007262533197809765,0.5670099711361847,0.3125,0.0,0.6428571428571428,1
0.0,0.0006475006475006476,0.5704777205810027,0.006904355812122802,0.3125,0.0,0.07142857142857142,1
0.0,0.0003885003885003885,0.5737893045673629,0.006904355812122802,0.3125,0.0,0.5714285714285714,1
0.0,0.0003885003885003885,0.007262533197809765,0.5767843085804251,0.3125,0.0,0.5714285714285714,1
0.0,0.0006475006475006476,0.007262533197809765,0.5802282865389661,0.3125,0.0,0.6428571428571428,1
0.0,0.01495726495726496,0.5836584806059215,0.006904355812122802,0.3125,0.0,0.8571428571428571,1
0.0,0.0003885003885003885,0.007262533197809765,0.5866898451849908,0.3125,0.0,0.5714285714285714,1
0.0,0.0003885003885003885,0.590150496737598,0.006904355812122802,0.3125,0.0,0.5714285714285714,1
0.03125,0.004144004144004143,0.0,0.02064746785620572,0.0,1.0,0.0,1
0.0,0.0003885003885003885,0.007262533197809765,0.8171083705064287,0.3125,0.0,0.6071428571428571,1
0.0,0.014504014504014506,0.5966753008295355,0.006904355812122802,0.3125,0.0,0.8571428571428571,1
0.0,0.019295519295519297,0.8237319256369061,0.006904355812122802,0.3125,0.0,0.8571428571428571,1
0.0,0.01978114478114478,0.6031673169612118,0.006904355812122802,0.3125,0.0,0.8571428571428571,1
0.0,0.0003885003885003885,0.007262533197809765,0.8303266859092101,0.3125,0.0,0.5714285714285714,1
0.0,0.0003885003885003885,0.007262533197809765,0.8337378640776698,0.3125,0.0,0.5714285714285714,1
0.0,0.0003885003885003885,0.0013115184104396866,0.8434138021516662,0.3125,0.0,0.6071428571428571,1
0.0,0.0003885003885003885,0.0013115184104396866,0.8467921805300446,0.3125,0.0,0.5714285714285714,1
0.0,0.0003885003885003885,0.0013115184104396866,0.8503345578588296,0.3125,0.0,0.5714285714285714,1
0.0,0.0003885003885003885,0.007262533197809765,0.8475793754919968,0.3125,0.0,0.6071428571428571,1
0.0,0.0003885003885003885,0.8573723728646842,0.0009511939123589609,0.3125,0.0,0.5714285714285714,1
0.0,0.0003885003885003885,0.007262533197809765,0.8544345316189975,0.3125,0.0,0.6071428571428571,1
0.0,0.0003885003885003885,0.8576346765467721,0.006904355812122802,0.3125,0.0,0.6071428571428571,1
0.0,0.0003885003885003885,0.8673727007442867,0.0009511939123589609,0.3125,0.0,0.6071428571428571,1
0.0,0.0006475006475006476,0.8647168759631464,0.006904355812122802,0.3125,0.0,0.07142857142857142,1
0.0,0.0006475006475006476,0.8681596117905506,0.006904355812122802,0.3125,0.0,0.07142857142857142,1
0.0,0.0003885003885003885,0.8778320600675432,0.0009511939123589609,0.3125,0.0,0.5714285714285714,1
0.0,0.0006475006475006476,0.8811764320141644,0.0009511939123589609,0.3125,0.0,0.07142857142857142,1
0.0,0.0006475006475006476,0.8846847437620906,0.0009511939123589609,0.3125,0.0,0.07142857142857142,1
0.03125,0.0038850038850038854,0.0,0.02064746785620572,0.0,1.0,0.0,1
0.0,0.0003885003885003885,0.0013115184104396866,0.8879559170821306,0.3125,0.0,0.6071428571428571,1
0.0,0.0003885003885003885,0.007262533197809765,0.8852991340855417,0.3125,0.0,0.6071428571428571,1
0.0,0.01851851851851852,0.007262533197809765,0.8886775124639201,0.3125,0.0,0.8571428571428571,1
0.0,0.01851851851851852,0.007262533197809765,0.8919574914720545,0.3125,0.0,0.8571428571428571,1
0.0,0.0006475006475006476,0.895471982687957,0.006904355812122802,0.3125,0.0,0.07142857142857142,1
0.0,0.01362988862988863,0.0013115184104396866,0.9047822093938598,0.3125,0.0,0.8571428571428571,1
0.0,0.0003885003885003885,0.007262533197809765,0.9019942272369456,0.3125,0.0,0.5714285714285714,1
0.0,0.0003885003885003885,0.9053083707662547,0.006904355812122802,0.3125,0.0,0.5714285714285714,1
0.0,0.0003885003885003885,0.9148168792419424,0.0009511939123589609,0.3125,0.0,0.6071428571428571,1
0.0,0.0003885003885003885,0.9180628873077806,0.0009511939123589609,0.3125,0.0,0.6071428571428571,1
0.0,0.015054390054390056,0.9214072592544018,0.0009511939123589609,0.3125,0.0,0.8571428571428571,1
0.0,0.0003885003885003885,0.9183907669103906,0.006904355812122802,0.3125,0.0,0.5714285714285714,1
0.0,0.014406889406889407,0.9279648513066002,0.0009511939123589609,0.3125,0.0,0.8571428571428571,1
0.0,0.017126392126392127,0.9309813436506116,0.0009511939123589609,0.3125,0.0,0.8571428571428571,1
0.0,0.0003885003885003885,0.007262533197809765,0.9279388611912883,0.3125,0.0,0.5714285714285714,1
0.0,0.0202991452991453,0.9630151808256009,0.0009511939123589609,0.3125,0.0,0.8571428571428571,1
0.0,0.013953638953638955,0.0013115184104396866,0.5967921805300446,0.3125,0.0,0.8571428571428571,1
0.0,0.01388888888888889,0.0013115184104396866,0.5999409603778535,0.3125,0.0,0.8571428571428571,1
0.0,0.01554001554001554,0.6034951965638218,0.0009511939123589609,0.3125,0.0,0.8571428571428571,1
0.0,0.0006475006475006476,0.606872356470704,0.0009511939123589609,0.3125,0.0,0.07142857142857142,1
0.0,0.0003885003885003885,0.979245221154792,0.0009511939123589609,0.3125,0.0,0.6071428571428571,1
0.0,0.0003885003885003885,0.6131348568805535,0.0009511939123589609,0.3125,0.0,0.6071428571428571,1
0.0,0.0003885003885003885,0.6165448047476967,0.0009511939123589609,0.3125,0.0,0.6071428571428571,1
0.0,0.0006475006475006476,0.9892783369946556,0.0009511939123589609,0.3125,0.0,0.07142857142857142,1
0.0,0.0003885003885003885,0.6229056690383291,0.0009511939123589609,0.3125,0.0,0.6071428571428571,1
0.0,0.0003885003885003885,0.9956064133250271,0.0009511939123589609,0.3125,0.0,0.6071428571428571,1
0.0,0.01554001554001554,0.0013115184104396866,0.6295591708213066,0.3125,0.0,0.8571428571428571,1
0.0,0.0314037814037814,0.5395586740548871,0.0009511939123589609,0.3125,0.0,0.8571428571428571,1
0.0,0.0003885003885003885,0.5424768025181154,0.0009511939123589609,0.3125,0.0,0.6071428571428571,1
0.0,0.0003885003885003885,0.5460506901865635,0.0009511939123589609,0.3125,0.0,0.5714285714285714,1
0.0,0.0003885003885003885,0.6428407488770124,0.0009511939123589609,0.3125,0.0,0.6071428571428571,1
0.09375,0.009583009583009583,0.0,0.02064746785620572,0.0,1.0,0.0,1
0.0,0.0006475006475006476,0.0013115184104396866,0.5524796641301495,0.3125,0.0,0.6428571428571428,1
0.0,0.0003885003885003885,0.6492016131676449,0.0009511939123589609,0.3125,0.0,0.6071428571428571,1
0.0,0.0003885003885003885,0.5590347224499164,0.0009511939123589609,0.3125,0.0,0.6071428571428571,1
0.0,0.03677803677803678,0.5624446703170596,0.0009511939123589609,0.3125,0.0,0.8571428571428571,1
0.0,0.0006475006475006476,0.6593003049280305,0.0009511939123589609,0.3125,0.0,0.07142857142857142,1
0.0,0.0003885003885003885,0.5688383225679531,0.0009511939123589609,0.3125,0.0,0.6071428571428571,1
0.0,0.0006475006475006476,0.5723466343158792,0.0009511939123589609,0.3125,0.0,0.07142857142857142,1
0.0,0.0006475006475006476,0.5756254303419784,0.0009511939123589609,0.3125,0.0,0.07142857142857142,1
0.0,0.0006475006475006476,0.6724154890324273,0.0009511939123589609,0.3125,0.0,0.07142857142857142,1
0.0,0.0006475006475006476,0.5822158103544379,0.0009511939123589609,0.3125,0.0,0.07142857142857142,1
0.0,0.014406889406889407,0.6789075051641038,0.0009511939123589609,0.3125,0.0,0.8571428571428571,1
0.0,0.0003885003885003885,0.5887734024066363,0.0009511939123589609,0.3125,0.0,0.5714285714285714,1
0.0,0.0003885003885003885,0.0013115184104396866,0.5916426134872736,0.3125,0.0,0.5714285714285714,1
0.0,0.0006475006475006476,0.0013115184104396866,0.5951849908160587,0.3125,0.0,0.6428571428571428,1
0.0,0.01495726495726496,0.0013115184104396866,0.6918787719758592,0.3125,0.0,0.8571428571428571,1
0.0,0.0006475006475006476,0.0013115184104396866,0.6157176594069798,0.3125,0.0,0.6428571428571428,1
0.0,0.0003885003885003885,0.0013115184104396866,0.6188992390448701,0.3125,0.0,0.5714285714285714,1
0.0,0.0003885003885003885,0.6223154857536313,0.0009511939123589609,0.3125,0.0,0.5714285714285714,1
0.0,0.0003885003885003885,0.0013115184104396866,0.6254591970611387,0.3125,0.0,0.5714285714285714,1
0.0,0.0003885003885003885,0.6288730778058297,0.0009511939123589609,0.3125,0.0,0.5714285714285714,1
0.0,0.0003885003885003885,0.632151873831929,0.0009511939123589609,0.3125,0.0,0.5714285714285714,1
0.0,0.0003885003885003885,0.007262533197809765,0.8289490947257937,0.3125,0.0,0.5714285714285714,1
0.0,0.0003885003885003885,0.6387094658841274,0.0009511939123589609,0.3125,0.0,0.5714285714285714,1
0.0,0.0003885003885003885,0.0013115184104396866,0.6418590921018105,0.3125,0.0,0.5714285714285714,1
0.0,0.017482517482517484,0.007262533197809765,0.8386906323799527,0.3125,0.0,0.8571428571428571,1
0.0,0.0003885003885003885,0.648578641922686,0.0009511939123589609,0.3125,0.0,0.5714285714285714,1
0.0,0.0003885003885003885,0.845371979409161,0.006904355812122802,0.3125,0.0,0.6071428571428571,1
0.0,0.0003885003885003885,0.8488147152365652,0.006904355812122802,0.3125,0.0,0.6071428571428571,1
0.0,0.025284900284900286,0.8520935112626644,0.006904355812122802,0.3125,0.0,0.8571428571428571,1
0.0,0.014212639212639214,0.6617266139873439,0.0009511939123589609,0.3125,0.0,0.8571428571428571,1
0.0,0.0003885003885003885,0.8586511033148628,0.006904355812122802,0.3125,0.0,0.5714285714285714,1
0.0,0.0003885003885003885,0.6682186301190203,0.0009511939123589609,0.3125,0.0,0.6071428571428571,1
0.0,0.0003885003885003885,0.6714974261451195,0.0009511939123589609,0.3125,0.0,0.5714285714285714,1
0.0,0.0003885003885003885,0.007262533197809765,0.8682760430333245,0.3125,0.0,0.5714285714285714,1
0.0,0.02454027454027454,0.8717990753795206,0.006904355812122802,0.3125,0.0,0.8571428571428571,1
0.0,0.0003885003885003885,0.6813338142234172,0.0009511939123589609,0.3125,0.0,0.6071428571428571,1
0.0,0.0003885003885003885,0.6846126102495164,0.0009511939123589609,0.3125,0.0,0.5714285714285714,1
0.0,0.0003885003885003885,0.0013115184104396866,0.6876803988454473,0.3125,0.0,0.5714285714285714,1
0.0,0.0003885003885003885,0.8848158956031346,0.006904355812122802,0.3125,0.0,0.5714285714285714,1
0.0,0.0003885003885003885,0.0013115184104396866,0.6944371556022041,0.3125,0.0,0.5714285714285714,1
0.0,0.015216265216265217,0.6978589461949573,0.0009511939123589609,0.3125,0.0,0.8571428571428571,1
0.0,0.014374514374514376,0.7011377422210564,0.0009511939123589609,0.3125,0.0,0.8571428571428571,1
0.0,0.0006475006475006476,0.7044493262074166,0.0009511939123589609,0.3125,0.0,0.07142857142857142,1
0.0,0.0003885003885003885,0.0013115184104396866,0.5885594332196273,0.3125,0.0,0.5714285714285714,1
0.0,0.0006475006475006476,0.5919866225122136,0.0009511939123589609,0.3125,0.0,0.07142857142857142,1
0.0,0.0003885003885003885,0.0013115184104396866,0.6749868800839673,0.3125,0.0,0.5714285714285714,1
0.0,0.0003885003885003885,0.0013115184104396866,0.5984321700341118,0.3125,0.0,0.5714285714285714,1
0.0,0.0003885003885003885,0.6018230105905111,0.0009511939123589609,0.3125,0.0,0.5714285714285714,1
0.0,0.0003885003885003885,0.0013115184104396866,0.6848268171083705,0.3125,0.0,0.5714285714285714,1
0.0,0.0003885003885003885,0.0013115184104396866,0.6879755969561794,0.3125,0.0,0.6071428571428571,1
0.0,0.0003885003885003885,0.0013115184104396866,0.6913867751246391,0.3125,0.0,0.5714285714285714,1
0.0,0.0006475006475006476,0.0013115184104396866,0.6946995539228549,0.3125,0.0,0.6428571428571428,1
0.0,0.0003885003885003885,0.0013115184104396866,0.6180464445027551,0.3125,0.0,0.5714285714285714,1
0.0,0.0003885003885003885,0.0013115184104396866,0.7011939123589608,0.3125,0.0,0.6071428571428571,1
0.0,0.0012950012950012951,0.0,0.02064746785620572,0.0,1.0,0.0,1
0.0,0.0003885003885003885,0.0013115184104396866,0.6245408029388612,0.3125,0.0,0.6071428571428571,1
0.0,0.0003885003885003885,0.0013115184104396866,0.7077866701653108,0.3125,0.0,0.5714285714285714,1
0.0,0.0003885003885003885,0.7111380701006591,0.0009511939123589609,0.3125,0.0,0.5714285714285714,1
0.0,0.0003885003885003885,0.0013115184104396866,0.6344791393335082,0.3125,0.0,0.5714285714285714,1
0.0,0.0003885003885003885,0.0013115184104396866,0.6375623196011545,0.3125,0.0,0.5714285714285714,1
0.0,0.0003885003885003885,0.0013115184104396866,0.7209065861978483,0.3125,0.0,0.5714285714285714,1
0.0,0.0003885003885003885,0.644447358929801,0.0009511939123589609,0.3125,0.0,0.5714285714285714,1
0.0,0.0003885003885003885,0.6475950031148563,0.0009511939123589609,0.3125,0.0,0.6071428571428571,1
0.0,0.0003885003885003885,0.6510049509819994,0.0009511939123589609,0.3125,0.0,0.5714285714285714,1
0.0,0.0003885003885003885,0.0013115184104396866,0.6540278142219889,0.3125,0.0,0.5714285714285714,1
0.0,0.0003885003885003885,0.0013115184104396866,0.73730648123852,0.3125,0.0,0.5714285714285714,1
0.0,0.0003885003885003885,0.0013115184104396866,0.6606861716085016,0.3125,0.0,0.5714285714285714,1
0.0,0.0003885003885003885,0.7439588183219122,0.0009511939123589609,0.3125,0.0,0.5714285714285714,1
0.0,0.0003885003885003885,0.0013115184104396866,0.747146418262923,0.3125,0.0,0.5714285714285714,1
0.0,0.0003885003885003885,0.0013115184104396866,0.7503607976908947,0.3125,0.0,0.6071428571428571,1
0.0,0.0006475006475006476,0.6739565231646939,0.0009511939123589609,0.3125,0.0,0.07142857142857142,1
0.0,0.0003885003885003885,0.0013115184104396866,0.6769220676987666,0.3125,0.0,0.5714285714285714,1
0.0,0.0003885003885003885,0.0013115184104396866,0.6803660456573077,0.3125,0.0,0.5714285714285714,1
0.0,0.0003885003885003885,0.0013115184104396866,0.7635463133035948,0.3125,0.0,0.5714285714285714,1
0.0,0.0006475006475006476,0.6871044952293518,0.0009511939123589609,0.3125,0.0,0.07142857142857142,1
0.0,0.0003885003885003885,0.770189186530706,0.0009511939123589609,0.3125,0.0,0.5714285714285714,1
0.0,0.0006475006475006476,0.8922259746221188,0.0009511939123589609,0.3125,0.0,0.07142857142857142,1
0.0,0.0003885003885003885,0.8953408308469131,0.0009511939123589609,0.3125,0.0,0.6071428571428571,1
0.0,0.026903651903651907,0.8987507787140562,0.0009511939123589609,0.3125,0.0,0.8571428571428571,1
0.0,0.0006475006475006476,0.9020623627004164,0.0009511939123589609,0.3125,0.0,0.07142857142857142,1
0.0,0.04088966588966589,0.9053083707662547,0.0009511939123589609,0.3125,0.0,0.8571428571428571,1
0.0,0.04088966588966589,0.9085871667923539,0.0009511939123589609,0.3125,0.0,0.8571428571428571,1
0.0,0.038947163947163944,0.9118659628184531,0.0009511939123589609,0.3125,0.0,0.8571428571428571,1
0.0,0.038947163947163944,0.9151119708842913,0.0009511939123589609,0.3125,0.0,0.8571428571428571,1
0.0,0.0006475006475006476,0.9184563428309125,0.0009511939123589609,0.3125,0.0,0.07142857142857142,1
0.0,0.040986790986790984,0.9217023508967508,0.0009511939123589609,0.3125,0.0,0.8571428571428571,1
0.0,0.03904428904428904,0.9249811469228499,0.0009511939123589609,0.3125,0.0,0.8571428571428571,1
0.0,0.03904428904428904,0.9282599429489492,0.0009511939123589609,0.3125,0.0,0.8571428571428571,1
0.0,0.0006475006475006476,0.9315715269353094,0.0009511939123589609,0.3125,0.0,0.07142857142857142,1
0.0,0.03447940947940948,0.9347519590806256,0.0009511939123589609,0.3125,0.0,0.8571428571428571,1
0.0,0.032536907536907536,0.9380963310272469,0.0009511939123589609,0.3125,0.0,0.8571428571428571,1
0.0,0.0006475006475006476,0.0013115184104396866,0.8616832852269745,0.3125,0.0,0.6428571428571428,1
0.0,0.0003885003885003885,0.8649463916849733,0.0009511939123589609,0.3125,0.0,0.5714285714285714,1
0.0,0.0006475006475006476,0.0013115184104396866,0.8682104434531618,0.3125,0.0,0.6428571428571428,1
0.0,0.0003885003885003885,0.9509492114495558,0.0009511939123589609,0.3125,0.0,0.5714285714285714,1
0.0,0.0003885003885003885,0.0013115184104396866,0.8747704014694305,0.3125,0.0,0.5714285714285714,1
0.0,0.0003885003885003885,0.8780943637496311,0.0009511939123589609,0.3125,0.0,0.5714285714285714,1
0.0,0.0006475006475006476,0.0013115184104396866,0.8813631592757806,0.3125,0.0,0.6428571428571428,1
0.0,0.0003885003885003885,0.0013115184104396866,0.8845775387037522,0.3125,0.0,0.5714285714285714,1
0.0,0.0003885003885003885,0.0013115184104396866,0.9672986092889004,0.3125,0.0,0.5714285714285714,1
0.0,0.0003885003885003885,0.970753139447195,0.0009511939123589609,0.3125,0.0,0.5714285714285714,1
0.0,0.0003885003885003885,0.9741302993540772,0.0009511939123589609,0.3125,0.0,0.5714285714285714,1
0.0,0.028522403522403525,0.8976687760254435,0.0009511939123589609,0.3125,0.0,0.8571428571428571,1
0.0,0.0006475006475006476,0.9010787238925867,0.0009511939123589609,0.3125,0.0,0.07142857142857142,1
0.0,0.01838901838901839,0.0013115184104396866,0.9039950144319076,0.3125,0.0,0.8571428571428571,1
0.0,0.019522144522144524,0.0013115184104396866,0.9872080818682759,0.3125,0.0,0.8571428571428571,1
0.0,0.0003885003885003885,0.9902619758024853,0.0009511939123589609,0.3125,0.0,0.6071428571428571,1
0.0,0.0006475006475006476,0.9938030755106725,0.0009511939123589609,0.3125,0.0,0.07142857142857142,1
0.0,0.0003885003885003885,0.9174071281025608,0.0009511939123589609,0.3125,0.0,0.5714285714285714,1
0.0,0.019522144522144524,0.0013115184104396866,0.5373261611125688,0.3125,0.0,0.8571428571428571,1
0.0,0.0003885003885003885,0.5407062526640218,0.0009511939123589609,0.3125,0.0,0.6071428571428571,1
0.0,0.0003885003885003885,0.543886684809338,0.0009511939123589609,0.3125,0.0,0.6071428571428571,1
0.0,0.0003885003885003885,0.0013115184104396866,0.9304972448176331,0.3125,0.0,0.6071428571428571,1
0.0,0.0003885003885003885,0.0013115184104396866,0.9337444240356861,0.3125,0.0,0.5714285714285714,1
0.0,0.0006475006475006476,0.5539198006492017,0.0009511939123589609,0.3125,0.0,0.07142857142857142,1
0.0,0.0006475006475006476,0.9404242762057773,0.0009511939123589609,0.3125,0.0,0.07142857142857142,1
0.0,0.0006475006475006476,0.0013115184104396866,0.9436827604303332,0.3125,0.0,0.6428571428571428,1
0.0,0.0003885003885003885,0.0013115184104396866,0.5634675938073995,0.3125,0.0,0.5714285714285714,1
0.0,0.01958689458689459,0.0013115184104396866,0.9501771188664392,0.3125,0.0,0.8571428571428571,1
0.0,0.01978114478114478,0.0013115184104396866,0.570093151403831,0.3125,0.0,0.8571428571428571,1
0.0,0.0006475006475006476,0.0013115184104396866,0.573537129362372,0.3125,0.0,0.6428571428571428,1
0.0,0.0003885003885003885,0.0013115184104396866,0.576685909210181,0.3125,0.0,0.5714285714285714,1
0.0,0.0003885003885003885,0.0013115184104396866,0.5799002886381527,0.3125,0.0,0.5714285714285714,1
0.0,0.0006475006475006476,0.0013115184104396866,0.966675413277355,0.3125,0.0,0.6428571428571428,1
0.0625,0.007252007252007253,0.0,0.02064746785620572,0.0,1.0,0.0,1
0.0,0.0003885003885003885,0.5868061247909768,0.0009511939123589609,0.3125,0.0,0.5714285714285714,1
0.0,0.02437839937839938,0.854028000918063,0.0009511939123589609,0.3125,0.0,0.8571428571428571,1
0.0,0.0003885003885003885,0.0013115184104396866,0.5929546050905273,0.3125,0.0,0.5714285714285714,1
0.0,0.017223517223517226,0.0013115184104396866,0.860961689845185,0.3125,0.0,0.8571428571428571,1
0.0,0.017191142191142192,0.0013115184104396866,0.8645368669640513,0.3125,0.0,0.8571428571428571,1
0.0,0.0359039109039109,0.8679628840289846,0.0009511939123589609,0.3125,0.0,0.8571428571428571,1
0.0,0.0006475006475006476,0.8714711957769108,0.0009511939123589609,0.3125,0.0,0.07142857142857142,1
0.0,0.0006475006475006476,0.8748483556837929,0.0009511939123589609,0.3125,0.0,0.07142857142857142,1
0.0,0.0003885003885003885,0.0013115184104396866,0.8781815796378902,0.3125,0.0,0.6071428571428571,1
0.0,0.016996891996892,0.0013115184104396866,0.8815927578063499,0.3125,0.0,0.8571428571428571,1
0.0,0.0003885003885003885,0.8851765631660055,0.0009511939123589609,0.3125,0.0,0.5714285714285714,1
0.0,0.017061642061642065,0.0013115184104396866,0.8885135135135134,0.3125,0.0,0.8571428571428571,1
0.0,0.017094017094017096,0.0013115184104396866,0.8917934925216477,0.3125,0.0,0.8571428571428571,1
0.0,0.0003885003885003885,0.6312665989048821,0.0009511939123589609,0.3125,0.0,0.5714285714285714,1
0.0,0.017741517741517745,0.0013115184104396866,0.8990094463395434,0.3125,0.0,0.8571428571428571,1
0.0,0.0003885003885003885,0.9024230302632874,0.0009511939123589609,0.3125,0.0,0.5714285714285714,1
0.0,0.0006475006475006476,0.6417587461883997,0.0009511939123589609,0.3125,0.0,0.07142857142857142,1
0.0,0.0003885003885003885,0.0013115184104396866,0.64477827341905,0.3125,0.0,0.5714285714285714,1
0.0,0.0003885003885003885,0.0013115184104396866,0.912818157963789,0.3125,0.0,0.5714285714285714,1
0.0,0.021270396270396272,0.0013115184104396866,0.6518630280766202,0.3125,0.0,0.8571428571428571,1
0.0,0.02107614607614608,0.0013115184104396866,0.655372605615324,0.3125,0.0,0.8571428571428571,1
0.0,0.0003885003885003885,0.0013115184104396866,0.6589477827341904,0.3125,0.0,0.6071428571428571,1
0.0,0.0214970214970215,0.9267844847372045,0.0009511939123589609,0.3125,0.0,0.8571428571428571,1
0.0,0.0003885003885003885,0.9302600085248697,0.0009511939123589609,0.3125,0.0,0.5714285714285714,1
0.0,0.021011396011396014,0.0013115184104396866,0.669312516399895,0.3125,0.0,0.8571428571428571,1
0.0,0.021561771561771564,0.937374995901505,0.0009511939123589609,0.3125,0.0,0.8571428571428571,1
0.0,0.0006475006475006476,0.0013115184104396866,0.9408291786932563,0.3125,0.0,0.6428571428571428,1
0.0,0.0003885003885003885,0.0013115184104396866,0.6798412490160062,0.3125,0.0,0.6071428571428571,1
0.0,0.0003885003885003885,0.9477359913439786,0.0009511939123589609,0.3125,0.0,0.5714285714285714,1
0.0,0.020720020720020722,0.0013115184104396866,0.686696405143007,0.3125,0.0,0.8571428571428571,1
0.0,0.0003885003885003885,0.0013115184104396866,0.9545066911571765,0.3125,0.0,0.5714285714285714,1
0.0,0.0006475006475006476,0.6941539066854652,0.0009511939123589609,0.3125,0.0,0.07142857142857142,1
0.0,0.0006475006475006476,0.9617036624151611,0.0009511939123589609,0.3125,0.0,0.07142857142857142,1
0.0,0.0006475006475006476,0.9649824584412604,0.0009511939123589609,0.3125,0.0,0.07142857142857142,1
0.0,0.021367521367521368,0.9682284665070986,0.0009511939123589609,0.3125,0.0,0.8571428571428571,1
0.0,0.01825951825951826,0.0013115184104396866,0.9714969824193125,0.3125,0.0,0.8571428571428571,1
0.0,0.0003885003885003885,0.0013115184104396866,0.7104106533718183,0.3125,0.0,0.5714285714285714,1
0.0,0.021432271432271433,0.9780648545853963,0.0009511939123589609,0.3125,0.0,0.8571428571428571,1
0.0,0.0006475006475006476,0.7171054788681597,0.0009511939123589609,0.3125,0.0,0.07142857142857142,1
0.0,0.0003885003885003885,0.0013115184104396866,0.72021779060614,0.3125,0.0,0.6071428571428571,1
0.0,0.020590520590520592,0.0013115184104396866,0.7234321700341118,0.3125,0.0,0.8571428571428571,1
0.0,0.020493395493395496,0.0013115184104396866,0.72681054841249,0.3125,0.0,0.8571428571428571,1
0.0,0.02042864542864543,0.0013115184104396866,0.7299921280503804,0.3125,0.0,0.8571428571428571,1
0.0,0.0003885003885003885,0.9977704187022526,0.0009511939123589609,0.3125,0.0,0.5714285714285714,1
0.0,0.0006475006475006476,0.7367782550247549,0.0009511939123589609,0.3125,0.0,0.07142857142857142,1
0.0,0.0006475006475006476,0.0013115184104396866,0.7399960640251901,0.3125,0.0,0.6428571428571428,1
0.0,0.0003885003885003885,0.7431391193153875,0.0009511939123589609,0.3125,0.0,0.6071428571428571,1
0.0,0.0003885003885003885,0.5479523918817011,0.0009511939123589609,0.3125,0.0,0.5714285714285714,1
0.0,0.021399896399896402,0.5512639758680613,0.0009511939123589609,0.3125,0.0,0.8571428571428571,1
0.0,0.0003885003885003885,0.753041083314207,0.0009511939123589609,0.3125,0.0,0.6071428571428571,1
0.0,0.0003885003885003885,0.5578215679202597,0.0009511939123589609,0.3125,0.0,0.6071428571428571,1
0.0,0.0003885003885003885,0.0013115184104396866,0.7594791393335082,0.3125,0.0,0.5714285714285714,1
0.0,0.0003885003885003885,0.5643463720121972,0.0009511939123589609,0.3125,0.0,0.6071428571428571,1
0.0,0.0003885003885003885,0.5676579559985574,0.0009511939123589609,0.3125,0.0,0.5714285714285714,1
0.0,0.0003885003885003885,0.5708711761041346,0.0009511939123589609,0.3125,0.0,0.5714285714285714,1
0.0,0.0003885003885003885,0.0013115184104396866,0.5740947257937549,0.3125,0.0,0.5714285714285714,1
0.0,0.0003885003885003885,0.7759926554969016,0.0009511939123589609,0.3125,0.0,0.5714285714285714,1
0.0,0.024054649054649057,0.7792058756024788,0.0009511939123589609,0.3125,0.0,0.8571428571428571,1
0.0,0.024734524734524737,0.782484671628578,0.0009511939123589609,0.3125,0.0,0.8571428571428571,1
0.0,0.02162652162652163,0.5874618839961966,0.0009511939123589609,0.3125,0.0,0.8571428571428571,1
0.0,0.0006475006475006476,0.0013115184104396866,0.7893925478876934,0.3125,0.0,0.6428571428571428,1
0.0,0.0003885003885003885,0.0013115184104396866,0.5941353975334557,0.3125,0.0,0.5714285714285714,1
0.0,0.0003885003885003885,0.7962556149381947,0.0009511939123589609,0.3125,0.0,0.6071428571428571,1
0.0,0.021723646723646725,0.6013311911865963,0.0009511939123589609,0.3125,0.0,0.8571428571428571,1
0.0,0.0006475006475006476,0.0013115184104396866,0.8032340593020204,0.3125,0.0,0.6428571428571428,1
0.0,0.021594146594146595,0.6081510869208827,0.0009511939123589609,0.3125,0.0,0.8571428571428571,1
0.0,0.0003885003885003885,0.8099937702875505,0.0009511939123589609,0.3125,0.0,0.5714285714285714,1
0.0,0.0003885003885003885,0.8135020820354766,0.0009511939123589609,0.3125,0.0,0.5714285714285714,1
0.0,0.0003885003885003885,0.6182169907210072,0.0009511939123589609,0.3125,0.0,0.5714285714285714,1
0.0,0.0003885003885003885,0.6215941506278895,0.0009511939123589609,0.3125,0.0,0.5714285714285714,1
0.0,0.0003885003885003885,0.8238958654382111,0.0009511939123589609,0.3125,0.0,0.5714285714285714,1
0.0,0.017644392644392645,0.0013115184104396866,0.6286079769089478,0.3125,0.0,0.8571428571428571,1
0.0,0.0003885003885003885,0.6323486015934949,0.0009511939123589609,0.3125,0.0,0.5714285714285714,1
0.0,0.025123025123025125,0.8343880127217286,0.0009511939123589609,0.3125,0.0,0.8571428571428571,1
0.0,0.021723646723646725,0.6393980130496082,0.0009511939123589609,0.3125,0.0,0.8571428571428571,1
0.0,0.0006475006475006476,0.0013115184104396866,0.6430398845447388,0.3125,0.0,0.6428571428571428,1
0.0,0.0003885003885003885,0.6470376077904194,0.0009511939123589609,0.3125,0.0,0.6071428571428571,1
0.0,0.0003885003885003885,0.6509065871012164,0.0009511939123589609,0.3125,0.0,0.6071428571428571,1
0.0,0.021561771561771564,0.6547099904914916,0.0009511939123589609,0.3125,0.0,0.8571428571428571,1
0.0,0.0006475006475006476,0.0013115184104396866,0.6582589871424822,0.3125,0.0,0.6428571428571428,1
0.0,0.0003885003885003885,0.6621200695104758,0.0009511939123589609,0.3125,0.0,0.6071428571428571,1
0.0,0.0003885003885003885,0.6657595330994459,0.0009511939123589609,0.3125,0.0,0.6071428571428571,1
0.0,0.0003885003885003885,0.669333420767894,0.0009511939123589609,0.3125,0.0,0.6071428571428571,1
0.0,0.0003885003885003885,0.6731040361979082,0.0009511939123589609,0.3125,0.0,0.6071428571428571,1
0.0,0.0006475006475006476,0.0013115184104396866,0.6768236683285226,0.3125,0.0,0.6428571428571428,1
0.0,0.0006475006475006476,0.0013115184104396866,0.6805956441878771,0.3125,0.0,0.6428571428571428,1
0.0,0.021529396529396533,0.6845142463687334,0.0009511939123589609,0.3125,0.0,0.8571428571428571,1
0.0,0.0003885003885003885,0.6882848617987475,0.0009511939123589609,0.3125,0.0,0.6071428571428571,1
0.0,0.02162652162652163,0.6919899013082397,0.0009511939123589609,0.3125,0.0,0.8571428571428571,1
0.0,0.0003885003885003885,0.6952031214138169,0.0009511939123589609,0.3125,0.0,0.6071428571428571,1
0.0,0.021561771561771564,0.6985474933604381,0.0009511939123589609,0.3125,0.0,0.8571428571428571,1
0.0,0.021561771561771564,0.7018262893865372,0.0009511939123589609,0.3125,0.0,0.8571428571428571,1
0.0,0.0003885003885003885,0.7050722974523755,0.0009511939123589609,0.3125,0.0,0.6071428571428571,1
0.0,0.021561771561771564,0.7083838814387358,0.0009511939123589609,0.3125,0.0,0.8571428571428571,1
0.0,0.0006475006475006476,0.0013115184104396866,0.7115586460246653,0.3125,0.0,0.6428571428571428,1
0.0,0.0003885003885003885,0.7148758975704121,0.0009511939123589609,0.3125,0.0,0.6071428571428571,1
0.0,0.021464646464646468,0.7182202695170333,0.0009511939123589609,0.3125,0.0,0.8571428571428571,1
0.0,0.0006475006475006476,0.0013115184104396866,0.7213985830490685,0.3125,0.0,0.6428571428571428,1
0.0,0.0003885003885003885,0.7247122856487098,0.0009511939123589609,0.3125,0.0,0.6071428571428571,1
0.0,0.02162652162652163,0.728056657595331,0.0009511939123589609,0.3125,0.0,0.8571428571428571,1
0.0,0.0003885003885003885,0.7312698777009082,0.0009511939123589609,0.3125,0.0,0.6071428571428571,1
0.0,0.02162652162652163,0.7346142496475294,0.0009511939123589609,0.3125,0.0,0.8571428571428571,1
0.0,0.0006475006475006476,0.0013115184104396866,0.7377984780897402,0.3125,0.0,0.6428571428571428,1
0.0,0.0006475006475006476,0.0013115184104396866,0.7411112568879559,0.3125,0.0,0.6428571428571428,1
0.0,0.021561771561771564,0.744483425686088,0.0009511939123589609,0.3125,0.0,0.8571428571428571,1
0.0,0.0006475006475006476,0.0013115184104396866,0.7476712149042245,0.3125,0.0,0.6428571428571428,1
0.0,0.0003885003885003885,0.7509754418177645,0.0009511939123589609,0.3125,0.0,0.6071428571428571,1
0.0,0.0003885003885003885,0.7542542378438638,0.0009511939123589609,0.3125,0.0,0.6071428571428571,1
0.0,0.0006475006475006476,0.0013115184104396866,0.7575111519286276,0.3125,0.0,0.6428571428571428,1
0.0,0.0003885003885003885,0.7608118298960622,0.0009511939123589609,0.3125,0.0,0.6071428571428571,1
0.0,0.0006475006475006476,0.0013115184104396866,0.7640711099448962,0.3125,0.0,0.6428571428571428,1
0.0,0.021399896399896402,0.7674677858290436,0.0009511939123589609,0.3125,0.0,0.8571428571428571,1
0.0,0.0006475006475006476,0.0013115184104396866,0.7706638677512463,0.3125,0.0,0.6428571428571428,1
0.0,0.0006475006475006476,0.0013115184104396866,0.7739438467593807,0.3125,0.0,0.6428571428571428,1
0.0,0.0003885003885003885,0.7772385979868193,0.0009511939123589609,0.3125,0.0,0.6071428571428571,1
0.0,0.0006475006475006476,0.0013115184104396866,0.7805038047756494,0.3125,0.0,0.6428571428571428,1
0.0,0.021464646464646468,0.7838617659595397,0.0009511939123589609,0.3125,0.0,0.8571428571428571,1
0.0,0.0006475006475006476,0.0013115184104396866,0.787063762791918,0.3125,0.0,0.6428571428571428,1
0.0,0.0006475006475006476,0.0013115184104396866,0.7903437418000524,0.3125,0.0,0.6428571428571428,1
0.0,0.021529396529396533,0.7936981540378374,0.0009511939123589609,0.3125,0.0,0.8571428571428571,1
0.0,0.0006475006475006476,0.0013115184104396866,0.7969036998163211,0.3125,0.0,0.6428571428571428,1
0.0,0.0003885003885003885,0.8001901701695138,0.0009511939123589609,0.3125,0.0,0.6071428571428571,1
0.0,0.0006475006475006476,0.0013115184104396866,0.8034636578325898,0.3125,0.0,0.6428571428571428,1
0.0,0.021399896399896402,0.8068133381422342,0.0009511939123589609,0.3125,0.0,0.8571428571428571,1
0.0,0.021594146594146595,0.8100921341683334,0.0009511939123589609,0.3125,0.0,0.8571428571428571,1
0.0,0.0003885003885003885,0.8133053542739106,0.0009511939123589609,0.3125,0.0,0.6071428571428571,1
0.0,0.0003885003885003885,0.8165841503000099,0.0009511939123589609,0.3125,0.0,0.6071428571428571,1
0.0,0.021399896399896402,0.819928522246631,0.0009511939123589609,0.3125,0.0,0.8571428571428571,1
0.0,0.02165889665889666,0.8232073182727303,0.0009511939123589609,0.3125,0.0,0.8571428571428571,1
0.0,0.0006475006475006476,0.0013115184104396866,0.8264235108895303,0.3125,0.0,0.6428571428571428,1
0.0,0.0006475006475006476,0.0013115184104396866,0.8297034898976646,0.3125,0.0,0.6428571428571428,1
0.0,0.021723646723646725,0.833043706351028,0.0009511939123589609,0.3125,0.0,0.8571428571428571,1
0.0,0.0006475006475006476,0.0013115184104396866,0.8362634479139333,0.3125,0.0,0.6428571428571428,1
0.0,0.0003885003885003885,0.8395685104429653,0.0009511939123589609,0.3125,0.0,0.6071428571428571,1
0.0,0.0006475006475006476,0.0013115184104396866,0.8430530044607714,0.3125,0.0,0.6428571428571428,1
0.0,0.021399896399896402,0.8467490737401226,0.0009511939123589609,0.3125,0.0,0.8571428571428571,1
0.0,0.0006475006475006476,0.0013115184104396866,0.8504985568092364,0.3125,0.0,0.6428571428571428,1
0.0,0.0006475006475006476,0.0013115184104396866,0.8539753345578588,0.3125,0.0,0.6428571428571428,1
0.0,0.02165889665889666,0.857995344109643,0.0009511939123589609,0.3125,0.0,0.8571428571428571,1
0.0,0.02165889665889666,0.861798747499918,0.0009511939123589609,0.3125,0.0,0.8571428571428571,1
0.0,0.02165889665889666,0.8654709990491491,0.0009511939123589609,0.3125,0.0,0.8571428571428571,1
0.0,0.0003885003885003885,0.8689465228368144,0.0009511939123589609,0.3125,0.0,0.6071428571428571,1
0.0,0.0006475006475006476,0.0013115184104396866,0.8729664130149566,0.3125,0.0,0.6428571428571428,1
0.0,0.021529396529396533,0.8768484212597135,0.0009511939123589609,0.3125,0.0,0.8571428571428571,1
0.0,0.021561771561771564,0.8805534607692056,0.0009511939123589609,0.3125,0.0,0.8571428571428571,1
0.0,0.0003885003885003885,0.8843568641594807,0.0009511939123589609,0.3125,0.0,0.6071428571428571,1
0.0,0.021561771561771564,0.8882258434702778,0.0009511939123589609,0.3125,0.0,0.8571428571428571,1
0.0,0.02162652162652163,0.8919964589002919,0.0009511939123589609,0.3125,0.0,0.8571428571428571,1
0.0,0.021464646464646468,0.8958326502508279,0.0009511939123589609,0.3125,0.0,0.8571428571428571,1
0.0,0.0006475006475006476,0.0013115184104396866,0.8995670427709261,0.3125,0.0,0.6428571428571428,1
0.0,0.0006475006475006476,0.0013115184104396866,0.9035030175806874,0.3125,0.0,0.6428571428571428,1
0.0,0.0006475006475006476,0.0013115184104396866,0.9072421936499605,0.3125,0.0,0.6428571428571428,1
0.0,0.0003885003885003885,0.9108823240106233,0.0009511939123589609,0.3125,0.0,0.6071428571428571,1
0.0,0.0003885003885003885,0.9146529394406374,0.0009511939123589609,0.3125,0.0,0.6071428571428571,1
0.0,0.021399896399896402,0.9183907669103906,0.0009511939123589609,0.3125,0.0,0.8571428571428571,1
0.0,0.021399896399896402,0.9220302304993606,0.0009511939123589609,0.3125,0.0,0.8571428571428571,1
0.0,0.0006475006475006476,0.0013115184104396866,0.925708475465757,0.3125,0.0,0.6428571428571428,1
0.0,0.0006475006475006476,0.0013115184104396866,0.9296116504854368,0.3125,0.0,0.6428571428571428,1
0.0,0.0006475006475006476,0.0013115184104396866,0.9331540278142219,0.3125,0.0,0.6428571428571428,1
0.0,0.0003885003885003885,0.0013115184104396866,0.9368932038834951,0.3125,0.0,0.5714285714285714,1
0.0,0.0006475006475006476,0.0013115184104396866,0.9407307793230123,0.3125,0.0,0.6428571428571428,1
0.0,0.021399896399896402,0.9443916193973573,0.0009511939123589609,0.3125,0.0,0.8571428571428571,1
0.0,0.0006475006475006476,0.0013115184104396866,0.9482747310417212,0.3125,0.0,0.6428571428571428,1
0.0,0.0006475006475006476,0.0013115184104396866,0.952079506691157,0.3125,0.0,0.6428571428571428,1
0.0,0.02175602175602176,0.9558346175284436,0.0009511939123589609,0.3125,0.0,0.8571428571428571,1
0.0,0.0006475006475006476,0.0013115184104396866,0.9596562581999475,0.3125,0.0,0.6428571428571428,1
0.0,0.0003885003885003885,0.9633430604282108,0.0009511939123589609,0.3125,0.0,0.6071428571428571,1
0.0,0.021464646464646468,0.9670808878979639,0.0009511939123589609,0.3125,0.0,0.8571428571428571,1
0.0,0.0003885003885003885,0.970818715367717,0.0009511939123589609,0.3125,0.0,0.6071428571428571,1
0.0,0.021399896399896402,0.974786058559297,0.0009511939123589609,0.3125,0.0,0.8571428571428571,1
0.0,0.0003885003885003885,0.9784910980687892,0.0009511939123589609,0.3125,0.0,0.6071428571428571,1
0.0,0.0006475006475006476,0.9822945014590643,0.0009511939123589609,0.3125,0.0,0.07142857142857142,1
0.0,0.0006475006475006476,0.9859667530082954,0.0009511939123589609,0.3125,0.0,0.07142857142857142,1
0.0,0.0006475006475006476,0.9897701563985705,0.0009511939123589609,0.3125,0.0,0.07142857142857142,1
0.0,0.0006475006475006476,0.9934424079478016,0.0009511939123589609,0.3125,0.0,0.07142857142857142,1
0.0,0.017806267806267807,0.0013115184104396866,0.9969168197323536,0.3125,0.0,0.8571428571428571,1
0.0,0.017903392903392906,0.0013115184104396866,0.5375229598530569,0.3125,0.0,0.8571428571428571,1
0.0,0.0006475006475006476,0.5417554673923736,0.0009511939123589609,0.3125,0.0,0.07142857142857142,1
0.0,0.017871017871017872,0.0013115184104396866,0.5452965101023353,0.3125,0.0,0.8571428571428571,1
0.0,0.01822714322714323,0.0013115184104396866,0.5490356861716085,0.3125,0.0,0.8571428571428571,1
0.0,0.0006475006475006476,0.5531328896029378,0.0009511939123589609,0.3125,0.0,0.07142857142857142,1
0.0,0.0003885003885003885,0.556542837470081,0.0009511939123589609,0.3125,0.0,0.6071428571428571,1
0.0,0.017806267806267807,0.0013115184104396866,0.5600892154290212,0.3125,0.0,0.8571428571428571,1
0.0,0.0006475006475006476,0.0013115184104396866,0.5639267908685384,0.3125,0.0,0.6428571428571428,1
0.0,0.021464646464646468,0.5677563198793403,0.0009511939123589609,0.3125,0.0,0.8571428571428571,1
0.0,0.01838901838901839,0.0013115184104396866,0.5712083442665966,0.3125,0.0,0.8571428571428571,1
0.0,0.0006475006475006476,0.0013115184104396866,0.5751115192862765,0.3125,0.0,0.6428571428571428,1
0.0,0.02175602175602176,0.5790681661693826,0.0009511939123589609,0.3125,0.0,0.8571428571428571,1
0.0,0.0006475006475006476,0.0013115184104396866,0.5826226712149042,0.3125,0.0,0.6428571428571428,1
0.0,0.0006475006475006476,0.0013115184104396866,0.58642744686434,0.3125,0.0,0.6428571428571428,1
0.0,0.0006475006475006476,0.5904783763402079,0.0009511939123589609,0.3125,0.0,0.07142857142857142,1
0.0,0.0003885003885003885,0.593986688088134,0.0009511939123589609,0.3125,0.0,0.6071428571428571,1
0.0,0.021464646464646468,0.5977245155578872,0.0009511939123589609,0.3125,0.0,0.8571428571428571,1
0.0,0.02175602175602176,0.6017246467097283,0.0009511939123589609,0.3125,0.0,0.8571428571428571,1
0.0,0.0003885003885003885,0.6055936260205252,0.0009511939123589609,0.3125,0.0,0.6071428571428571,1
0.0,0.0006475006475006476,0.0013115184104396866,0.6091905011807923,0.3125,0.0,0.6428571428571428,1
0.0,0.0003885003885003885,0.0013115184104396866,0.6129624770401468,0.3125,0.0,0.5714285714285714,1
0.0,0.0006475006475006476,0.0013115184104396866,0.6166688533193387,0.3125,0.0,0.6428571428571428,1
0.0,0.0006475006475006476,0.0013115184104396866,0.6204736289687746,0.3125,0.0,0.6428571428571428,1
0.0,0.0006475006475006476,0.0013115184104396866,0.624147205457885,0.3125,0.0,0.6428571428571428,1
0.0,0.0003885003885003885,0.627987802878783,0.0009511939123589609,0.3125,0.0,0.6071428571428571,1
0.0,0.0003885003885003885,0.631922358110102,0.0009511939123589609,0.3125,0.0,0.6071428571428571,1
0.0,0.0006475006475006476,0.0013115184104396866,0.6354959328260299,0.3125,0.0,0.6428571428571428,1
0.0,0.0006475006475006476,0.0013115184104396866,0.639235108895303,0.3125,0.0,0.6428571428571428,1
0.0,0.0003885003885003885,0.6432997803206663,0.0009511939123589609,0.3125,0.0,0.6071428571428571,1
0.0,0.0006475006475006476,0.0013115184104396866,0.6473694568354762,0.3125,0.0,0.6428571428571428,1
0.0,0.02162652162652163,0.6514967703859144,0.0009511939123589609,0.3125,0.0,0.8571428571428571,1
0.0,0.0006475006475006476,0.0013115184104396866,0.655667803726056,0.3125,0.0,0.6428571428571428,1
0.0,0.0006475006475006476,0.0013115184104396866,0.6598661768564681,0.3125,0.0,0.6428571428571428,1
0.0,0.0214970214970215,0.6640545591658743,0.0009511939123589609,0.3125,0.0,0.8571428571428571,1
0.0,0.02162652162652163,0.6682842060395423,0.0009511939123589609,0.3125,0.0,0.8571428571428571,1
0.0,0.0006475006475006476,0.0013115184104396866,0.6722644975072158,0.3125,0.0,0.6428571428571428,1
0.0,0.0006475006475006476,0.0013115184104396866,0.6763644712673839,0.3125,0.0,0.6428571428571428,1
0.0,0.0003885003885003885,0.6807108429784583,0.0009511939123589609,0.3125,0.0,0.6071428571428571,1
0.0,0.021432271432271433,0.6848421259713433,0.0009511939123589609,0.3125,0.0,0.8571428571428571,1
0.0,0.0003885003885003885,0.0013115184104396866,0.6887627919181316,0.3125,0.0,0.5714285714285714,1
0.0,0.0006475006475006476,0.0013115184104396866,0.6930267646287063,0.3125,0.0,0.6428571428571428,1
0.0,0.0006475006475006476,0.0013115184104396866,0.6967003411178168,0.3125,0.0,0.6428571428571428,1
0.0,0.02162652162652163,0.7013344699826224,0.0009511939123589609,0.3125,0.0,0.8571428571428571,1
0.0,0.0006475006475006476,0.0013115184104396866,0.7051626869588034,0.3125,0.0,0.6428571428571428,1
0.0,0.0006475006475006476,0.0013115184104396866,0.7093610600892154,0.3125,0.0,0.6428571428571428,1
0.0,0.021432271432271433,0.7135971671202335,0.0009511939123589609,0.3125,0.0,0.8571428571428571,1
0.0,0.0003885003885003885,0.7174989343912915,0.0009511939123589609,0.3125,0.0,0.6071428571428571,1
0.0,0.0003885003885003885,0.7220236729073085,0.0009511939123589609,0.3125,0.0,0.6071428571428571,1
0.0,0.0003885003885003885,0.7263188957014984,0.0009511939123589609,0.3125,0.0,0.6071428571428571,1
0.0,0.02162652162652163,0.7303190268533395,0.0009511939123589609,0.3125,0.0,0.8571428571428571,1
0.0,0.0006475006475006476,0.0013115184104396866,0.7342889005510363,0.3125,0.0,0.6428571428571428,1
0.0,0.02175602175602176,0.7383192891570216,0.0009511939123589609,0.3125,0.0,0.8571428571428571,1
0.0,0.0006475006475006476,0.0013115184104396866,0.7423248491209655,0.3125,0.0,0.6428571428571428,1
0.0,0.0003885003885003885,0.7462867635004427,0.0009511939123589609,0.3125,0.0,0.6071428571428571,1
0.0,0.0006475006475006476,0.0013115184104396866,0.7500655995801626,0.3125,0.0,0.6428571428571428,1
0.0,0.0006475006475006476,0.0013115184104396866,0.7541327735502492,0.3125,0.0,0.6428571428571428,1
0.0,0.0006475006475006476,0.0013115184104396866,0.7580031487798478,0.3125,0.0,0.6428571428571428,1
0.0,0.0006475006475006476,0.0013115184104396866,0.7620047231697716,0.3125,0.0,0.6428571428571428,1
0.0,0.0214970214970215,0.7663202072199089,0.0009511939123589609,0.3125,0.0,0.8571428571428571,1
0.0,0.0003885003885003885,0.7703859142922719,0.0009511939123589609,0.3125,0.0,0.6071428571428571,1
0.0,0.0006475006475006476,0.0013115184104396866,0.7744358436106008,0.3125,0.0,0.6428571428571428,1
0.0,0.0006475006475006476,0.0013115184104396866,0.7785030175806874,0.3125,0.0,0.6428571428571428,1
0.0,0.0003885003885003885,0.782583035509361,0.0009511939123589609,0.3125,0.0,0.6071428571428571,1
0.0,0.0006475006475006476,0.0013115184104396866,0.786768564681186,0.3125,0.0,0.6428571428571428,1
0.0,0.0214970214970215,0.7908456014951311,0.0009511939123589609,0.3125,0.0,0.8571428571428571,1
0.0,0.0006475006475006476,0.0013115184104396866,0.7950997113618472,0.3125,0.0,0.6428571428571428,1
0.0,0.021432271432271433,0.7991081674809011,0.0009511939123589609,0.3125,0.0,0.8571428571428571,1
0.0,0.0003885003885003885,0.0013115184104396866,0.8025452637103122,0.3125,0.0,0.5714285714285714,1
0.0,0.021561771561771564,0.8070428538640612,0.0009511939123589609,0.3125,0.0,0.8571428571428571,1
0.0,0.0006475006475006476,0.0013115184104396866,0.8108764103909735,0.3125,0.0,0.6428571428571428,1
0.0,0.0006475006475006476,0.0013115184104396866,0.8146483862503279,0.3125,0.0,0.6428571428571428,1
0.0,0.0006475006475006476,0.0013115184104396866,0.8189779585410653,0.3125,0.0,0.6428571428571428,1
0.0,0.0006475006475006476,0.0013115184104396866,0.8230451325111519,0.3125,0.0,0.6428571428571428,1
0.0,0.0003885003885003885,0.8269123577822224,0.0009511939123589609,0.3125,0.0,0.6071428571428571,1
0.0,0.0003885003885003885,0.0013115184104396866,0.830982681710837,0.3125,0.0,0.5714285714285714,1
0.0,0.0003885003885003885,0.8350437719269485,0.0009511939123589609,0.3125,0.0,0.6071428571428571,1
0.0,0.0003885003885003885,0.8393062067608774,0.0009511939123589609,0.3125,0.0,0.6071428571428571,1
0.0,0.02165889665889666,0.8435030656742845,0.0009511939123589609,0.3125,0.0,0.8571428571428571,1
0.0,0.0214970214970215,0.8474048329453425,0.0009511939123589609,0.3125,0.0,0.8571428571428571,1
0.0,0.02165889665889666,0.8515361159382275,0.0009511939123589609,0.3125,0.0,0.8571428571428571,1
0.0,0.0214970214970215,0.8557985507721565,0.0009511939123589609,0.3125,0.0,0.8571428571428571,1
0.0,0.021561771561771564,0.8595691662021706,0.0009511939123589609,0.3125,0.0,0.8571428571428571,1
0.0,0.0003885003885003885,0.8636676612347947,0.0009511939123589609,0.3125,0.0,0.6071428571428571,1
0.0,0.0006475006475006476,0.0013115184104396866,0.8676200472316976,0.3125,0.0,0.6428571428571428,1
0.0,0.0006475006475006476,0.0013115184104396866,0.8719168197323536,0.3125,0.0,0.6428571428571428,1
0.0,0.0003885003885003885,0.8760287222531886,0.0009511939123589609,0.3125,0.0,0.6071428571428571,1
0.0,0.0003885003885003885,0.0013115184104396866,0.8800839674626082,0.3125,0.0,0.5714285714285714,1
0.0,0.0003885003885003885,0.8842912882389586,0.0009511939123589609,0.3125,0.0,0.6071428571428571,1
0.0,0.0003885003885003885,0.8883242073510608,0.0009511939123589609,0.3125,0.0,0.6071428571428571,1
0.0,0.0003885003885003885,0.8924554903439458,0.0009511939123589609,0.3125,0.0,0.6071428571428571,1
0.0,0.0006475006475006476,0.0013115184104396866,0.8966478614536866,0.3125,0.0,0.6428571428571428,1
0.0,0.0003885003885003885,0.9009803600118037,0.0009511939123589609,0.3125,0.0,0.6071428571428571,1
0.0,0.0006475006475006476,0.0013115184104396866,0.9051758068748359,0.3125,0.0,0.6428571428571428,1
0.0,0.021561771561771564,0.9090789861962688,0.0009511939123589609,0.3125,0.0,0.8571428571428571,1
0.0,0.0006475006475006476,0.0013115184104396866,0.913014956704277,0.3125,0.0,0.6428571428571428,1
0.0,0.0006475006475006476,0.0013115184104396866,0.9170493308842823,0.3125,0.0,0.6428571428571428,1
0.0,0.0003885003885003885,0.9212105314928358,0.0009511939123589609,0.3125,0.0,0.6071428571428571,1
0.0,0.0003885003885003885,0.9254401783665038,0.0009511939123589609,0.3125,0.0,0.6071428571428571,1
0.0,0.0003885003885003885,0.9293419456375619,0.0009511939123589609,0.3125,0.0,0.6071428571428571,1
0.0,0.0006475006475006476,0.0013115184104396866,0.9336132248753607,0.3125,0.0,0.6428571428571428,1
0.0,0.02165889665889666,0.9378340273451589,0.0009511939123589609,0.3125,0.0,0.8571428571428571,1
0.0,0.0006475006475006476,0.0013115184104396866,0.941944371556022,0.3125,0.0,0.6428571428571428,1
0.0,0.02165889665889666,0.94612938129119,0.0009511939123589609,0.3125,0.0,0.8571428571428571,1
0.0,0.0214970214970215,0.9503918161251189,0.0009511939123589609,0.3125,0.0,0.8571428571428571,1
0.0,0.0006475006475006476,0.0013115184104396866,0.9542442928365258,0.3125,0.0,0.6428571428571428,1
0.0,0.0214970214970215,0.95835929046854,0.0009511939123589609,0.3125,0.0,0.8571428571428571,1
0.0,0.02165889665889666,0.962752877143513,0.0009511939123589609,0.3125,0.0,0.8571428571428571,1
0.0,0.0003885003885003885,0.966687432374832,0.0009511939123589609,0.3125,0.0,0.6071428571428571,1
0.0,0.0006475006475006476,0.0013115184104396866,0.9705457885069535,0.3125,0.0,0.6428571428571428,1
0.0,0.0214970214970215,0.9749172104003411,0.0009511939123589609,0.3125,0.0,0.8571428571428571,1
0.0,0.0006475006475006476,0.0013115184104396866,0.9789425347677774,0.3125,0.0,0.6428571428571428,1
0.0,0.021594146594146595,0.983343716187416,0.0009511939123589609,0.3125,0.0,0.8571428571428571,1
0.0,0.0006475006475006476,0.987540575100823,0.0009511939123589609,0.3125,0.0,0.07142857142857142,1
0.0,0.0006475006475006476,0.0013115184104396866,0.991504854368932,0.3125,0.0,0.6428571428571428,1
0.0,0.0003885003885003885,0.995639201285288,0.0009511939123589609,0.3125,0.0,0.6071428571428571,1
0.0,0.0006475006475006476,0.0013115184104396866,0.9997704014694304,0.3125,0.0,0.6428571428571428,1
0.0,0.0003885003885003885,0.5410341322666317,0.0009511939123589609,0.3125,0.0,0.6071428571428571,1
0.0,0.02165889665889666,0.5449358995376897,0.0009511939123589609,0.3125,0.0,0.8571428571428571,1
0.0,0.0003885003885003885,0.5487065149677038,0.0009511939123589609,0.3125,0.0,0.6071428571428571,1
0.0,0.0003885003885003885,0.5527066461195449,0.0009511939123589609,0.3125,0.0,0.6071428571428571,1
0.0,0.0006475006475006476,0.0013115184104396866,0.5567764366308054,0.3125,0.0,0.6428571428571428,1
0.0,0.0003885003885003885,0.56080527230401,0.0009511939123589609,0.3125,0.0,0.6071428571428571,1
0.0,0.0003885003885003885,0.565034919177678,0.0009511939123589609,0.3125,0.0,0.6071428571428571,1
0.0,0.0003885003885003885,0.5692317780910849,0.0009511939123589609,0.3125,0.0,0.6071428571428571,1
0.0,0.02175602175602176,0.573428637004492,0.0009511939123589609,0.3125,0.0,0.8571428571428571,1
0.0,0.0006475006475006476,0.0013115184104396866,0.5774403043820518,0.3125,0.0,0.6428571428571428,1
0.0,0.0006475006475006476,0.0013115184104396866,0.5814746785620571,0.3125,0.0,0.6428571428571428,1
0.0,0.0003885003885003885,0.585724122102364,0.0009511939123589609,0.3125,0.0,0.6071428571428571,1
0.0,0.0003885003885003885,0.5899209810157711,0.0009511939123589609,0.3125,0.0,0.6071428571428571,1
0.0,0.0006475006475006476,0.0013115184104396866,0.5938073996326423,0.3125,0.0,0.6428571428571428,1
0.0,0.0003885003885003885,0.5978228794386702,0.0009511939123589609,0.3125,0.0,0.6071428571428571,1
0.0,0.0006475006475006476,0.0013115184104396866,0.6018433482025715,0.3125,0.0,0.6428571428571428,1
0.0,0.0003885003885003885,0.6058887176628742,0.0009511939123589609,0.3125,0.0,0.6071428571428571,1
0.0,0.02175602175602176,0.6101511524968032,0.0009511939123589609,0.3125,0.0,0.8571428571428571,1
0.0,0.0006475006475006476,0.0013115184104396866,0.6140448701128313,0.3125,0.0,0.6428571428571428,1
0.0,0.0006475006475006476,0.0013115184104396866,0.6182432432432432,0.3125,0.0,0.6428571428571428,1
0.0,0.0214970214970215,0.6222826977933703,0.0009511939123589609,0.3125,0.0,0.8571428571428571,1
0.0,0.0006475006475006476,0.0013115184104396866,0.6261479926528469,0.3125,0.0,0.6428571428571428,1
0.0,0.021432271432271433,0.6304468998983573,0.0009511939123589609,0.3125,0.0,0.8571428571428571,1
0.0,0.0006475006475006476,0.0013115184104396866,0.6343479401731829,0.3125,0.0,0.6428571428571428,1
0.0,0.0006475006475006476,0.0013115184104396866,0.6382511151928627,0.3125,0.0,0.6428571428571428,1
0.0,0.02165889665889666,0.6421849896717925,0.0009511939123589609,0.3125,0.0,0.8571428571428571,1
0.0,0.0003885003885003885,0.6461851208236336,0.0009511939123589609,0.3125,0.0,0.6071428571428571,1
0.0,0.0006475006475006476,0.0013115184104396866,0.6501574389923904,0.3125,0.0,0.6428571428571428,1
0.0,0.0006475006475006476,0.0013115184104396866,0.6542574127525583,0.3125,0.0,0.6428571428571428,1
0.0,0.021432271432271433,0.6583166661202007,0.0009511939123589609,0.3125,0.0,0.8571428571428571,1
0.0,0.0006475006475006476,0.0013115184104396866,0.6622605615324061,0.3125,0.0,0.6428571428571428,1
0.0,0.0214970214970215,0.6660874127020558,0.0009511939123589609,0.3125,0.0,0.8571428571428571,1
0.0,0.0003885003885003885,0.6701203318141579,0.0009511939123589609,0.3125,0.0,0.6071428571428571,1
0.0,0.0006475006475006476,0.0013115184104396866,0.6743636840724219,0.3125,0.0,0.6428571428571428,1
0.0,0.021561771561771564,0.6783173218794059,0.0009511939123589609,0.3125,0.0,0.8571428571428571,1
0.0,0.0006475006475006476,0.0013115184104396866,0.6820716347415375,0.3125,0.0,0.6428571428571428,1
0.0,0.0003885003885003885,0.686219220302305,0.0009511939123589609,0.3125,0.0,0.6071428571428571,1
0.0,0.02178839678839679,0.6902849273746681,0.0009511939123589609,0.3125,0.0,0.8571428571428571,1
0.0,0.021432271432271433,0.6938260270828552,0.0009511939123589609,0.3125,0.0,0.8571428571428571,1
0.0,0.02162652162652163,0.6974327027115643,0.0009511939123589609,0.3125,0.0,0.8571428571428571,1
0.0,0.0006475006475006476,0.0013115184104396866,0.7008003148779847,0.3125,0.0,0.6428571428571428,1
0.0,0.02162652162652163,0.7046460539689826,0.0009511939123589609,0.3125,0.0,0.8571428571428571,1
0.0,0.0214970214970215,0.7081871536771698,0.0009511939123589609,0.3125,0.0,0.8571428571428571,1
0.0,0.0006475006475006476,0.0013115184104396866,0.7117882445552348,0.3125,0.0,0.6428571428571428,1
0.0,0.0214970214970215,0.715859536378242,0.0009511939123589609,0.3125,0.0,0.8571428571428571,1
0.0,0.0006475006475006476,0.0013115184104396866,0.7194961952243505,0.3125,0.0,0.6428571428571428,1
0.0,0.0006475006475006476,0.0013115184104396866,0.7230385725531356,0.3125,0.0,0.6428571428571428,1
0.0,0.0003885003885003885,0.7264828355028033,0.0009511939123589609,0.3125,0.0,0.6071428571428571,1
0.0,0.0006475006475006476,0.0013115184104396866,0.7299265284702177,0.3125,0.0,0.6428571428571428,1
0.0,0.0003885003885003885,0.7335650349191777,0.0009511939123589609,0.3125,0.0,0.6071428571428571,1
0.0,0.0006475006475006476,0.0013115184104396866,0.737208081868276,0.3125,0.0,0.6428571428571428,1
0.0,0.02178839678839679,0.740876750057379,0.0009511939123589609,0.3125,0.0,0.8571428571428571,1
0.0,0.0006475006475006476,0.0013115184104396866,0.7444568354762529,0.3125,0.0,0.6428571428571428,1
0.0,0.02178839678839679,0.7482212531558412,0.0009511939123589609,0.3125,0.0,0.8571428571428571,1
0.0,0.0003885003885003885,0.7515656251024624,0.0009511939123589609,0.3125,0.0,0.6071428571428571,1
0.0,0.0006475006475006476,0.0013115184104396866,0.7551495670427708,0.3125,0.0,0.6428571428571428,1
0.0,0.0006475006475006476,0.0013115184104396866,0.7587903437418,0.3125,0.0,0.6428571428571428,1
0.0,0.0003885003885003885,0.7625168038296338,0.0009511939123589609,0.3125,0.0,0.6071428571428571,1
0.0,0.0006475006475006476,0.0013115184104396866,0.7659406979795329,0.3125,0.0,0.6428571428571428,1
0.0,0.02175602175602176,0.769894094888357,0.0009511939123589609,0.3125,0.0,0.8571428571428571,1
0.0,0.021594146594146595,0.7735007705170661,0.0009511939123589609,0.3125,0.0,0.8571428571428571,1
0.0,0.0006475006475006476,0.0013115184104396866,0.7769614274468643,0.3125,0.0,0.6428571428571428,1
0.0,0.0003885003885003885,0.7808452736155284,0.0009511939123589609,0.3125,0.0,0.6071428571428571,1
0.0,0.0006475006475006476,0.0013115184104396866,0.7846037785358173,0.3125,0.0,0.6428571428571428,1
0.0,0.0006475006475006476,0.0013115184104396866,0.7885069535554972,0.3125,0.0,0.6428571428571428,1
0.0,0.0003885003885003885,0.7921243319453097,0.0009511939123589609,0.3125,0.0,0.6071428571428571,1
0.0,0.02162652162652163,0.7957965834945409,0.0009511939123589609,0.3125,0.0,0.8571428571428571,1
0.0,0.021594146594146595,0.7995344109642939,0.0009511939123589609,0.3125,0.0,0.8571428571428571,1
0.0,0.0006475006475006476,0.0013115184104396866,0.8031684597218577,0.3125,0.0,0.6428571428571428,1
0.0,0.021594146594146595,0.8068789140627561,0.0009511939123589609,0.3125,0.0,0.8571428571428571,1
0.0,0.0006475006475006476,0.0013115184104396866,0.81054841249016,0.3125,0.0,0.6428571428571428,1
0.0,0.021594146594146595,0.8142234171612184,0.0009511939123589609,0.3125,0.0,0.8571428571428571,1
0.0,0.02162652162652163,0.8177645168694055,0.0009511939123589609,0.3125,0.0,0.8571428571428571,1
0.0,0.0003885003885003885,0.8217646480212466,0.0009511939123589609,0.3125,0.0,0.6071428571428571,1
0.0,0.0006475006475006476,0.0013115184104396866,0.8255707163474153,0.3125,0.0,0.6428571428571428,1
0.0,0.0003885003885003885,0.8294698186825797,0.0009511939123589609,0.3125,0.0,0.6071428571428571,1
0.0,0.0006475006475006476,0.0013115184104396866,0.8333114668066124,0.3125,0.0,0.6428571428571428,1
0.0,0.0006475006475006476,0.0013115184104396866,0.8369850432957229,0.3125,0.0,0.6428571428571428,1
0.0,0.021432271432271433,0.8404537853700121,0.0009511939123589609,0.3125,0.0,0.8571428571428571,1
0.0,0.021561771561771564,0.8442571887602872,0.0009511939123589609,0.3125,0.0,0.8571428571428571,1
0.0,0.0003885003885003885,0.8481589560313453,0.0009511939123589609,0.3125,0.0,0.6071428571428571,1
0.0,0.0006475006475006476,0.0013115184104396866,0.8519417475728155,0.3125,0.0,0.6428571428571428,1
0.0,0.021561771561771564,0.8556673989311125,0.0009511939123589609,0.3125,0.0,0.8571428571428571,1
0.0,0.021594146594146595,0.8595363782419096,0.0009511939123589609,0.3125,0.0,0.8571428571428571,1
0.0,0.0006475006475006476,0.0013115184104396866,0.8633232747310416,0.3125,0.0,0.6428571428571428,1
0.0,0.0006475006475006476,0.0013115184104396866,0.8670952505903962,0.3125,0.0,0.6428571428571428,1
0.0,0.02165889665889666,0.8708810124922128,0.0009511939123589609,0.3125,0.0,0.8571428571428571,1
0.0,0.0003885003885003885,0.874618839961966,0.0009511939123589609,0.3125,0.0,0.6071428571428571,1
0.0,0.02162652162652163,0.878651759074068,0.0009511939123589609,0.3125,0.0,0.8571428571428571,1
0.0,0.0003885003885003885,0.8824879504246042,0.0009511939123589609,0.3125,0.0,0.6071428571428571,1
0.0,0.0003885003885003885,0.0013115184104396866,0.8862503279979007,0.3125,0.0,0.5714285714285714,1
0.0,0.0003885003885003885,0.0013115184104396866,0.8901535030175806,0.3125,0.0,0.5714285714285714,1
0.0,0.0006475006475006476,0.0013115184104396866,0.8942206769876672,0.3125,0.0,0.6428571428571428,1
0.0,0.0003885003885003885,0.8980294435883144,0.0009511939123589609,0.3125,0.0,0.6071428571428571,1
0.0,0.0006475006475006476,0.0013115184104396866,0.9020926266071896,0.3125,0.0,0.6428571428571428,1
0.0,0.0003885003885003885,0.9058329781304305,0.0009511939123589609,0.3125,0.0,0.6071428571428571,1
0.0,0.0003885003885003885,0.9098003213220106,0.0009511939123589609,0.3125,0.0,0.6071428571428571,1
0.0,0.021561771561771564,0.9136365126725466,0.0009511939123589609,0.3125,0.0,0.8571428571428571,1
0.0,0.0006475006475006476,0.0013115184104396866,0.9174429283652584,0.3125,0.0,0.6428571428571428,1
0.0,0.0006475006475006476,0.0013115184104396866,0.9212805038047756,0.3125,0.0,0.6428571428571428,1
0.0,0.021561771561771564,0.9251122987638939,0.0009511939123589609,0.3125,0.0,0.8571428571428571,1
0.0,0.021561771561771564,0.929112429915735,0.0009511939123589609,0.3125,0.0,0.8571428571428571,1
0.0,0.0006475006475006476,0.0013115184104396866,0.9330556284439778,0.3125,0.0,0.6428571428571428,1
0.0,0.0006475006475006476,0.0013115184104396866,0.9370244030438204,0.3125,0.0,0.6428571428571428,1
0.0,0.02178839678839679,0.9408177317289091,0.0009511939123589609,0.3125,0.0,0.8571428571428571,1
0.0,0.0006475006475006476,0.0013115184104396866,0.9446995539228548,0.3125,0.0,0.6428571428571428,1
0.0,0.02165889665889666,0.9488179940325913,0.0009511939123589609,0.3125,0.0,0.8571428571428571,1
0.0,0.02162652162652163,0.9526869733433884,0.0009511939123589609,0.3125,0.0,0.8571428571428571,1
0.0,0.0006475006475006476,0.0013115184104396866,0.9564418787719757,0.3125,0.0,0.6428571428571428,1
0.0,0.0006475006475006476,0.0013115184104396866,0.9606074521123064,0.3125,0.0,0.6428571428571428,1
0.0,0.0006475006475006476,0.0013115184104396866,0.9643794279716609,0.3125,0.0,0.6428571428571428,1
0.0,0.0006475006475006476,0.9681956785468376,0.0009511939123589609,0.3125,0.0,0.07142857142857142,1
0.0,0.018291893291893294,0.0013115184104396866,0.9717593807399632,0.3125,0.0,0.8571428571428571,1
0.0,0.0006475006475006476,0.0013115184104396866,0.9757281553398057,0.3125,0.0,0.6428571428571428,1
0.0,0.0006475006475006476,0.0013115184104396866,0.9796313303594856,0.3125,0.0,0.6428571428571428,1
0.0,0.0006475006475006476,0.0013115184104396866,0.9835345053791655,0.3125,0.0,0.6428571428571428,1
0.0,0.0006475006475006476,0.0013115184104396866,0.9875360797690894,0.3125,0.0,0.6428571428571428,1
0.0,0.0003885003885003885,0.9913767664513591,0.0009511939123589609,0.3125,0.0,0.6071428571428571,1
0.0,0.0006475006475006476,0.0013115184104396866,0.9955064287588559,0.3125,0.0,0.6428571428571428,1
0.0,0.0003885003885003885,0.9993442407947802,0.0009511939123589609,0.3125,0.0,0.6071428571428571,1
0.0,0.02178839678839679,0.5407718285845438,0.0009511939123589609,0.3125,0.0,0.8571428571428571,1
0.0,0.0003885003885003885,0.5445096560542969,0.0009511939123589609,0.3125,0.0,0.6071428571428571,1
0.0,0.021432271432271433,0.5485425751663989,0.0009511939123589609,0.3125,0.0,0.8571428571428571,1
0.0,0.02162652162652163,0.552509918357979,0.0009511939123589609,0.3125,0.0,0.8571428571428571,1
0.0,0.0214970214970215,0.5561821699072101,0.0009511939123589609,0.3125,0.0,0.8571428571428571,1
0.0,0.0003885003885003885,0.5599527853372241,0.0009511939123589609,0.3125,0.0,0.6071428571428571,1
0.0,0.0003885003885003885,0.5638873405685433,0.0009511939123589609,0.3125,0.0,0.6071428571428571,1
0.0,0.02178839678839679,0.5678874717203843,0.0009511939123589609,0.3125,0.0,0.8571428571428571,1
0.0,0.021432271432271433,0.5720187547132694,0.0009511939123589609,0.3125,0.0,0.8571428571428571,1
0.0,0.0003885003885003885,0.0013115184104396866,0.5756691157176593,0.3125,0.0,0.5714285714285714,1
0.0,0.021432271432271433,0.5796255614938195,0.0009511939123589609,0.3125,0.0,0.8571428571428571,1
0.0,0.02162652162652163,0.5833961769238336,0.0009511939123589609,0.3125,0.0,0.8571428571428571,1
0.0,0.0006475006475006476,0.0013115184104396866,0.5871162424560482,0.3125,0.0,0.6428571428571428,1
0.0,0.02178839678839679,0.5910685596249058,0.0009511939123589609,0.3125,0.0,0.8571428571428571,1
0.0,0.0006475006475006476,0.0013115184104396866,0.5948569929152453,0.3125,0.0,0.6428571428571428,1
0.0,0.02178839678839679,0.5988720941670219,0.0009511939123589609,0.3125,0.0,0.8571428571428571,1
0.0,0.0006475006475006476,0.0013115184104396866,0.602663342954605,0.3125,0.0,0.6428571428571428,1
0.0,0.02175602175602176,0.606872356470704,0.0009511939123589609,0.3125,0.0,0.8571428571428571,1
0.0,0.0006475006475006476,0.0013115184104396866,0.6106336919443714,0.3125,0.0,0.6428571428571428,1
0.0,0.02178839678839679,0.6147086789730811,0.0009511939123589609,0.3125,0.0,0.8571428571428571,1
0.0,0.0003885003885003885,0.6184465064428342,0.0009511939123589609,0.3125,0.0,0.6071428571428571,1
0.0,0.02162652162652163,0.6224794255549363,0.0009511939123589609,0.3125,0.0,0.8571428571428571,1
0.0,0.02165889665889666,0.6263811928259944,0.0009511939123589609,0.3125,0.0,0.8571428571428571,1
0.0,0.0006475006475006476,0.0013115184104396866,0.6301495670427708,0.3125,0.0,0.6428571428571428,1
0.0,0.0003885003885003885,0.6340863634873275,0.0009511939123589609,0.3125,0.0,0.6071428571428571,1
0.0,0.0003885003885003885,0.6379225548378635,0.0009511939123589609,0.3125,0.0,0.6071428571428571,1
0.0,0.0006475006475006476,0.0013115184104396866,0.6417606927315664,0.3125,0.0,0.6428571428571428,1
0.0,0.0003885003885003885,0.6458900291812847,0.0009511939123589609,0.3125,0.0,0.6071428571428571,1
0.0,0.02162652162652163,0.6498573723728647,0.0009511939123589609,0.3125,0.0,0.8571428571428571,1
0.0,0.0006475006475006476,0.0013115184104396866,0.6537326161112568,0.3125,0.0,0.6428571428571428,1
0.0,0.0003885003885003885,0.6579232105970688,0.0009511939123589609,0.3125,0.0,0.5714285714285714,1
0.0,0.0006475006475006476,0.0013115184104396866,0.6616045657307793,0.3125,0.0,0.6428571428571428,1
0.0,0.0006475006475006476,0.0013115184104396866,0.6655077407504592,0.3125,0.0,0.6428571428571428,1
0.0,0.0006475006475006476,0.0013115184104396866,0.6698045132511151,0.3125,0.0,0.6428571428571428,1
0.0,0.0003885003885003885,0.0013115184104396866,0.6736748884807137,0.3125,0.0,0.5714285714285714,1
0.0,0.0006475006475006476,0.0013115184104396866,0.6778404618210443,0.3125,0.0,0.6428571428571428,1
0.0,0.0006475006475006476,0.0013115184104396866,0.6817436368407241,0.3125,0.0,0.6428571428571428,1
0.0,0.0006475006475006476,0.6857274008983901,0.0009511939123589609,0.3125,0.0,0.07142857142857142,1
0.0,0.0006475006475006476,0.0013115184104396866,0.6897795854106533,0.3125,0.0,0.6428571428571428,1
0.0,0.0006475006475006476,0.6937932391225942,0.0009511939123589609,0.3125,0.0,0.07142857142857142,1
0.0,0.0006475006475006476,0.0013115184104396866,0.6974219364996064,0.3125,0.0,0.6428571428571428,1
0.0,0.0003885003885003885,0.7014000459031444,0.0009511939123589609,0.3125,0.0,0.5714285714285714,1
0.0,0.0003885003885003885,0.0013115184104396866,0.7049658882183153,0.3125,0.0,0.5714285714285714,1
0.0,0.0003885003885003885,0.0013115184104396866,0.7087706638677512,0.3125,0.0,0.5714285714285714,1
0.0,0.0003885003885003885,0.7126791042329257,0.0009511939123589609,0.3125,0.0,0.5714285714285714,1
0.0,0.0006475006475006476,0.0013115184104396866,0.7163802151666229,0.3125,0.0,0.6428571428571428,1
0.0,0.0003885003885003885,0.0013115184104396866,0.7203817895565467,0.3125,0.0,0.5714285714285714,1
0.0,0.0006475006475006476,0.0013115184104396866,0.7242521647861453,0.3125,0.0,0.6428571428571428,1
0.0,0.0006475006475006476,0.0013115184104396866,0.7280569404355811,0.3125,0.0,0.6428571428571428,1
0.0,0.0006475006475006476,0.0013115184104396866,0.7319273156651797,0.3125,0.0,0.6428571428571428,1
0.0,0.0003885003885003885,0.0013115184104396866,0.7355352925741274,0.3125,0.0,0.5714285714285714,1
0.0,0.0003885003885003885,0.0013115184104396866,0.7392416688533192,0.3125,0.0,0.5714285714285714,1
0.0,0.0003885003885003885,0.0013115184104396866,0.7429808449225924,0.3125,0.0,0.5714285714285714,1
0.0,0.0003885003885003885,0.7467457949440965,0.0009511939123589609,0.3125,0.0,0.5714285714285714,1
0.0,0.0003885003885003885,0.7503524705728057,0.0009511939123589609,0.3125,0.0,0.6071428571428571,1
0.0,0.0006475006475006476,0.0013115184104396866,0.7540671739700865,0.3125,0.0,0.6428571428571428,1
0.0,0.0003885003885003885,0.0013115184104396866,0.7575767515087902,0.3125,0.0,0.5714285714285714,1
0.0,0.0006475006475006476,0.0013115184104396866,0.7614143269483075,0.3125,0.0,0.6428571428571428,1
0.0,0.0006475006475006476,0.0013115184104396866,0.765186302807662,0.3125,0.0,0.6428571428571428,1
0.0,0.0003885003885003885,0.7689104560805272,0.0009511939123589609,0.3125,0.0,0.5714285714285714,1
0.0,0.0006475006475006476,0.0013115184104396866,0.7725334557858828,0.3125,0.0,0.6428571428571428,1
0.0,0.0003885003885003885,0.0013115184104396866,0.776075833114668,0.3125,0.0,0.5714285714285714,1
0.0,0.0003885003885003885,0.7798944227679596,0.0009511939123589609,0.3125,0.0,0.5714285714285714,1
0.0,0.0006475006475006476,0.0013115184104396866,0.7837509839937024,0.3125,0.0,0.6428571428571428,1
0.0,0.0003885003885003885,0.0013115184104396866,0.7876869588034636,0.3125,0.0,0.5714285714285714,1
0.0,0.0006475006475006476,0.0013115184104396866,0.7916885331933875,0.3125,0.0,0.6428571428571428,1
0.0,0.0003885003885003885,0.7955014918521919,0.0009511939123589609,0.3125,0.0,0.5714285714285714,1
0.0,0.0003885003885003885,0.0013115184104396866,0.7992652847021778,0.3125,0.0,0.5714285714285714,1
0.0,0.0006475006475006476,0.0013115184104396866,0.8034964576226712,0.3125,0.0,0.6428571428571428,1
0.0,0.0003885003885003885,0.0013115184104396866,0.807104434531619,0.3125,0.0,0.5714285714285714,1
0.0,0.0006475006475006476,0.0013115184104396866,0.8110732091314615,0.3125,0.0,0.6428571428571428,1
0.0,0.0006475006475006476,0.0013115184104396866,0.8149107845709787,0.3125,0.0,0.6428571428571428,1
0.0,0.0003885003885003885,0.0013115184104396866,0.8185515612700078,0.3125,0.0,0.5714285714285714,1
0.0,0.0003885003885003885,0.8225515590675104,0.0009511939123589609,0.3125,0.0,0.5714285714285714,1
0.0,0.0003885003885003885,0.0013115184104396866,0.8261939123589608,0.3125,0.0,0.5714285714285714,1
0.0,0.0006475006475006476,0.0013115184104396866,0.8300642875885593,0.3125,0.0,0.6428571428571428,1
0.0,0.0006475006475006476,0.0013115184104396866,0.8339346628181579,0.3125,0.0,0.6428571428571428,1
0.0,0.0006475006475006476,0.0013115184104396866,0.8377394384675937,0.3125,0.0,0.6428571428571428,1
0.0,0.0003885003885003885,0.8415030000983639,0.0009511939123589609,0.3125,0.0,0.5714285714285714,1
0.0,0.0003885003885003885,0.8453391914489,0.0009511939123589609,0.3125,0.0,0.5714285714285714,1
0.0,0.0006475006475006476,0.0013115184104396866,0.8490881658357385,0.3125,0.0,0.6428571428571428,1
0.0,0.0003885003885003885,0.0013115184104396866,0.8527289425347677,0.3125,0.0,0.5714285714285714,1
0.0,0.0003885003885003885,0.8572412210236402,0.0009511939123589609,0.3125,0.0,0.5714285714285714,1
0.0,0.0003885003885003885,0.8612413521754811,0.0009511939123589609,0.3125,0.0,0.5714285714285714,1
0.0,0.0003885003885003885,0.0013115184104396866,0.8652912621359222,0.3125,0.0,0.5714285714285714,1
0.0,0.0006475006475006476,0.0013115184104396866,0.8696536342167409,0.3125,0.0,0.6428571428571428,1
0.0,0.0006475006475006476,0.0013115184104396866,0.8736552086066648,0.3125,0.0,0.6428571428571428,1
0.0,0.0006475006475006476,0.0013115184104396866,0.8777551823668328,0.3125,0.0,0.6428571428571428,1
0.0,0.0006475006475006476,0.0013115184104396866,0.8816255575964314,0.3125,0.0,0.6428571428571428,1
0.0,0.0003885003885003885,0.0013115184104396866,0.8853975334557858,0.3125,0.0,0.5714285714285714,1
0.0,0.0006475006475006476,0.0013115184104396866,0.889136709525059,0.3125,0.0,0.6428571428571428,1
0.0,0.0003885003885003885,0.8930784615889046,0.0009511939123589609,0.3125,0.0,0.5714285714285714,1
0.0,0.0003885003885003885,0.0013115184104396866,0.896680661243768,0.3125,0.0,0.5714285714285714,1
0.0,0.0003885003885003885,0.9006524804091938,0.0009511939123589609,0.3125,0.0,0.5714285714285714,1
0.0,0.0003885003885003885,0.0013115184104396866,0.9047822093938598,0.3125,0.0,0.5714285714285714,1
0.0,0.0003885003885003885,0.9086199547526149,0.0009511939123589609,0.3125,0.0,0.5714285714285714,1
0.0,0.0003885003885003885,0.9125872979441949,0.0009511939123589609,0.3125,0.0,0.5714285714285714,1
0.0,0.0003885003885003885,0.0013115184104396866,0.9165901338231435,0.3125,0.0,0.5714285714285714,1
0.0,0.0006475006475006476,0.0013115184104396866,0.9206245080031487,0.3125,0.0,0.6428571428571428,1
0.0,0.0003885003885003885,0.0013115184104396866,0.9243964838625032,0.3125,0.0,0.5714285714285714,1
0.0,0.0006475006475006476,0.0013115184104396866,0.928398058252427,0.3125,0.0,0.6428571428571428,1
0.0,0.0003885003885003885,0.9324895898226172,0.0009511939123589609,0.3125,0.0,0.5714285714285714,1
0.0,0.0003885003885003885,0.0013115184104396866,0.9364012070322749,0.3125,0.0,0.5714285714285714,1
0.0,0.0003885003885003885,0.0013115184104396866,0.9405995801626869,0.3125,0.0,0.5714285714285714,1
0.0,0.0003885003885003885,0.0013115184104396866,0.9446011545526107,0.3125,0.0,0.5714285714285714,1
0.0,0.0003885003885003885,0.0013115184104396866,0.948537129362372,0.3125,0.0,0.5714285714285714,1
0.0,0.0003885003885003885,0.9525886094626054,0.0009511939123589609,0.3125,0.0,0.5714285714285714,1
0.0,0.0006475006475006476,0.0013115184104396866,0.9564746785620571,0.3125,0.0,0.6428571428571428,1
0.0,0.0006475006475006476,0.0013115184104396866,0.960574652322225,0.3125,0.0,0.6428571428571428,1
0.0,0.0003885003885003885,0.0013115184104396866,0.9642810286014168,0.3125,0.0,0.5714285714285714,1
0.0,0.0003885003885003885,0.0013115184104396866,0.9683482025715034,0.3125,0.0,0.5714285714285714,1
0.0,0.0003885003885003885,0.9722285976589397,0.0009511939123589609,0.3125,0.0,0.5714285714285714,1
0.0,0.0006475006475006476,0.0013115184104396866,0.9759905536604565,0.3125,0.0,0.6428571428571428,1
0.0,0.0003885003885003885,0.9798026164792288,0.0009511939123589609,0.3125,0.0,0.5714285714285714,1
0.0,0.0003885003885003885,0.0013115184104396866,0.9835673051692468,0.3125,0.0,0.5714285714285714,1
0.0,0.0003885003885003885,0.987573363061084,0.0009511939123589609,0.3125,0.0,0.5714285714285714,1
0.0,0.0006475006475006476,0.0013115184104396866,0.991504854368932,0.3125,0.0,0.6428571428571428,1
0.0,0.0003885003885003885,0.9954752614839831,0.0009511939123589609,0.3125,0.0,0.5714285714285714,1
0.0,0.0003885003885003885,0.9993770287550412,0.0009511939123589609,0.3125,0.0,0.5714285714285714,1
0.0,0.0003885003885003885,0.0013115184104396866,0.5403109420099711,0.3125,0.0,0.5714285714285714,1
0.0,0.0003885003885003885,0.544378504213253,0.0009511939123589609,0.3125,0.0,0.5714285714285714,1
0.0,0.0006475006475006476,0.0013115184104396866,0.5483468905799003,0.3125,0.0,0.6428571428571428,1
0.0,0.0006475006475006476,0.0013115184104396866,0.5520860666491734,0.3125,0.0,0.6428571428571428,1
0.0,0.0003885003885003885,0.0013115184104396866,0.5559892416688532,0.3125,0.0,0.5714285714285714,1
0.0,0.0006475006475006476,0.0013115184104396866,0.5599908160587772,0.3125,0.0,0.6428571428571428,1
0.0,0.0006475006475006476,0.0013115184104396866,0.5639595906586197,0.3125,0.0,0.6428571428571428,1
0.0,0.0003885003885003885,0.5681825633627332,0.0009511939123589609,0.3125,0.0,0.6071428571428571,1
0.0,0.0003885003885003885,0.0013115184104396866,0.5717987404880608,0.3125,0.0,0.5714285714285714,1
0.0,0.0003885003885003885,0.5760844617856323,0.0009511939123589609,0.3125,0.0,0.5714285714285714,1
0.0,0.0006475006475006476,0.5800190170169514,0.0009511939123589609,0.3125,0.0,0.07142857142857142,1
0.0,0.0003885003885003885,0.0013115184104396866,0.5837378640776698,0.3125,0.0,0.5714285714285714,1
0.0,0.0003885003885003885,0.5880520672808944,0.0009511939123589609,0.3125,0.0,0.5714285714285714,1
0.0,0.0003885003885003885,0.0013115184104396866,0.5917082130674363,0.3125,0.0,0.5714285714285714,1
0.0,0.0003885003885003885,0.0013115184104396866,0.5955785882970348,0.3125,0.0,0.5714285714285714,1
0.0,0.0003885003885003885,0.5995606413325028,0.0009511939123589609,0.3125,0.0,0.5714285714285714,1
0.0,0.0003885003885003885,0.6036263484048657,0.0009511939123589609,0.3125,0.0,0.5714285714285714,1
0.0,0.0003885003885003885,0.6075281156759238,0.0009511939123589609,0.3125,0.0,0.5714285714285714,1
0.0,0.0003885003885003885,0.0013115184104396866,0.6113552873261611,0.3125,0.0,0.5714285714285714,1
0.0,0.0006475006475006476,0.0013115184104396866,0.6154224612962477,0.3125,0.0,0.6428571428571428,1
0.0,0.0003885003885003885,0.61962687301223,0.0009511939123589609,0.3125,0.0,0.5714285714285714,1
0.0,0.0003885003885003885,0.0013115184104396866,0.6233928102860141,0.3125,0.0,0.5714285714285714,1
0.0,0.0006475006475006476,0.627659923276173,0.0009511939123589609,0.3125,0.0,0.07142857142857142,1
0.0,0.0006475006475006476,0.0013115184104396866,0.6312319601154552,0.3125,0.0,0.6428571428571428,1
0.0,0.0006475006475006476,0.0013115184104396866,0.6350367357648911,0.3125,0.0,0.6428571428571428,1
0.0,0.0006475006475006476,0.0013115184104396866,0.6388743112044082,0.3125,0.0,0.6428571428571428,1
0.0,0.0006475006475006476,0.0013115184104396866,0.6425478876935187,0.3125,0.0,0.6428571428571428,1
0.0,0.0006475006475006476,0.0013115184104396866,0.6465494620834425,0.3125,0.0,0.6428571428571428,1
0.0,0.0006475006475006476,0.0013115184104396866,0.6507150354237732,0.3125,0.0,0.6428571428571428,1
0.0,0.0003885003885003885,0.0013115184104396866,0.6546510102335344,0.3125,0.0,0.5714285714285714,1
0.0,0.0006475006475006476,0.0013115184104396866,0.6586853844135396,0.3125,0.0,0.6428571428571428,1
0.0,0.0006475006475006476,0.0013115184104396866,0.6629821569141957,0.3125,0.0,0.6428571428571428,1
0.0,0.0006475006475006476,0.6668743237483197,0.0009511939123589609,0.3125,0.0,0.07142857142857142,1
0.0,0.0003885003885003885,0.6707760910193777,0.0009511939123589609,0.3125,0.0,0.5714285714285714,1
0.0,0.0006475006475006476,0.0013115184104396866,0.6743636840724219,0.3125,0.0,0.6428571428571428,1
0.0,0.0003885003885003885,0.0013115184104396866,0.6781028601416951,0.3125,0.0,0.5714285714285714,1
0.0,0.0003885003885003885,0.6824158169120299,0.0009511939123589609,0.3125,0.0,0.5714285714285714,1
0.0,0.0003885003885003885,0.686186432342044,0.0009511939123589609,0.3125,0.0,0.5714285714285714,1
0.0,0.0006475006475006476,0.0013115184104396866,0.6901403831015481,0.3125,0.0,0.6428571428571428,1
0.0,0.0006475006475006476,0.0013115184104396866,0.6941091577013906,0.3125,0.0,0.6428571428571428,1
0.0,0.0003885003885003885,0.6976950063936522,0.0009511939123589609,0.3125,0.0,0.5714285714285714,1
0.0,0.0006475006475006476,0.0013115184104396866,0.7014563106796116,0.3125,0.0,0.6428571428571428,1
0.0,0.0006475006475006476,0.0013115184104396866,0.7053922854893728,0.3125,0.0,0.6428571428571428,1
0.0,0.0006475006475006476,0.0013115184104396866,0.7090986617685646,0.3125,0.0,0.6428571428571428,1
0.0,0.0003885003885003885,0.7130397717957966,0.0009511939123589609,0.3125,0.0,0.5714285714285714,1
0.0,0.0003885003885003885,0.0013115184104396866,0.7170690107583311,0.3125,0.0,0.5714285714285714,1
0.0,0.0003885003885003885,0.7209088822584347,0.0009511939123589609,0.3125,0.0,0.5714285714285714,1
0.0,0.0003885003885003885,0.0013115184104396866,0.7244817633167147,0.3125,0.0,0.5714285714285714,1
0.0,0.0003885003885003885,0.0013115184104396866,0.7281553398058251,0.3125,0.0,0.5714285714285714,1
0.0,0.0003885003885003885,0.7317289091445621,0.0009511939123589609,0.3125,0.0,0.5714285714285714,1
0.0,0.0006475006475006476,0.0013115184104396866,0.7353056940435581,0.3125,0.0,0.6428571428571428,1
0.0,0.0003885003885003885,0.0013115184104396866,0.7390448701128312,0.3125,0.0,0.5714285714285714,1
0.0,0.0003885003885003885,0.7429096035935605,0.0009511939123589609,0.3125,0.0,0.5714285714285714,1
0.0,0.0006475006475006476,0.0013115184104396866,0.7468184203621097,0.3125,0.0,0.6428571428571428,1
0.0,0.0003885003885003885,0.7503852585330667,0.0009511939123589609,0.3125,0.0,0.5714285714285714,1
0.0,0.0003885003885003885,0.0013115184104396866,0.7541327735502492,0.3125,0.0,0.5714285714285714,1
0.0,0.0003885003885003885,0.0013115184104396866,0.7580359485699291,0.3125,0.0,0.5714285714285714,1
0.0,0.0003885003885003885,0.7621233483065019,0.0009511939123589609,0.3125,0.0,0.5714285714285714,1
0.0,0.0006475006475006476,0.0013115184104396866,0.7658750983993702,0.3125,0.0,0.6428571428571428,1
0.0,0.02162652162652163,0.7695662152857471,0.0009511939123589609,0.3125,0.0,0.8571428571428571,1
0.0,0.0006475006475006476,0.0013115184104396866,0.7734846496982418,0.3125,0.0,0.6428571428571428,1
0.0,0.0003885003885003885,0.7771402341060363,0.0009511939123589609,0.3125,0.0,0.5714285714285714,1
0.0,0.021432271432271433,0.7809764254565724,0.0009511939123589609,0.3125,0.0,0.8571428571428571,1
0.0,0.0006475006475006476,0.7849109806878914,0.0009511939123589609,0.3125,0.0,0.07142857142857142,1
0.0,0.0003885003885003885,0.0013115184104396866,0.7883757543951718,0.3125,0.0,0.5714285714285714,1
0.0,0.0003885003885003885,0.7923866356273976,0.0009511939123589609,0.3125,0.0,0.5714285714285714,1
0.0,0.0003885003885003885,0.0013115184104396866,0.7959197061138807,0.3125,0.0,0.5714285714285714,1
0.0,0.02175602175602176,0.7998295026066429,0.0009511939123589609,0.3125,0.0,0.8571428571428571,1
0.0,0.0003885003885003885,0.8037312698777009,0.0009511939123589609,0.3125,0.0,0.5714285714285714,1
0.0,0.0003885003885003885,0.0013115184104396866,0.807399632642351,0.3125,0.0,0.5714285714285714,1
0.0,0.02162652162652163,0.8111413488966852,0.0009511939123589609,0.3125,0.0,0.8571428571428571,1
0.0,0.0006475006475006476,0.0013115184104396866,0.8152059826817107,0.3125,0.0,0.6428571428571428,1
0.0,0.0006475006475006476,0.0013115184104396866,0.818945158750984,0.3125,0.0,0.6428571428571428,1
0.0,0.021561771561771564,0.8228466507098594,0.0009511939123589609,0.3125,0.0,0.8571428571428571,1
0.0,0.0006475006475006476,0.0013115184104396866,0.8266859092101809,0.3125,0.0,0.6428571428571428,1
0.0,0.0003885003885003885,0.8304206695301486,0.0009511939123589609,0.3125,0.0,0.5714285714285714,1
0.0,0.021594146594146595,0.8340929210793797,0.0009511939123589609,0.3125,0.0,0.8571428571428571,1
0.0,0.0003885003885003885,0.0013115184104396866,0.8378378378378377,0.3125,0.0,0.5714285714285714,1
0.0,0.0003885003885003885,0.0013115184104396866,0.8414130149567042,0.3125,0.0,0.5714285714285714,1
0.0,0.0006475006475006476,0.0013115184104396866,0.845119391235896,0.3125,0.0,0.6428571428571428,1
0.0,0.021594146594146595,0.8488802911570872,0.0009511939123589609,0.3125,0.0,0.8571428571428571,1
0.0,0.0006475006475006476,0.0013115184104396866,0.8528929414851744,0.3125,0.0,0.6428571428571428,1
0.0,0.0003885003885003885,0.8567166136594643,0.0009511939123589609,0.3125,0.0,0.5714285714285714,1
0.0,0.021594146594146595,0.8605200170497393,0.0009511939123589609,0.3125,0.0,0.8571428571428571,1
0.0,0.0003885003885003885,0.0013115184104396866,0.8644712673838887,0.3125,0.0,0.5714285714285714,1
0.0,0.0003885003885003885,0.0013115184104396866,0.8684728417738126,0.3125,0.0,0.5714285714285714,1
0.0,0.0006475006475006476,0.0013115184104396866,0.8725072159538179,0.3125,0.0,0.6428571428571428,1
0.0,0.0003885003885003885,0.8764549657365815,0.0009511939123589609,0.3125,0.0,0.5714285714285714,1
0.0,0.0003885003885003885,0.0013115184104396866,0.8805103647336656,0.3125,0.0,0.5714285714285714,1
0.0,0.0003885003885003885,0.0013115184104396866,0.8841511414326948,0.3125,0.0,0.5714285714285714,1
0.0,0.0003885003885003885,0.0013115184104396866,0.8879559170821306,0.3125,0.0,0.5714285714285714,1
0.0,0.0006475006475006476,0.0013115184104396866,0.8919574914720545,0.3125,0.0,0.6428571428571428,1
0.0,0.0006475006475006476,0.89589822617135,0.0009511939123589609,0.3125,0.0,0.07142857142857142,1
0.0,0.0003885003885003885,0.899767205482147,0.0009511939123589609,0.3125,0.0,0.5714285714285714,1
0.0,0.0006475006475006476,0.0013115184104396866,0.9037982156914195,0.3125,0.0,0.6428571428571428,1
0.0,0.0003885003885003885,0.0013115184104396866,0.9077013907110993,0.3125,0.0,0.5714285714285714,1
0.0,0.0006475006475006476,0.0013115184104396866,0.9115389661506166,0.3125,0.0,0.6428571428571428,1
0.0,0.0006475006475006476,0.0013115184104396866,0.9154421411702964,0.3125,0.0,0.6428571428571428,1
0.0,0.0006475006475006476,0.0013115184104396866,0.9192469168197323,0.3125,0.0,0.6428571428571428,1
0.0,0.0006475006475006476,0.0013115184104396866,0.9230516924691681,0.3125,0.0,0.6428571428571428,1
0.0,0.0006475006475006476,0.0013115184104396866,0.9268236683285226,0.3125,0.0,0.6428571428571428,1
0.0,0.0003885003885003885,0.9305223122069577,0.0009511939123589609,0.3125,0.0,0.5714285714285714,1
0.0,0.0006475006475006476,0.0013115184104396866,0.9345644187877197,0.3125,0.0,0.6428571428571428,1
0.0,0.0003885003885003885,0.0013115184104396866,0.9384675938073995,0.3125,0.0,0.5714285714285714,1
0.0,0.0006475006475006476,0.0013115184104396866,0.9425347677774861,0.3125,0.0,0.6428571428571428,1
0.0,0.0006475006475006476,0.0013115184104396866,0.9465035423773287,0.3125,0.0,0.6428571428571428,1
0.0,0.0003885003885003885,0.0013115184104396866,0.9503083180267645,0.3125,0.0,0.5714285714285714,1
0.0,0.0003885003885003885,0.0013115184104396866,0.9542114930464444,0.3125,0.0,0.5714285714285714,1
0.0,0.0003885003885003885,0.0013115184104396866,0.9580490684859616,0.3125,0.0,0.5714285714285714,1
0.0,0.0003885003885003885,0.9622282697793371,0.0009511939123589609,0.3125,0.0,0.5714285714285714,1
0.0,0.0003885003885003885,0.9660644611298731,0.0009511939123589609,0.3125,0.0,0.5714285714285714,1
0.0,0.0006475006475006476,0.9699990163611922,0.0009511939123589609,0.3125,0.0,0.07142857142857142,1
0.0,0.0003885003885003885,0.9740319354732943,0.0009511939123589609,0.3125,0.0,0.5714285714285714,1
0.0,0.0006475006475006476,0.0013115184104396866,0.977860141695093,0.3125,0.0,0.6428571428571428,1
0.0,0.0006475006475006476,0.0013115184104396866,0.9817633167147729,0.3125,0.0,0.6428571428571428,1
0.0,0.0006475006475006476,0.0013115184104396866,0.9856664917344529,0.3125,0.0,0.6428571428571428,1
0.0,0.0003885003885003885,0.9895406406767435,0.0009511939123589609,0.3125,0.0,0.5714285714285714,1
0.0,0.0003885003885003885,0.0013115184104396866,0.9934072421936498,0.3125,0.0,0.5714285714285714,1
0.0,0.0003885003885003885,0.0013115184104396866,0.9971792180530044,0.3125,0.0,0.5714285714285714,1
0.0,0.0006475006475006476,0.0013115184104396866,0.5380805562844397,0.3125,0.0,0.6428571428571428,1
0.0,0.0003885003885003885,0.5422144988360275,0.0009511939123589609,0.3125,0.0,0.5714285714285714,1
0.0,0.0003885003885003885,0.5461818420276074,0.0009511939123589609,0.3125,0.0,0.5714285714285714,1
0.0,0.0003885003885003885,0.5502803370602315,0.0009511939123589609,0.3125,0.0,0.5714285714285714,1
0.0,0.0006475006475006476,0.0013115184104396866,0.554054054054054,0.3125,0.0,0.6428571428571428,1
0.0,0.0003885003885003885,0.5581166595626086,0.0009511939123589609,0.3125,0.0,0.5714285714285714,1
0.0,0.0003885003885003885,0.0013115184104396866,0.5619588034636578,0.3125,0.0,0.5714285714285714,1
0.0,0.0003885003885003885,0.5660513459457688,0.0009511939123589609,0.3125,0.0,0.5714285714285714,1
0.0,0.0006475006475006476,0.0013115184104396866,0.5698635528732615,0.3125,0.0,0.6428571428571428,1
0.0,0.0006475006475006476,0.0013115184104396866,0.5739635266334295,0.3125,0.0,0.6428571428571428,1
0.0,0.0003885003885003885,0.0013115184104396866,0.5779979008134347,0.3125,0.0,0.5714285714285714,1
0.0,0.0006475006475006476,0.0013115184104396866,0.5819994752033586,0.3125,0.0,0.6428571428571428,1
0.0,0.0006475006475006476,0.0013115184104396866,0.5860666491734452,0.3125,0.0,0.6428571428571428,1
0.0,0.0006475006475006476,0.0013115184104396866,0.589969824193125,0.3125,0.0,0.6428571428571428,1
0.0,0.0003885003885003885,0.0013115184104396866,0.5936106008921542,0.3125,0.0,0.5714285714285714,1
0.0,0.0006475006475006476,0.0013115184104396866,0.5975793754919968,0.3125,0.0,0.6428571428571428,1
0.0,0.0003885003885003885,0.0013115184104396866,0.6013513513513513,0.3125,0.0,0.5714285714285714,1
0.0,0.0003885003885003885,0.0013115184104396866,0.6052217265809499,0.3125,0.0,0.5714285714285714,1
0.0,0.0003885003885003885,0.0013115184104396866,0.6091249016006297,0.3125,0.0,0.5714285714285714,1
0.0,0.0006475006475006476,0.0013115184104396866,0.6132576751508789,0.3125,0.0,0.6428571428571428,1
0.0,0.0003885003885003885,0.0013115184104396866,0.6170296510102334,0.3125,0.0,0.5714285714285714,1
0.0,0.0006475006475006476,0.0013115184104396866,0.6208672264497507,0.3125,0.0,0.6428571428571428,1
0.0,0.0003885003885003885,0.6250040984950327,0.0009511939123589609,0.3125,0.0,0.5714285714285714,1
0.0,0.0003885003885003885,0.6287091380045248,0.0009511939123589609,0.3125,0.0,0.5714285714285714,1
0.0,0.0003885003885003885,0.0013115184104396866,0.6324455523484649,0.3125,0.0,0.5714285714285714,1
0.0,0.0003885003885003885,0.0013115184104396866,0.6363159275780634,0.3125,0.0,0.5714285714285714,1
0.0,0.0003885003885003885,0.640480015738221,0.0009511939123589609,0.3125,0.0,0.5714285714285714,1
0.0,0.0003885003885003885,0.644217843207974,0.0009511939123589609,0.3125,0.0,0.5714285714285714,1
0.0,0.0003885003885003885,0.0013115184104396866,0.6480910522172657,0.3125,0.0,0.5714285714285714,1
0.0,0.0003885003885003885,0.6520213777500902,0.0009511939123589609,0.3125,0.0,0.5714285714285714,1
0.0,0.0006475006475006476,0.0013115184104396866,0.6558974022566255,0.3125,0.0,0.6428571428571428,1
0.0,0.0003885003885003885,0.6597921243319453,0.0009511939123589609,0.3125,0.0,0.5714285714285714,1
0.0,0.0006475006475006476,0.0013115184104396866,0.6635397533455785,0.3125,0.0,0.6428571428571428,1
0.0,0.0003885003885003885,0.0013115184104396866,0.6674429283652584,0.3125,0.0,0.5714285714285714,1
0.0,0.0003885003885003885,0.6715302141053805,0.0009511939123589609,0.3125,0.0,0.5714285714285714,1
0.0,0.0006475006475006476,0.0013115184104396866,0.6753148779847808,0.3125,0.0,0.6428571428571428,1
0.0,0.0003885003885003885,0.0013115184104396866,0.6790868538441354,0.3125,0.0,0.5714285714285714,1
0.0,0.0003885003885003885,0.0013115184104396866,0.6829900288638152,0.3125,0.0,0.5714285714285714,1
0.0,0.0003885003885003885,0.6871372831896128,0.0009511939123589609,0.3125,0.0,0.5714285714285714,1
0.0,0.0006475006475006476,0.6912357782222368,0.0009511939123589609,0.3125,0.0,0.07142857142857142,1
0.0,0.0003885003885003885,0.0013115184104396866,0.6947323537129362,0.3125,0.0,0.5714285714285714,1
0.0,0.0003885003885003885,0.6983179776386111,0.0009511939123589609,0.3125,0.0,0.5714285714285714,1
0.0,0.0006475006475006476,0.0013115184104396866,0.7021451062713198,0.3125,0.0,0.6428571428571428,1
0.0,0.0006475006475006476,0.0013115184104396866,0.7060154815009183,0.3125,0.0,0.6428571428571428,1
0.0,0.0006475006475006476,0.0013115184104396866,0.7099514563106796,0.3125,0.0,0.6428571428571428,1
0.0,0.0003885003885003885,0.0013115184104396866,0.7136578325898714,0.3125,0.0,0.5714285714285714,1
0.0,0.0003885003885003885,0.7177284501131185,0.0009511939123589609,0.3125,0.0,0.5714285714285714,1
0.0,0.0003885003885003885,0.7215974294239156,0.0009511939123589609,0.3125,0.0,0.5714285714285714,1
0.0,0.0003885003885003885,0.7252041050526247,0.0009511939123589609,0.3125,0.0,0.5714285714285714,1
0.0,0.0006475006475006476,0.0013115184104396866,0.7289753345578588,0.3125,0.0,0.6428571428571428,1
0.0,0.0006475006475006476,0.0013115184104396866,0.73291130936762,0.3125,0.0,0.6428571428571428,1
0.0,0.0006475006475006476,0.0013115184104396866,0.7368472841773812,0.3125,0.0,0.6428571428571428,1
0.0,0.0003885003885003885,0.0013115184104396866,0.740455261086329,0.3125,0.0,0.5714285714285714,1
0.0,0.0006475006475006476,0.7444506377258271,0.0009511939123589609,0.3125,0.0,0.07142857142857142,1
0.0,0.021561771561771564,0.7482212531558412,0.0009511939123589609,0.3125,0.0,0.8571428571428571,1
0.0,0.0003885003885003885,0.7521885963474213,0.0009511939123589609,0.3125,0.0,0.5714285714285714,1
0.0,0.0003885003885003885,0.0013115184104396866,0.7558055628443977,0.3125,0.0,0.5714285714285714,1
0.0,0.0006475006475006476,0.0013115184104396866,0.7594463395434269,0.3125,0.0,0.6428571428571428,1
0.0,0.0003885003885003885,0.0013115184104396866,0.7629559170821306,0.3125,0.0,0.5714285714285714,1
0.0,0.0006475006475006476,0.0013115184104396866,0.7667606927315664,0.3125,0.0,0.6428571428571428,1
0.0,0.0006475006475006476,0.0013115184104396866,0.7705654683810023,0.3125,0.0,0.6428571428571428,1
0.0,0.0003885003885003885,0.0013115184104396866,0.7743046444502755,0.3125,0.0,0.5714285714285714,1
0.0,0.0003885003885003885,0.0013115184104396866,0.7780110207294673,0.3125,0.0,0.5714285714285714,1
0.0,0.0006475006475006476,0.0013115184104396866,0.7819469955392284,0.3125,0.0,0.6428571428571428,1
0.0,0.0003885003885003885,0.7859274074559822,0.0009511939123589609,0.3125,0.0,0.5714285714285714,1
0.0,0.0006475006475006476,0.0013115184104396866,0.789917344528995,0.3125,0.0,0.6428571428571428,1
0.0,0.0003885003885003885,0.7939276697596643,0.0009511939123589609,0.3125,0.0,0.5714285714285714,1
0.0,0.0006475006475006476,0.0013115184104396866,0.797658094988192,0.3125,0.0,0.6428571428571428,1
0.0,0.0003885003885003885,0.8014033246991705,0.0009511939123589609,0.3125,0.0,0.5714285714285714,1
0.0,0.0003885003885003885,0.0013115184104396866,0.8051692469168197,0.3125,0.0,0.5714285714285714,1
0.0,0.0003885003885003885,0.8089445555591986,0.0009511939123589609,0.3125,0.0,0.5714285714285714,1
0.0,0.0003885003885003885,0.8128791107905178,0.0009511939123589609,0.3125,0.0,0.5714285714285714,1
0.0,0.0006475006475006476,0.0013115184104396866,0.8166163736552086,0.3125,0.0,0.6428571428571428,1
0.0,0.0003885003885003885,0.82022361388898,0.0009511939123589609,0.3125,0.0,0.5714285714285714,1
0.0,0.0006475006475006476,0.0013115184104396866,0.8240291262135921,0.3125,0.0,0.6428571428571428,1
0.0,0.0003885003885003885,0.0013115184104396866,0.8277027027027026,0.3125,0.0,0.5714285714285714,1
0.0,0.0006475006475006476,0.0013115184104396866,0.831835476252952,0.3125,0.0,0.6428571428571428,1
0.0,0.0006475006475006476,0.0013115184104396866,0.8359026502230384,0.3125,0.0,0.6428571428571428,1
0.0,0.0003885003885003885,0.0013115184104396866,0.8395762267121489,0.3125,0.0,0.5714285714285714,1
0.0,0.0003885003885003885,0.0013115184104396866,0.8433810023615848,0.3125,0.0,0.5714285714285714,1
0.0,0.0003885003885003885,0.0013115184104396866,0.8475137759118341,0.3125,0.0,0.5714285714285714,1
0.0,0.0003885003885003885,0.8513066002164006,0.0009511939123589609,0.3125,0.0,0.5714285714285714,1
0.0,0.0006475006475006476,0.0013115184104396866,0.8551561270007871,0.3125,0.0,0.6428571428571428,1
0.0,0.0003885003885003885,0.0013115184104396866,0.8588297034898976,0.3125,0.0,0.5714285714285714,1
0.0,0.0003885003885003885,0.8627168103872258,0.0009511939123589609,0.3125,0.0,0.5714285714285714,1
0.0,0.021691271691271694,0.8666841535788059,0.0009511939123589609,0.3125,0.0,0.8571428571428571,1
0.0,0.0003885003885003885,0.870487556969081,0.0009511939123589609,0.3125,0.0,0.5714285714285714,1
0.0,0.0003885003885003885,0.8743237483196171,0.0009511939123589609,0.3125,0.0,0.5714285714285714,1
0.0,0.0003885003885003885,0.0013115184104396866,0.8784767777486223,0.3125,0.0,0.5714285714285714,1
0.0,0.02165889665889666,0.8824879504246042,0.0009511939123589609,0.3125,0.0,0.8571428571428571,1
0.0,0.0003885003885003885,0.8862585658546183,0.0009511939123589609,0.3125,0.0,0.5714285714285714,1
0.0,0.0003885003885003885,0.8901603331256763,0.0009511939123589609,0.3125,0.0,0.5714285714285714,1
0.0,0.0003885003885003885,0.0013115184104396866,0.8940566780372605,0.3125,0.0,0.5714285714285714,1
0.0,0.0006475006475006476,0.0013115184104396866,0.8978614536866963,0.3125,0.0,0.6428571428571428,1
0.0,0.0006475006475006476,0.0013115184104396866,0.9017974284964575,0.3125,0.0,0.6428571428571428,1
0.0,0.0003885003885003885,0.9056362503688646,0.0009511939123589609,0.3125,0.0,0.5714285714285714,1
0.0,0.0006475006475006476,0.0013115184104396866,0.9094397795854106,0.3125,0.0,0.6428571428571428,1
0.0,0.0003885003885003885,0.9131774812288928,0.0009511939123589609,0.3125,0.0,0.5714285714285714,1
0.0,0.0003885003885003885,0.0013115184104396866,0.9171805300446076,0.3125,0.0,0.5714285714285714,1
0.0,0.0003885003885003885,0.9211121676120528,0.0009511939123589609,0.3125,0.0,0.5714285714285714,1
0.0,0.0003885003885003885,0.9251122987638939,0.0009511939123589609,0.3125,0.0,0.5714285714285714,1
0.0,0.0003885003885003885,0.0013115184104396866,0.9288900551036473,0.3125,0.0,0.5714285714285714,1
0.0,0.0003885003885003885,0.0013115184104396866,0.9328260299134085,0.3125,0.0,0.5714285714285714,1
0.0,0.0003885003885003885,0.0013115184104396866,0.9368276043033323,0.3125,0.0,0.5714285714285714,1
0.0,0.0006475006475006476,0.0013115184104396866,0.9406979795329309,0.3125,0.0,0.6428571428571428,1
0.0,0.0003885003885003885,0.0013115184104396866,0.9445355549724481,0.3125,0.0,0.5714285714285714,1
0.0,0.0006475006475006476,0.0013115184104396866,0.9485043295722907,0.3125,0.0,0.6428571428571428,1
0.0,0.0003885003885003885,0.9524574576215614,0.0009511939123589609,0.3125,0.0,0.5714285714285714,1
0.0,0.0003885003885003885,0.0013115184104396866,0.9562450800314877,0.3125,0.0,0.5714285714285714,1
0.0,0.0006475006475006476,0.0013115184104396866,0.9602466544214117,0.3125,0.0,0.6428571428571428,1
0.0,0.0003885003885003885,0.9641627594347356,0.0009511939123589609,0.3125,0.0,0.5714285714285714,1
0.0,0.0003885003885003885,0.9681628905865767,0.0009511939123589609,0.3125,0.0,0.5714285714285714,1
0.0,0.0003885003885003885,0.9721630217384177,0.0009511939123589609,0.3125,0.0,0.5714285714285714,1
0.0,0.0006475006475006476,0.0013115184104396866,0.9759249540802938,0.3125,0.0,0.6428571428571428,1
0.0,0.0003885003885003885,0.0013115184104396866,0.979860928890055,0.3125,0.0,0.5714285714285714,1
0.0,0.0006475006475006476,0.0013115184104396866,0.9838625032799789,0.3125,0.0,0.6428571428571428,1
0.0,0.0003885003885003885,0.0013115184104396866,0.9874376803988454,0.3125,0.0,0.5714285714285714,1
0.0,0.0003885003885003885,0.0013115184104396866,0.991504854368932,0.3125,0.0,0.5714285714285714,1
0.0,0.0006475006475006476,0.9954424735237222,0.0009511939123589609,0.3125,0.0,0.07142857142857142,1
0.0,0.0006475006475006476,0.0013115184104396866,0.9996392023091051,0.3125,0.0,0.6428571428571428,1
0.0,0.0006475006475006476,0.0013115184104396866,0.5403765415901337,0.3125,0.0,0.6428571428571428,1
0.0,0.0003885003885003885,0.5443457162529919,0.0009511939123589609,0.3125,0.0,0.5714285714285714,1
0.0,0.0003885003885003885,0.548116331683006,0.0009511939123589609,0.3125,0.0,0.5714285714285714,1
0.0,0.0003885003885003885,0.0013115184104396866,0.5516268695880345,0.3125,0.0,0.5714285714285714,1
0.0,0.0003885003885003885,0.5556247745827733,0.0009511939123589609,0.3125,0.0,0.5714285714285714,1
0.0,0.0003885003885003885,0.0013115184104396866,0.5595316189976384,0.3125,0.0,0.5714285714285714,1
0.0,0.0003885003885003885,0.0013115184104396866,0.5634019942272369,0.3125,0.0,0.5714285714285714,1
0.0,0.0003885003885003885,0.5676907439588184,0.0009511939123589609,0.3125,0.0,0.5714285714285714,1
0.0,0.0003885003885003885,0.5714285714285714,0.0009511939123589609,0.3125,0.0,0.5714285714285714,1
0.0,0.0006475006475006476,0.0013115184104396866,0.57543951718709,0.3125,0.0,0.6428571428571428,1
0.0,0.0003885003885003885,0.5794288337322535,0.0009511939123589609,0.3125,0.0,0.5714285714285714,1
0.0,0.0006475006475006476,0.0013115184104396866,0.5831474678562056,0.3125,0.0,0.6428571428571428,1
0.0,0.0006475006475006476,0.0013115184104396866,0.5870506428758855,0.3125,0.0,0.6428571428571428,1
0.0,0.0003885003885003885,0.5910357716646447,0.0009511939123589609,0.3125,0.0,0.5714285714285714,1
0.0,0.0003885003885003885,0.5948391750549199,0.0009511939123589609,0.3125,0.0,0.5714285714285714,1
0.0,0.0003885003885003885,0.0013115184104396866,0.5985305694043558,0.3125,0.0,0.5714285714285714,1
0.0,0.0003885003885003885,0.602675497557297,0.0009511939123589609,0.3125,0.0,0.5714285714285714,1
0.0,0.0003885003885003885,0.606511688907833,0.0009511939123589609,0.3125,0.0,0.5714285714285714,1
0.0,0.0006475006475006476,0.0013115184104396866,0.6104368932038834,0.3125,0.0,0.6428571428571428,1
0.0,0.0015216265216265218,0.9732122364667695,0.006904355812122802,0.3125,0.0,0.8571428571428571,0
0.0625,0.003755503755503756,0.8814059477359913,0.006904355812122802,0.3125,0.0,0.5714285714285714,0
0.0,0.0003885003885003885,0.6590052132856815,0.006904355812122802,0.3125,0.0,0.5714285714285714,0
0.03125,0.002072002072002072,0.6229384569985902,0.0009511939123589609,0.3125,0.0,0.5714285714285714,0
0.0,0.000777000777000777,0.9987540575100823,0.006904355812122802,0.3125,0.0,0.5714285714285714,0
0.0,0.0003885003885003885,0.9986884815895604,0.006904355812122802,0.3125,0.0,0.5714285714285714,0
0.0,0.0003885003885003885,0.5636906128069773,0.006904355812122802,0.3125,0.0,0.5714285714285714,0
0.0,0.0003885003885003885,0.849699990163612,0.0009511939123589609,0.3125,0.0,0.5714285714285714,0
0.0625,0.003755503755503756,0.8489786550378702,0.0009511939123589609,0.3125,0.0,0.5714285714285714,0
0.0,0.0006475006475006476,0.6878586183153547,0.006904355812122802,0.3125,0.0,0.07142857142857142,0
0.0,0.0003885003885003885,0.6302173841765304,0.006904355812122802,0.3125,0.0,0.5714285714285714,0
0.125,0.007122507122507123,0.849667202203351,0.0009511939123589609,0.3125,0.0,0.5714285714285714,0
0.03125,0.002072002072002072,0.8491425948391751,0.0009511939123589609,0.3125,0.0,0.5714285714285714,0
0.03125,0.002072002072002072,0.8497327781238729,0.0009511939123589609,0.3125,0.0,0.5714285714285714,0
0.0,0.001651126651126651,0.9902619758024853,0.006904355812122802,0.3125,0.0,0.8571428571428571,0
0.0,0.007057757057757059,0.7097609757696974,0.006904355812122802,0.3125,0.0,0.8571428571428571,0
0.0,0.0003885003885003885,0.5927735335584774,0.006904355812122802,0.3125,0.0,0.5714285714285714,0
0.0,0.0003885003885003885,0.766090691498082,0.0009511939123589609,0.3125,0.0,0.5714285714285714,0
0.0,0.0003885003885003885,0.007262533197809765,0.5698307530831802,0.3125,0.0,0.6071428571428571,0
0.0,0.0003885003885003885,0.7486147086789731,0.006904355812122802,0.3125,0.0,0.5714285714285714,0
0.0,0.0003885003885003885,0.9377684514246369,0.006904355812122802,0.3125,0.0,0.5714285714285714,0
0.0,0.0003885003885003885,0.9382930587888128,0.006904355812122802,0.3125,0.0,0.5714285714285714,0
0.0,0.0003885003885003885,0.9825240171808912,0.006904355812122802,0.3125,0.0,0.5714285714285714,0
0.03125,0.002072002072002072,0.6349060624938523,0.006904355812122802,0.3125,0.0,0.5714285714285714,0
0.0,0.0003885003885003885,0.6665136561854488,0.006904355812122802,0.3125,0.0,0.5714285714285714,0
0.03125,0.002072002072002072,0.9662611888914391,0.006904355812122802,0.3125,0.0,0.5714285714285714,0
0.0,0.0006475006475006476,0.007262533197809765,0.9007478352138546,0.3125,0.0,0.6428571428571428,0
0.0,0.0,0.6201842683366668,0.0009511939123589609,0.3125,0.0,0.5714285714285714,0
0.0,0.0003885003885003885,0.8776025443457163,0.006904355812122802,0.3125,0.0,0.5714285714285714,0
0.03125,0.0012950012950012951,0.6201186924161448,0.0009511939123589609,0.3125,0.0,0.5714285714285714,0
0.0,0.0,0.6200859044558839,0.0009511939123589609,0.3125,0.0,0.5714285714285714,0
0.0,0.0,0.8685530673136824,0.006904355812122802,0.3125,0.0,0.5714285714285714,0
0.0,0.006442631442631443,0.9226859897045805,0.006904355812122802,0.3125,0.0,0.8571428571428571,0
0.0,0.006442631442631443,0.9699006524804092,0.006904355812122802,0.3125,0.0,0.8571428571428571,0
0.0,0.0003885003885003885,0.7099904914915244,0.006904355812122802,0.3125,0.0,0.5714285714285714,0
0.0,0.000777000777000777,0.8800288534050297,0.006904355812122802,0.3125,0.0,0.5714285714285714,0
0.0,0.0003885003885003885,0.9851470540017706,0.006904355812122802,0.3125,0.0,0.5714285714285714,0
0.0,0.0003885003885003885,0.9853109938030755,0.006904355812122802,0.3125,0.0,0.5714285714285714,0
0.0,0.0003885003885003885,0.9263254532935506,0.006904355812122802,0.3125,0.0,0.5714285714285714,0
0.0,0.0003885003885003885,0.7083510934784747,0.006904355812122802,0.3125,0.0,0.5714285714285714,0
0.0,0.001651126651126651,0.9720646578576347,0.006904355812122802,0.3125,0.0,0.8571428571428571,0
0.0625,0.004532504532504533,0.8817994032591233,0.006904355812122802,0.3125,0.0,0.8571428571428571,0
0.0,0.01295001295001295,0.7341224302436146,0.0009511939123589609,0.3125,0.0,0.8571428571428571,0
0.03125,0.005244755244755246,0.8882586314305387,0.006904355812122802,0.3125,0.0,0.8571428571428571,0
0.0,0.0003885003885003885,0.9433751926292666,0.006904355812122802,0.3125,0.0,0.5714285714285714,0
0.0,0.0003885003885003885,0.6033640447227778,0.006904355812122802,0.3125,0.0,0.5714285714285714,0
0.0,0.0003885003885003885,0.7592052198432736,0.006904355812122802,0.3125,0.0,0.5714285714285714,0
0.03125,0.002072002072002072,0.6756942850585266,0.006904355812122802,0.3125,0.0,0.5714285714285714,0
0.03125,0.002072002072002072,0.9173415521820388,0.006904355812122802,0.3125,0.0,0.5714285714285714,0
0.0,0.012723387723387724,0.7111380701006591,0.0009511939123589609,0.3125,0.0,0.8571428571428571,0
0.0,0.0003885003885003885,0.920390832486311,0.0009511939123589609,0.3125,0.0,0.5714285714285714,0
0.0,0.0003885003885003885,0.007262533197809765,0.9496195224350563,0.3125,0.0,0.6071428571428571,0
0.0,0.0003885003885003885,0.7060887242204663,0.006904355812122802,0.3125,0.0,0.5714285714285714,0
0.03125,0.002072002072002072,0.9937702875504115,0.006904355812122802,0.3125,0.0,0.5714285714285714,0
0.0,0.0003885003885003885,0.8120266238237319,0.006904355812122802,0.3125,0.0,0.5714285714285714,0
0.0,0.00611888111888112,0.8890455424768026,0.006904355812122802,0.3125,0.0,0.8571428571428571,0
0.0,0.0003885003885003885,0.6350700022951572,0.006904355812122802,0.3125,0.0,0.5714285714285714,0
0.03125,0.002072002072002072,0.9804583756844487,0.006904355812122802,0.3125,0.0,0.5714285714285714,0
0.0,0.0003885003885003885,0.8180923964720155,0.006904355812122802,0.3125,0.0,0.5714285714285714,0
0.0,0.0003885003885003885,0.9338666841535789,0.006904355812122802,0.3125,0.0,0.5714285714285714,0
0.0,0.0003885003885003885,0.9560969212105316,0.006904355812122802,0.3125,0.0,0.5714285714285714,0
0.0,0.0003885003885003885,0.9561952850913145,0.006904355812122802,0.3125,0.0,0.5714285714285714,0
0.0,0.0003885003885003885,0.9815731663333225,0.006904355812122802,0.3125,0.0,0.5714285714285714,0
0.0,0.0003885003885003885,0.8120266238237319,0.006904355812122802,0.3125,0.0,0.5714285714285714,0
0.0,0.001651126651126651,0.6532673202400079,0.006904355812122802,0.3125,0.0,0.8571428571428571,0
0.0,0.001651126651126651,0.8476015607069085,0.006904355812122802,0.3125,0.0,0.8571428571428571,0
0.0,0.0003885003885003885,0.9609167513688974,0.006904355812122802,0.3125,0.0,0.5714285714285714,0
0.0,0.0003885003885003885,0.6532673202400079,0.006904355812122802,0.3125,0.0,0.5714285714285714,0
0.03125,0.00326987826987827,0.6012656152660744,0.006904355812122802,0.3125,0.0,0.8571428571428571,0
0.03125,0.002072002072002072,0.8053378799304896,0.006904355812122802,0.3125,0.0,0.5714285714285714,0
0.0,0.0006475006475006476,0.9361290534115873,0.006904355812122802,0.3125,0.0,0.07142857142857142,0
0.0,0.0003885003885003885,0.6544476868094036,0.006904355812122802,0.3125,0.0,0.5714285714285714,0
0.0625,0.004662004662004662,0.7352044329322273,0.006904355812122802,0.3125,0.0,0.5714285714285714,0
0.0,0.0013921263921263922,0.958129774746713,0.006904355812122802,0.3125,0.0,0.8571428571428571,0
0.0,0.0012950012950012951,0.568903898488475,0.006904355812122802,0.3125,0.0,0.5714285714285714,0
0.0,0.0003885003885003885,0.9724581133807666,0.006904355812122802,0.3125,0.0,0.5714285714285714,0
0.0,0.0003885003885003885,0.6893996524476212,0.006904355812122802,0.3125,0.0,0.5714285714285714,0
0.0,0.0003885003885003885,0.9308829797698286,0.006904355812122802,0.3125,0.0,0.5714285714285714,0
0.0,0.0003885003885003885,0.9639988196334306,0.006904355812122802,0.3125,0.0,0.5714285714285714,0
0.0,0.0003885003885003885,0.5451326272992557,0.006904355812122802,0.3125,0.0,0.5714285714285714,0
0.0,0.0003885003885003885,0.5451326272992557,0.006904355812122802,0.3125,0.0,0.5714285714285714,0
0.0,0.006280756280756281,0.5451326272992557,0.006904355812122802,0.3125,0.0,0.8571428571428571,0
0.03125,0.002072002072002072,0.5976589396373652,0.006904355812122802,0.3125,0.0,0.5714285714285714,0
0.0,0.001651126651126651,0.6942194826059871,0.006904355812122802,0.3125,0.0,0.8571428571428571,0
0.0,0.013273763273763275,0.7558936358569134,0.0009511939123589609,0.3125,0.0,0.8571428571428571,0
0.0,0.0003885003885003885,0.7459916718580938,0.006904355812122802,0.3125,0.0,0.5714285714285714,0
0.03125,0.002298627298627299,0.9215384110954458,0.006904355812122802,0.3125,0.0,0.8571428571428571,0
0.0,0.0003885003885003885,0.9445227712384013,0.006904355812122802,0.3125,0.0,0.5714285714285714,0
0.0,0.0,0.552477130397718,0.006904355812122802,0.3125,0.0,0.5714285714285714,0
0.0,0.0003885003885003885,0.5810354437850421,0.006904355812122802,0.3125,0.0,0.5714285714285714,0
0.0,0.0003885003885003885,0.6709728187809436,0.006904355812122802,0.3125,0.0,0.5714285714285714,0
0.0,0.0003885003885003885,0.9388176661529887,0.0009511939123589609,0.3125,0.0,0.6071428571428571,0
0.0,0.0003885003885003885,0.0013115184104396866,0.938795591708213,0.3125,0.0,0.6071428571428571,0
0.0,0.0003885003885003885,0.769795731007574,0.006904355812122802,0.3125,0.0,0.5714285714285714,0
0.03125,0.002072002072002072,0.5991671858093708,0.006904355812122802,0.3125,0.0,0.5714285714285714,0
0.0,0.0003885003885003885,0.94117839929178,0.006904355812122802,0.3125,0.0,0.5714285714285714,0
0.03125,0.002072002072002072,0.5409357683858488,0.006904355812122802,0.3125,0.0,0.5714285714285714,0
0.0,0.0012950012950012951,0.732286304468999,0.006904355812122802,0.3125,0.0,0.5714285714285714,0
0.0,0.0011655011655011655,0.7887471720384275,0.006904355812122802,0.3125,0.0,0.8571428571428571,0
0.25,0.014763014763014764,0.8506836289714417,0.006904355812122802,0.3125,0.0,0.5714285714285714,0
0.0,0.0003885003885003885,0.5602478769795731,0.006904355812122802,0.3125,0.0,0.5714285714285714,0
0.03125,0.002072002072002072,0.8258303550936097,0.006904355812122802,0.3125,0.0,0.5714285714285714,0
0.0,0.005892255892255893,0.8403882094494902,0.006904355812122802,0.3125,0.0,0.8571428571428571,0
0.0,0.0012950012950012951,0.7525164759500311,0.006904355812122802,0.3125,0.0,0.5714285714285714,0
0.03125,0.0024605024605024606,0.5770353126332011,0.006904355812122802,0.3125,0.0,0.5714285714285714,0
0.0,0.0003885003885003885,0.5860847896652349,0.006904355812122802,0.3125,0.0,0.5714285714285714,0
0.0,0.004176379176379176,0.8506836289714417,0.006904355812122802,0.3125,0.0,0.8571428571428571,0
0.0,0.0,0.8840617725171317,0.006904355812122802,0.3125,0.0,0.5714285714285714,0
0.0,0.043285418285418285,0.6328076330371488,0.006904355812122802,0.3125,0.0,0.8571428571428571,0
0.0,0.0003885003885003885,0.7152693530935441,0.006904355812122802,0.3125,0.0,0.6071428571428571,0
0.0,0.004467754467754468,0.8793075182792879,0.006904355812122802,0.3125,0.0,0.8571428571428571,0
0.0,0.0003885003885003885,0.924948358962589,0.006904355812122802,0.3125,0.0,0.5714285714285714,0
0.0,0.02094664594664595,0.8914062756155939,0.006904355812122802,0.3125,0.0,0.8571428571428571,0
0.0,0.0012950012950012951,0.0,0.02064746785620572,0.0,1.0,0.0,0
0.0,0.0003885003885003885,0.6171349880323945,0.006904355812122802,0.3125,0.0,0.6071428571428571,0
0.0,0.0003885003885003885,0.6180202629594413,0.006904355812122802,0.3125,0.0,0.5714285714285714,0
0.0,0.0003885003885003885,0.6294632610905275,0.006904355812122802,0.3125,0.0,0.5714285714285714,0
0.0,0.0003885003885003885,0.7145808059280633,0.006904355812122802,0.3125,0.0,0.5714285714285714,0
0.0,0.0003885003885003885,0.5618216990721008,0.006904355812122802,0.3125,0.0,0.5714285714285714,0
0.0,0.0003885003885003885,0.007262533197809765,0.561794804513251,0.3125,0.0,0.6071428571428571,0
0.0,0.0003885003885003885,0.6536279878028788,0.006904355812122802,0.3125,0.0,0.5714285714285714,0
0.0,0.0003885003885003885,0.9820977736974983,0.006904355812122802,0.3125,0.0,0.5714285714285714,0
0.0,0.0003885003885003885,0.8550772156464147,0.006904355812122802,0.3125,0.0,0.5714285714285714,0
0.0,0.005957005957005957,0.5709039640643956,0.006904355812122802,0.3125,0.0,0.8571428571428571,0
0.0,0.004564879564879566,0.6585789698022886,0.006904355812122802,0.3125,0.0,0.8571428571428571,0
0.0,0.0003885003885003885,0.8397980261647923,0.006904355812122802,0.3125,0.0,0.5714285714285714,0
0.125,0.007122507122507123,0.606937932391226,0.006904355812122802,0.3125,0.0,0.5714285714285714,0
0.0,0.0003885003885003885,0.6650709859339651,0.006904355812122802,0.3125,0.0,0.5714285714285714,0
0.0,0.0003885003885003885,0.9831797763861111,0.006904355812122802,0.3125,0.0,0.5714285714285714,0
0.03125,0.010716135716135717,0.5570018689137349,0.006904355812122802,0.3125,0.0,0.8571428571428571,0
0.0,0.0006475006475006476,0.8869799009803601,0.006904355812122802,0.3125,0.0,0.07142857142857142,0
0.03125,0.003334628334628335,0.9732450244270304,0.006904355812122802,0.3125,0.0,0.8571428571428571,0
0.0,0.0003885003885003885,0.6258237975015575,0.006904355812122802,0.3125,0.0,0.5714285714285714,0
0.03125,0.002072002072002072,0.9994098167153022,0.006904355812122802,0.3125,0.0,0.5714285714285714,0
0.0,0.0003885003885003885,0.7225154923112234,0.006904355812122802,0.3125,0.0,0.5714285714285714,0
0.0,0.0003885003885003885,0.7579592773533559,0.0009511939123589609,0.3125,0.0,0.5714285714285714,0
0.0,0.0003885003885003885,0.7431391193153875,0.006904355812122802,0.3125,0.0,0.5714285714285714,0
0.0,0.0003885003885003885,0.8977343519459655,0.006904355812122802,0.3125,0.0,0.5714285714285714,0
0.0,0.0003885003885003885,0.7547788452080396,0.006904355812122802,0.3125,0.0,0.5714285714285714,0
0.0,0.0003885003885003885,0.6943178464867701,0.006904355812122802,0.3125,0.0,0.5714285714285714,0
0.03125,0.002072002072002072,0.5795927735335585,0.006904355812122802,0.3125,0.0,0.5714285714285714,0
0.0,0.0003885003885003885,0.9672120397390078,0.0009511939123589609,0.3125,0.0,0.5714285714285714,0
0.0,0.0006475006475006476,0.5973966359552773,0.006904355812122802,0.3125,0.0,0.07142857142857142,0
0.03125,0.0038850038850038854,0.5962818453064035,0.006904355812122802,0.3125,0.0,0.5714285714285714,0
0.0,0.0003885003885003885,0.7047772058100266,0.006904355812122802,0.3125,0.0,0.5714285714285714,0
0.0,0.0003885003885003885,0.9992786648742582,0.006904355812122802,0.3125,0.0,0.5714285714285714,0
0.0625,0.003755503755503756,0.9991475130332143,0.006904355812122802,0.3125,0.0,0.5714285714285714,0
0.03125,0.0024605024605024606,0.9992130889537362,0.006904355812122802,0.3125,0.0,0.5714285714285714,0
0.09375,0.00543900543900544,0.9992458769139972,0.006904355812122802,0.3125,0.0,0.5714285714285714,0
0.1875,0.01048951048951049,0.9993114528345192,0.006904355812122802,0.3125,0.0,0.5714285714285714,0
0.03125,0.002072002072002072,0.6146103150922981,0.006904355812122802,0.3125,0.0,0.5714285714285714,0
0.0,0.0003885003885003885,0.7432046952359094,0.006904355812122802,0.3125,0.0,0.5714285714285714,0
0.0,0.0003885003885003885,0.97124495885111,0.0009511939123589609,0.3125,0.0,0.5714285714285714,0
0.0,0.0003885003885003885,0.7581232171546608,0.006904355812122802,0.3125,0.0,0.5714285714285714,0
0.0,0.0003885003885003885,0.694448998327814,0.006904355812122802,0.3125,0.0,0.5714285714285714,0
0.0,0.0003885003885003885,0.8398963900455753,0.006904355812122802,0.3125,0.0,0.5714285714285714,0
0.0,0.0003885003885003885,0.547985179841962,0.006904355812122802,0.3125,0.0,0.5714285714285714,0
0.0,0.0003885003885003885,0.7340896422833536,0.006904355812122802,0.3125,0.0,0.5714285714285714,0
0.0625,0.01563714063714064,0.5435588052067281,0.006904355812122802,0.3125,0.0,0.8571428571428571,0
0.0,0.0003885003885003885,0.7024164726712352,0.006904355812122802,0.3125,0.0,0.5714285714285714,0
0.0,0.0,0.8632086297911408,0.006904355812122802,0.3125,0.0,0.14285714285714285,0
0.0,0.006442631442631443,0.9118003868979311,0.006904355812122802,0.3125,0.0,0.8571428571428571,0
0.0,0.0003885003885003885,0.9741302993540772,0.006904355812122802,0.3125,0.0,0.5714285714285714,0
0.0625,0.003755503755503756,0.8627823863077478,0.006904355812122802,0.3125,0.0,0.5714285714285714,0
0.0,0.0003885003885003885,0.5627069739991475,0.006904355812122802,0.3125,0.0,0.5714285714285714,0
0.0,0.0003885003885003885,0.5667071051509885,0.006904355812122802,0.3125,0.0,0.5714285714285714,0
0.03125,0.002072002072002072,0.5539853765697236,0.006904355812122802,0.3125,0.0,0.5714285714285714,0
0.0,0.0003885003885003885,0.9128496016262828,0.006904355812122802,0.3125,0.0,0.5714285714285714,0
0.0,0.0003885003885003885,0.9607855995278534,0.006904355812122802,0.3125,0.0,0.5714285714285714,0
0.0,0.0003885003885003885,0.6458572412210236,0.006904355812122802,0.3125,0.0,0.5714285714285714,0
0.03125,0.002072002072002072,0.6459883930620677,0.006904355812122802,0.3125,0.0,0.5714285714285714,0
0.0,0.0003885003885003885,0.5627725499196695,0.006904355812122802,0.3125,0.0,0.5714285714285714,0
0.09375,0.0038850038850038854,0.8676677923866356,0.006904355812122802,0.3125,0.0,0.5714285714285714,0
0.0,0.0003885003885003885,0.8582576477917309,0.006904355812122802,0.3125,0.0,0.5714285714285714,0
0.0,0.0003885003885003885,0.8581264959506869,0.006904355812122802,0.3125,0.0,0.5714285714285714,0
0.0,0.0,0.8582576477917309,0.006904355812122802,0.3125,0.0,0.14285714285714285,0
0.0,0.0003885003885003885,0.007262533197809765,0.5845578588297035,0.3125,0.0,0.6071428571428571,0
0.0,0.0003885003885003885,0.7811075772976164,0.006904355812122802,0.3125,0.0,0.5714285714285714,0
0.0,0.0,0.8676677923866356,0.006904355812122802,0.3125,0.0,0.5714285714285714,0
0.0,0.0003885003885003885,0.7811731532181383,0.006904355812122802,0.3125,0.0,0.5714285714285714,0
0.0,0.0,0.8581920718712089,0.006904355812122802,0.3125,0.0,0.14285714285714285,0
0.0,0.0003885003885003885,0.007262533197809765,0.6810548412490159,0.3125,0.0,0.6071428571428571,0
0.0,0.0003885003885003885,0.9112102036132332,0.006904355812122802,0.3125,0.0,0.5714285714285714,0
0.0,0.0003885003885003885,0.7798288468474377,0.006904355812122802,0.3125,0.0,0.5714285714285714,0
0.03125,0.002072002072002072,0.6407751073805699,0.006904355812122802,0.3125,0.0,0.5714285714285714,0
0.0,0.0003885003885003885,0.6359224892619431,0.006904355812122802,0.3125,0.0,0.5714285714285714,0
0.03125,0.002072002072002072,0.774025377881242,0.006904355812122802,0.3125,0.0,0.5714285714285714,0
0.0,0.0003885003885003885,0.8932424013902095,0.006904355812122802,0.3125,0.0,0.5714285714285714,0
0.0,0.0003885003885003885,0.8292075150004918,0.006904355812122802,0.3125,0.0,0.5714285714285714,0
0.0,0.0003885003885003885,0.8209449490147218,0.006904355812122802,0.3125,0.0,0.5714285714285714,0
0.0,0.0003885003885003885,0.7098265516902194,0.006904355812122802,0.3125,0.0,0.5714285714285714,0
0.03125,0.002072002072002072,0.774025377881242,0.006904355812122802,0.3125,0.0,0.5714285714285714,0
0.0,0.0003885003885003885,0.69861306928096,0.006904355812122802,0.3125,0.0,0.5714285714285714,0
0.0,0.0003885003885003885,0.698580281320699,0.006904355812122802,0.3125,0.0,0.5714285714285714,0
0.0,0.01961926961926962,0.698711433161743,0.006904355812122802,0.3125,0.0,0.8571428571428571,0
0.0,0.0006475006475006476,0.698777009082265,0.006904355812122802,0.3125,0.0,0.07142857142857142,0
0.0,0.0003885003885003885,0.6987442211220041,0.006904355812122802,0.3125,0.0,0.5714285714285714,0
0.0,0.0003885003885003885,0.7098593396504803,0.006904355812122802,0.3125,0.0,0.5714285714285714,0
0.0,0.0,0.7097609757696974,0.006904355812122802,0.3125,0.0,0.14285714285714285,0
0.03125,0.002072002072002072,0.698842585002787,0.006904355812122802,0.3125,0.0,0.5714285714285714,0
0.0,0.0013921263921263922,0.774025377881242,0.006904355812122802,0.3125,0.0,0.8571428571428571,0
0.03125,0.013694638694638696,0.7109085543788322,0.006904355812122802,0.3125,0.0,0.8571428571428571,0
0.0,0.0,0.711006918259615,0.006904355812122802,0.3125,0.0,0.14285714285714285,0
0.03125,0.002072002072002072,0.6289714416866127,0.006904355812122802,0.3125,0.0,0.5714285714285714,0
0.0,0.0041116291116291125,0.9450801665628381,0.006904355812122802,0.3125,0.0,0.8571428571428571,0
0.0,0.0003885003885003885,0.6649398340929211,0.006904355812122802,0.3125,0.0,0.5714285714285714,0
0.03125,0.002072002072002072,0.6453982097773697,0.006904355812122802,0.3125,0.0,0.5714285714285714,0
0.0,0.0003885003885003885,0.9885897898291748,0.006904355812122802,0.3125,0.0,0.5714285714285714,0
0.0,0.0003885003885003885,0.9443588314370963,0.006904355812122802,0.3125,0.0,0.5714285714285714,0
0.0,0.0068311318311318325,0.5497885176563166,0.006904355812122802,0.3125,0.0,0.8571428571428571,0
0.0,0.0,0.665005410013443,0.006904355812122802,0.3125,0.0,0.5714285714285714,0
0.0,0.0003885003885003885,0.64870979376373,0.006904355812122802,0.3125,0.0,0.5714285714285714,0
0.0,0.0003885003885003885,0.5539525886094626,0.006904355812122802,0.3125,0.0,0.5714285714285714,0
0.0,0.0003885003885003885,0.891176759893767,0.006904355812122802,0.3125,0.0,0.5714285714285714,0
0.03125,0.012723387723387724,0.5906751041017738,0.006904355812122802,0.3125,0.0,0.8571428571428571,0
0.0,0.0003885003885003885,0.9443588314370963,0.006904355812122802,0.3125,0.0,0.5714285714285714,0
0.0,0.0003885003885003885,0.7121872848290108,0.006904355812122802,0.3125,0.0,0.5714285714285714,0
0.0,0.0003885003885003885,0.7124495885110987,0.006904355812122802,0.3125,0.0,0.5714285714285714,0
0.0,0.008903133903133903,0.8539624249975409,0.006904355812122802,0.3125,0.0,0.8571428571428571,0
0.0,0.0003885003885003885,0.619430145250664,0.0009511939123589609,0.3125,0.0,0.5714285714285714,0
0.0,0.0003885003885003885,0.686252008262566,0.006904355812122802,0.3125,0.0,0.5714285714285714,0
0.0,0.0003885003885003885,0.5497885176563166,0.006904355812122802,0.3125,0.0,0.5714285714285714,0
0.0,0.00407925407925408,0.5881176432014165,0.006904355812122802,0.3125,0.0,0.8571428571428571,0
0.0,0.0,0.686284796222827,0.006904355812122802,0.3125,0.0,0.14285714285714285,0
0.0,0.0003885003885003885,0.7509098658972425,0.006904355812122802,0.3125,0.0,0.5714285714285714,0
0.0,0.0003885003885003885,0.753205023115512,0.006904355812122802,0.3125,0.0,0.5714285714285714,0
0.0,0.0003885003885003885,0.5951342666972688,0.006904355812122802,0.3125,0.0,0.5714285714285714,0
0.0,0.0,0.586117577625496,0.006904355812122802,0.3125,0.0,0.5714285714285714,0
0.0,0.0003885003885003885,0.6987442211220041,0.006904355812122802,0.3125,0.0,0.5714285714285714,0
0.0,0.0003885003885003885,0.0013115184104396866,0.6614077669902912,0.3125,0.0,0.6071428571428571,0
0.03125,0.002072002072002072,0.6412013508639628,0.006904355812122802,0.3125,0.0,0.5714285714285714,0
0.0,0.0003885003885003885,0.9635397881897767,0.006904355812122802,0.3125,0.0,0.5714285714285714,0
0.0,0.0006475006475006476,0.5613626676284469,0.006904355812122802,0.3125,0.0,0.07142857142857142,0
0.0,0.0003885003885003885,0.6916292337453688,0.006904355812122802,0.3125,0.0,0.5714285714285714,0
0.0,0.0,0.9830486245450671,0.006904355812122802,0.3125,0.0,0.5714285714285714,0
0.03125,0.002072002072002072,0.5754614905406735,0.006904355812122802,0.3125,0.0,0.5714285714285714,0
0.0,0.0003885003885003885,0.6557919931801043,0.006904355812122802,0.3125,0.0,0.5714285714285714,0
0.0,0.0003885003885003885,0.9921964654578839,0.006904355812122802,0.3125,0.0,0.5714285714285714,0
0.0,0.0003885003885003885,0.6557919931801043,0.006904355812122802,0.3125,0.0,0.5714285714285714,0
0.0,0.0003885003885003885,0.9655726417259582,0.006904355812122802,0.3125,0.0,0.5714285714285714,0
0.0,0.0003885003885003885,0.7643201416439883,0.006904355812122802,0.3125,0.0,0.5714285714285714,0
0.0,0.0,0.6999573756516607,0.006904355812122802,0.3125,0.0,0.5714285714285714,0
0.03125,0.002072002072002072,0.5809370799042591,0.006904355812122802,0.3125,0.0,0.5714285714285714,0
0.0,0.0003885003885003885,0.6415948063870947,0.006904355812122802,0.3125,0.0,0.5714285714285714,0
0.0,0.0003885003885003885,0.9652119741630873,0.006904355812122802,0.3125,0.0,0.5714285714285714,0
0.0,0.0003885003885003885,0.6045771992524346,0.006904355812122802,0.3125,0.0,0.5714285714285714,0
0.0,0.0003885003885003885,0.6961539722613856,0.006904355812122802,0.3125,0.0,0.5714285714285714,0
0.0,0.0006475006475006476,0.7530082953539461,0.006904355812122802,0.3125,0.0,0.07142857142857142,0
0.0,0.0003885003885003885,0.7395980196072003,0.006904355812122802,0.3125,0.0,0.5714285714285714,0
0.0,0.0003885003885003885,0.9263582412538116,0.006904355812122802,0.3125,0.0,0.5714285714285714,0
0.0,0.0006475006475006476,0.7912718449785239,0.006904355812122802,0.3125,0.0,0.07142857142857142,0
0.03125,0.002331002331002331,0.8811764320141644,0.006904355812122802,0.3125,0.0,0.6428571428571428,0
0.0,0.0003885003885003885,0.7696317912062691,0.006904355812122802,0.3125,0.0,0.5714285714285714,0
0.0,0.0006475006475006476,0.7674022099085216,0.006904355812122802,0.3125,0.0,0.07142857142857142,0
0.0,0.0003885003885003885,0.6139545558870783,0.006904355812122802,0.3125,0.0,0.5714285714285714,0
0.0625,0.003755503755503756,0.7720581002655825,0.006904355812122802,0.3125,0.0,0.5714285714285714,0
0.0,0.001651126651126651,0.6385455260828224,0.006904355812122802,0.3125,0.0,0.8571428571428571,0
0.0,0.0003885003885003885,0.7706482179743599,0.006904355812122802,0.3125,0.0,0.5714285714285714,0
0.0,0.04726754726754727,0.0013115184104396866,0.773976646549462,0.3125,0.0,0.5714285714285714,0
0.0,0.0003885003885003885,0.9136037247122857,0.0009511939123589609,0.3125,0.0,0.5714285714285714,0
0.0,0.0011655011655011655,0.8333060100331159,0.006904355812122802,0.3125,0.0,0.5714285714285714,0
0.0625,0.003755503755503756,0.9403914882455163,0.0009511939123589609,0.3125,0.0,0.5714285714285714,0
0.0,0.0003885003885003885,0.9403259123249943,0.0009511939123589609,0.3125,0.0,0.5714285714285714,0
0.0,0.0003885003885003885,0.9407521558083872,0.0009511939123589609,0.3125,0.0,0.5714285714285714,0
0.0,0.07281144781144783,0.8802911570871177,0.006904355812122802,0.3125,0.0,0.8571428571428571,0
0.0,0.003723128723128723,0.9002918128463229,0.006904355812122802,0.3125,0.0,0.8571428571428571,0
0.0,0.0003885003885003885,0.9140955441162005,0.0009511939123589609,0.3125,0.0,0.5714285714285714,0
0.0625,0.003755503755503756,0.9141939079969835,0.0009511939123589609,0.3125,0.0,0.5714285714285714,0
0.09375,0.00543900543900544,0.9136365126725466,0.0009511939123589609,0.3125,0.0,0.5714285714285714,0
0.03125,0.002072002072002072,0.9141283320764616,0.0009511939123589609,0.3125,0.0,0.5714285714285714,0
0.03125,0.002072002072002072,0.9141611200367226,0.0009511939123589609,0.3125,0.0,0.5714285714285714,0
0.0,0.0003885003885003885,0.6375290993147317,0.006904355812122802,0.3125,0.0,0.5714285714285714,0
0.0,0.0003885003885003885,0.7643201416439883,0.006904355812122802,0.3125,0.0,0.5714285714285714,0
0.0,0.0003885003885003885,0.8422899111446277,0.0009511939123589609,0.3125,0.0,0.5714285714285714,0
0.03125,0.002072002072002072,0.9136365126725466,0.0009511939123589609,0.3125,0.0,0.5714285714285714,0
0.0625,0.059343434343434344,0.9141611200367226,0.0009511939123589609,0.3125,0.0,0.8571428571428571,0
0.03125,0.002072002072002072,0.9141939079969835,0.0009511939123589609,0.3125,0.0,0.5714285714285714,0
0.03125,0.0563001813001813,0.9140955441162005,0.0009511939123589609,0.3125,0.0,0.8571428571428571,0
0.03125,0.002072002072002072,0.9136037247122857,0.0009511939123589609,0.3125,0.0,0.5714285714285714,0
0.0,0.0003885003885003885,0.9141283320764616,0.0009511939123589609,0.3125,0.0,0.5714285714285714,0
0.0,0.0003885003885003885,0.6337912718449785,0.006904355812122802,0.3125,0.0,0.5714285714285714,0
0.0,0.0003885003885003885,0.8304206695301486,0.006904355812122802,0.3125,0.0,0.5714285714285714,0
0.0,0.0006475006475006476,0.6052985343781764,0.006904355812122802,0.3125,0.0,0.07142857142857142,0
0.0,0.001651126651126651,0.8953408308469131,0.006904355812122802,0.3125,0.0,0.8571428571428571,0
0.0,0.0003885003885003885,0.6052329584576543,0.006904355812122802,0.3125,0.0,0.5714285714285714,0
0.0,0.0003885003885003885,0.9071444965408703,0.006904355812122802,0.3125,0.0,0.5714285714285714,0
0.03125,0.002072002072002072,0.5511000360667563,0.006904355812122802,0.3125,0.0,0.5714285714285714,0
0.0,0.0003885003885003885,0.6248729466539886,0.006904355812122802,0.3125,0.0,0.5714285714285714,0
0.0,0.0033993783993783995,0.9689170136725794,0.006904355812122802,0.3125,0.0,0.8571428571428571,0
0.09375,0.00543900543900544,0.9686219220302306,0.006904355812122802,0.3125,0.0,0.5714285714285714,0
0.0,0.0003885003885003885,0.6708744549001607,0.006904355812122802,0.3125,0.0,0.5714285714285714,0
0.0,0.005892255892255893,0.8930784615889046,0.006904355812122802,0.3125,0.0,0.8571428571428571,0
0.0,0.0003885003885003885,0.9737368438309453,0.006904355812122802,0.3125,0.0,0.5714285714285714,0
0.0,0.0003885003885003885,0.9736384799501623,0.006904355812122802,0.3125,0.0,0.5714285714285714,0
0.0,0.0003885003885003885,0.8682251877110725,0.006904355812122802,0.3125,0.0,0.5714285714285714,0
0.0,0.0003885003885003885,0.8284533919144891,0.006904355812122802,0.3125,0.0,0.5714285714285714,0
0.0,0.00382025382025382,0.9268500606577266,0.006904355812122802,0.3125,0.0,0.8571428571428571,0
0.0,0.0003885003885003885,0.7121544968687499,0.006904355812122802,0.3125,0.0,0.5714285714285714,0
0.03125,0.002072002072002072,0.9152103347650743,0.006904355812122802,0.3125,0.0,0.5714285714285714,0
0.0,0.000777000777000777,0.6496278566510377,0.006904355812122802,0.3125,0.0,0.5714285714285714,0
0.0,0.0003885003885003885,0.5833961769238336,0.006904355812122802,0.3125,0.0,0.5714285714285714,0
0.0,0.0003885003885003885,0.7054985409357684,0.006904355812122802,0.3125,0.0,0.5714285714285714,0
0.0,0.0003885003885003885,0.7523853241089872,0.006904355812122802,0.3125,0.0,0.5714285714285714,0
0.03125,0.0032051282051282055,0.6355618216990722,0.006904355812122802,0.3125,0.0,0.8571428571428571,0
0.0,0.0003885003885003885,0.7036296272008918,0.006904355812122802,0.3125,0.0,0.5714285714285714,0
0.0,0.0003885003885003885,0.5798222892553855,0.006904355812122802,0.3125,0.0,0.5714285714285714,0
0.0,0.0003885003885003885,0.5796583494540805,0.006904355812122802,0.3125,0.0,0.5714285714285714,0
0.0,0.0013921263921263922,0.8010098691760386,0.006904355812122802,0.3125,0.0,0.8571428571428571,0
0.0,0.0003885003885003885,0.6301518082560084,0.006904355812122802,0.3125,0.0,0.5714285714285714,0
0.0,0.0003885003885003885,0.5386406111675793,0.006904355812122802,0.3125,0.0,0.5714285714285714,0
0.0,0.0003885003885003885,0.7158923243385029,0.006904355812122802,0.3125,0.0,0.5714285714285714,0
0.0,0.0003885003885003885,0.6134627364831634,0.006904355812122802,0.3125,0.0,0.5714285714285714,0
0.0,0.0,0.5726089379979672,0.006904355812122802,0.3125,0.0,0.5714285714285714,0
0.0,0.0,0.9111774156529723,0.006904355812122802,0.3125,0.0,0.5714285714285714,0
0.0,0.01401838901838902,0.8284533919144891,0.006904355812122802,0.3125,0.0,0.8571428571428571,0
0.0,0.0003885003885003885,0.7270074428669793,0.006904355812122802,0.3125,0.0,0.5714285714285714,0
0.0,0.0003885003885003885,0.8595363782419096,0.006904355812122802,0.3125,0.0,0.5714285714285714,0
0.0,0.0003885003885003885,0.786878258303551,0.006904355812122802,0.3125,0.0,0.5714285714285714,0
0.0,0.0003885003885003885,0.703006655955933,0.006904355812122802,0.3125,0.0,0.5714285714285714,0
0.0,0.0003885003885003885,0.8363552903373881,0.006904355812122802,0.3125,0.0,0.5714285714285714,0
0.0,0.0024605024605024606,0.8072723695858881,0.006904355812122802,0.3125,0.0,0.8571428571428571,0
0.0,0.0003885003885003885,0.8942916161185613,0.006904355812122802,0.3125,0.0,0.5714285714285714,0
0.0625,0.003755503755503756,0.6897931079707532,0.006904355812122802,0.3125,0.0,0.5714285714285714,0
0.0,0.0003885003885003885,0.9481294468671104,0.006904355812122802,0.3125,0.0,0.5714285714285714,0
0.0,0.0003885003885003885,0.8877668120266239,0.006904355812122802,0.3125,0.0,0.5714285714285714,0
0.0,0.0003885003885003885,0.8877995999868848,0.006904355812122802,0.3125,0.0,0.5714285714285714,0
0.0,0.0003885003885003885,0.8941932522377783,0.006904355812122802,0.3125,0.0,0.5714285714285714,0
0.0,0.0012950012950012951,0.0,0.02064746785620572,0.0,1.0,0.0,0
0.0,0.0003885003885003885,0.8636676612347947,0.006904355812122802,0.3125,0.0,0.6071428571428571,0
0.0,0.0003885003885003885,0.9494081773172891,0.006904355812122802,0.3125,0.0,0.5714285714285714,0
0.0,0.0003885003885003885,0.7713367651398407,0.006904355812122802,0.3125,0.0,0.5714285714285714,0
0.0,0.0006475006475006476,0.6230696088396341,0.006904355812122802,0.3125,0.0,0.07142857142857142,0
0.0,0.0003885003885003885,0.7296960556083806,0.006904355812122802,0.3125,0.0,0.5714285714285714,0
0.0,0.0006475006475006476,0.7384176530378045,0.006904355812122802,0.3125,0.0,0.07142857142857142,0
0.0,0.0003885003885003885,0.8482573199121283,0.006904355812122802,0.3125,0.0,0.5714285714285714,0
0.0,0.0017482517482517485,0.7296960556083806,0.006904355812122802,0.3125,0.0,0.8571428571428571,0
0.0,0.004888629888629889,0.8941932522377783,0.006904355812122802,0.3125,0.0,0.8571428571428571,0
0.0,0.0003885003885003885,0.7200563952916489,0.006904355812122802,0.3125,0.0,0.5714285714285714,0
0.03125,0.002072002072002072,0.7209416702186957,0.006904355812122802,0.3125,0.0,0.5714285714285714,0
0.0,0.0003885003885003885,0.5502475490999705,0.006904355812122802,0.3125,0.0,0.5714285714285714,0
0.0,0.0017482517482517485,0.8941932522377783,0.006904355812122802,0.3125,0.0,0.8571428571428571,0
0.0,0.0013921263921263922,0.9494081773172891,0.006904355812122802,0.3125,0.0,0.8571428571428571,0
0.0,0.016543641543641546,0.8891766943178465,0.006904355812122802,0.3125,0.0,0.8571428571428571,0
0.0,0.0003885003885003885,0.669628512410243,0.006904355812122802,0.3125,0.0,0.5714285714285714,0
0.0,0.0003885003885003885,0.6288402898455687,0.006904355812122802,0.3125,0.0,0.5714285714285714,0
0.0,0.0003885003885003885,0.7302862388930785,0.0009511939123589609,0.3125,0.0,0.5714285714285714,0
0.0,0.0003885003885003885,0.6728745204760812,0.006904355812122802,0.3125,0.0,0.5714285714285714,0
0.0,0.0003885003885003885,0.6542837470080987,0.006904355812122802,0.3125,0.0,0.5714285714285714,0
0.0,0.0003885003885003885,0.7269090789861963,0.006904355812122802,0.3125,0.0,0.5714285714285714,0
0.0,0.0003885003885003885,0.6224138496344143,0.006904355812122802,0.3125,0.0,0.5714285714285714,0
0.0,0.0003885003885003885,0.8518967835010984,0.006904355812122802,0.3125,0.0,0.5714285714285714,0
0.0,0.0003885003885003885,0.6395291648906521,0.006904355812122802,0.3125,0.0,0.5714285714285714,0
0.0,0.0003885003885003885,0.7016295616249714,0.006904355812122802,0.3125,0.0,0.5714285714285714,0
0.0,0.0003885003885003885,0.8130430505918227,0.006904355812122802,0.3125,0.0,0.5714285714285714,0
0.0,0.0003885003885003885,0.8127479589494738,0.006904355812122802,0.3125,0.0,0.5714285714285714,0
0.0,0.0003885003885003885,0.7016623495852323,0.006904355812122802,0.3125,0.0,0.5714285714285714,0
0.0,0.0003885003885003885,0.8946194957211712,0.006904355812122802,0.3125,0.0,0.5714285714285714,0
0.0,0.0003885003885003885,0.5539525886094626,0.006904355812122802,0.3125,0.0,0.5714285714285714,0
0.0,0.0006475006475006476,0.8665857896980229,0.006904355812122802,0.3125,0.0,0.07142857142857142,0
0.03125,0.002072002072002072,0.757270730187875,0.006904355812122802,0.3125,0.0,0.5714285714285714,0
0.0,0.0003885003885003885,0.7412046296599889,0.006904355812122802,0.3125,0.0,0.5714285714285714,0
0.0,0.0003885003885003885,0.9569821961375783,0.006904355812122802,0.3125,0.0,0.5714285714285714,0
0.0,0.0003885003885003885,0.9337683202727959,0.006904355812122802,0.3125,0.0,0.5714285714285714,0
0.0,0.0006475006475006476,0.007262533197809765,0.9389267908685384,0.3125,0.0,0.6428571428571428,0
0.0,0.0003885003885003885,0.6706449391783338,0.006904355812122802,0.3125,0.0,0.5714285714285714,0
0.0,0.005892255892255893,0.9337683202727959,0.006904355812122802,0.3125,0.0,0.8571428571428571,0
0.0,0.0,0.6482179743598151,0.006904355812122802,0.3125,0.0,0.5714285714285714,0
0.0,0.0016187516187516188,0.9812124987704516,0.006904355812122802,0.3125,0.0,0.8571428571428571,0
0.0,0.0003885003885003885,0.7624512279091118,0.006904355812122802,0.3125,0.0,0.5714285714285714,0
0.0,0.0003885003885003885,0.7960588871766288,0.006904355812122802,0.3125,0.0,0.5714285714285714,0
0.0,0.0006475006475006476,0.8002229581297747,0.006904355812122802,0.3125,0.0,0.07142857142857142,0
0.0,0.0003885003885003885,0.8214695563788977,0.006904355812122802,0.3125,0.0,0.5714285714285714,0
0.0,0.0012950012950012951,0.0,0.02064746785620572,0.0,1.0,0.0,0
0.0,0.0003885003885003885,0.8215351322994197,0.006904355812122802,0.3125,0.0,0.6071428571428571,0
0.0,0.004467754467754468,0.9569821961375783,0.006904355812122802,0.3125,0.0,0.8571428571428571,0
0.0625,0.005018130018130019,0.6708744549001607,0.006904355812122802,0.3125,0.0,0.8571428571428571,0
0.0,0.0003885003885003885,0.7306796944162104,0.006904355812122802,0.3125,0.0,0.5714285714285714,0
0.0,0.0,0.9633758483884718,0.006904355812122802,0.3125,0.0,0.5714285714285714,0
0.0,0.0012950012950012951,0.0,0.02064746785620572,0.0,1.0,0.0,0
0.0,0.0003885003885003885,0.8254696875307388,0.006904355812122802,0.3125,0.0,0.6071428571428571,0
0.0,0.0003885003885003885,0.8674710646250697,0.006904355812122802,0.3125,0.0,0.6071428571428571,0
0.0,0.012302512302512303,0.8662906980556739,0.006904355812122802,0.3125,0.0,0.8571428571428571,0
0.0,0.0003885003885003885,0.9569821961375783,0.006904355812122802,0.3125,0.0,0.5714285714285714,0
0.0,0.0003885003885003885,0.8060592150562313,0.006904355812122802,0.3125,0.0,0.5714285714285714,0
0.0,0.0024281274281274285,0.9424571297419588,0.006904355812122802,0.3125,0.0,0.8571428571428571,0
0.0,0.0003885003885003885,0.007262533197809765,0.7295985305694043,0.3125,0.0,0.6071428571428571,0
0.0,0.0003885003885003885,0.6616282501065609,0.006904355812122802,0.3125,0.0,0.5714285714285714,0
0.0625,0.003755503755503756,0.7209088822584347,0.006904355812122802,0.3125,0.0,0.5714285714285714,0
0.0,0.0003885003885003885,0.8414046362175809,0.006904355812122802,0.3125,0.0,0.5714285714285714,0
0.0,0.0003885003885003885,0.6292993212892226,0.006904355812122802,0.3125,0.0,0.5714285714285714,0
0.0625,0.013921263921263922,0.6797272041706286,0.006904355812122802,0.3125,0.0,0.8571428571428571,0
0.0,0.0003885003885003885,0.5470671169546543,0.006904355812122802,0.3125,0.0,0.5714285714285714,0
0.0,0.0003885003885003885,0.8984556870717073,0.006904355812122802,0.3125,0.0,0.5714285714285714,0
0.0,0.0003885003885003885,0.8985868389127513,0.006904355812122802,0.3125,0.0,0.5714285714285714,0
0.0,0.0003885003885003885,0.5801173808977343,0.006904355812122802,0.3125,0.0,0.5714285714285714,0
0.03125,0.002072002072002072,0.8940293124364733,0.006904355812122802,0.3125,0.0,0.5714285714285714,0
0.03125,0.002072002072002072,0.7004164070953146,0.006904355812122802,0.3125,0.0,0.5714285714285714,0
0.0,0.0003885003885003885,0.7296632676481196,0.006904355812122802,0.3125,0.0,0.5714285714285714,0
0.0,0.0013921263921263922,0.8501918095675268,0.006904355812122802,0.3125,0.0,0.8571428571428571,0
0.0,0.0006475006475006476,0.8055673956523165,0.006904355812122802,0.3125,0.0,0.07142857142857142,0
0.0,0.0003885003885003885,0.7469097347454016,0.006904355812122802,0.3125,0.0,0.5714285714285714,0
0.0,0.0003885003885003885,0.5806092003016493,0.006904355812122802,0.3125,0.0,0.5714285714285714,0
0.03125,0.002072002072002072,0.5807075641824322,0.006904355812122802,0.3125,0.0,0.5714285714285714,0
0.0625,0.003755503755503756,0.6566772681071511,0.006904355812122802,0.3125,0.0,0.5714285714285714,0
0.0,0.0,0.5540837404505066,0.006904355812122802,0.3125,0.0,0.5714285714285714,0
0.0,0.0003885003885003885,0.6765795599855733,0.0009511939123589609,0.3125,0.0,0.5714285714285714,0
0.0,0.000777000777000777,0.5598216334961802,0.0009511939123589609,0.3125,0.0,0.5714285714285714,0
0.0,0.0003885003885003885,0.9893439129151775,0.0009511939123589609,0.3125,0.0,0.5714285714285714,0
0.03125,0.002072002072002072,0.9892783369946556,0.0009511939123589609,0.3125,0.0,0.5714285714285714,0
0.03125,0.002072002072002072,0.9893111249549166,0.0009511939123589609,0.3125,0.0,0.5714285714285714,0
0.03125,0.002072002072002072,0.9885570018689138,0.0009511939123589609,0.3125,0.0,0.5714285714285714,0
0.03125,0.002072002072002072,0.9892455490343947,0.0009511939123589609,0.3125,0.0,0.5714285714285714,0
0.0625,0.04875679875679876,0.9884914259483918,0.0009511939123589609,0.3125,0.0,0.8571428571428571,0
0.03125,0.002072002072002072,0.6766123479458344,0.0009511939123589609,0.3125,0.0,0.5714285714285714,0
0.0,0.0012950012950012951,0.0,0.02064746785620572,0.0,1.0,0.0,0
0.0,0.0003885003885003885,0.9885570018689138,0.0009511939123589609,0.3125,0.0,0.5714285714285714,0
0.0625,0.003755503755503756,0.9892455490343947,0.0009511939123589609,0.3125,0.0,0.5714285714285714,0
0.0,0.0003885003885003885,0.9892783369946556,0.0009511939123589609,0.3125,0.0,0.5714285714285714,0
0.03125,0.002072002072002072,0.9893439129151775,0.0009511939123589609,0.3125,0.0,0.5714285714285714,0
0.0,0.0003885003885003885,0.9893111249549166,0.0009511939123589609,0.3125,0.0,0.5714285714285714,0
0.0,0.0003885003885003885,0.9884914259483918,0.0009511939123589609,0.3125,0.0,0.5714285714285714,0
0.0625,0.003755503755503756,0.9884914259483918,0.0009511939123589609,0.3125,0.0,0.5714285714285714,0
0.0,0.0003885003885003885,0.9893439129151775,0.0009511939123589609,0.3125,0.0,0.5714285714285714,0
0.03125,0.002072002072002072,0.9893111249549166,0.0009511939123589609,0.3125,0.0,0.5714285714285714,0
0.03125,0.002072002072002072,0.9892783369946556,0.0009511939123589609,0.3125,0.0,0.5714285714285714,0
0.09375,0.00543900543900544,0.9885570018689138,0.0009511939123589609,0.3125,0.0,0.5714285714285714,0
0.0,0.0003885003885003885,0.9939670153119775,0.006904355812122802,0.3125,0.0,0.5714285714285714,0
0.0625,0.003755503755503756,0.7099904914915244,0.006904355812122802,0.3125,0.0,0.5714285714285714,0
0.0,0.012755762755762757,0.7674349978687827,0.0009511939123589609,0.3125,0.0,0.8571428571428571,0
0.0,0.0003885003885003885,0.9884914259483918,0.0009511939123589609,0.3125,0.0,0.5714285714285714,0
0.03125,0.002072002072002072,0.9892783369946556,0.0009511939123589609,0.3125,0.0,0.5714285714285714,0
0.03125,0.002072002072002072,0.9885570018689138,0.0009511939123589609,0.3125,0.0,0.5714285714285714,0
0.03125,0.002072002072002072,0.9892455490343947,0.0009511939123589609,0.3125,0.0,0.5714285714285714,0
0.125,0.007122507122507123,0.9893111249549166,0.0009511939123589609,0.3125,0.0,0.5714285714285714,0
0.03125,0.002072002072002072,0.7852716482507623,0.006904355812122802,0.3125,0.0,0.5714285714285714,0
0.03125,0.002072002072002072,0.9893111249549166,0.0009511939123589609,0.3125,0.0,0.5714285714285714,0
0.0,0.0006475006475006476,0.6378897668776026,0.006904355812122802,0.3125,0.0,0.07142857142857142,0
0.0,0.0003885003885003885,0.8592740745598216,0.006904355812122802,0.3125,0.0,0.5714285714285714,0
0.0,0.0003885003885003885,0.9892783369946556,0.0009511939123589609,0.3125,0.0,0.5714285714285714,0
0.0,0.0003885003885003885,0.9942621069543264,0.0009511939123589609,0.3125,0.0,0.5714285714285714,0
0.0625,0.003755503755503756,0.9885570018689138,0.0009511939123589609,0.3125,0.0,0.5714285714285714,0
0.0,0.0003885003885003885,0.7634676546772026,0.006904355812122802,0.3125,0.0,0.5714285714285714,0
0.03125,0.002072002072002072,0.9893439129151775,0.0009511939123589609,0.3125,0.0,0.5714285714285714,0
0.0,0.0003885003885003885,0.9943604708351094,0.0009511939123589609,0.3125,0.0,0.5714285714285714,0
0.0,0.0003885003885003885,0.9778025509033084,0.006904355812122802,0.3125,0.0,0.5714285714285714,0
0.0,0.0003885003885003885,0.9777369749827863,0.006904355812122802,0.3125,0.0,0.5714285714285714,0
0.0625,0.019975394975394977,0.9776058231417424,0.006904355812122802,0.3125,0.0,0.8571428571428571,0
0.0,0.0003885003885003885,0.9776713990622644,0.006904355812122802,0.3125,0.0,0.5714285714285714,0
0.0,0.0003885003885003885,0.9777041870225254,0.006904355812122802,0.3125,0.0,0.5714285714285714,0
0.03125,0.002072002072002072,0.9942621069543264,0.0009511939123589609,0.3125,0.0,0.5714285714285714,0
0.0,0.0003885003885003885,0.9944588347158924,0.0009511939123589609,0.3125,0.0,0.5714285714285714,0
0.0,0.0003885003885003885,0.9951801698416342,0.0009511939123589609,0.3125,0.0,0.5714285714285714,0
0.03125,0.002072002072002072,0.9951473818813732,0.0009511939123589609,0.3125,0.0,0.5714285714285714,0
0.03125,0.002072002072002072,0.9943604708351094,0.0009511939123589609,0.3125,0.0,0.5714285714285714,0
0.0,0.0003885003885003885,0.9951473818813732,0.0009511939123589609,0.3125,0.0,0.5714285714285714,0
0.0,0.0003885003885003885,0.9951801698416342,0.0009511939123589609,0.3125,0.0,0.5714285714285714,0
0.15625,0.06018518518518519,0.9942621069543264,0.0009511939123589609,0.3125,0.0,0.8571428571428571,0
0.03125,0.002072002072002072,0.9965244762123349,0.0009511939123589609,0.3125,0.0,0.5714285714285714,0
0.0,0.0003885003885003885,0.9943604708351094,0.0009511939123589609,0.3125,0.0,0.5714285714285714,0
0.0,0.0003885003885003885,0.7138266828420604,0.006904355812122802,0.3125,0.0,0.5714285714285714,0
0.125,0.007122507122507123,0.9951473818813732,0.0009511939123589609,0.3125,0.0,0.5714285714285714,0
0.03125,0.002072002072002072,0.7168431751860717,0.006904355812122802,0.3125,0.0,0.5714285714285714,0
0.03125,0.0012950012950012951,0.8071740057051051,0.006904355812122802,0.3125,0.0,0.5714285714285714,0
0.03125,0.01414788914788915,0.5693629299321289,0.006904355812122802,0.3125,0.0,0.8571428571428571,0
0.0,0.0003885003885003885,0.56939571789239,0.006904355812122802,0.3125,0.0,0.5714285714285714,0
0.0,0.0003885003885003885,0.8858651103314863,0.006904355812122802,0.3125,0.0,0.5714285714285714,0
0.0,0.0003885003885003885,0.866126758254369,0.006904355812122802,0.3125,0.0,0.5714285714285714,0
0.0,0.0011655011655011655,0.5990688219285878,0.006904355812122802,0.3125,0.0,0.8571428571428571,0
0.0,0.0003885003885003885,0.686317584183088,0.006904355812122802,0.3125,0.0,0.5714285714285714,0
0.0,0.0006475006475006476,0.5764779173087642,0.006904355812122802,0.3125,0.0,0.07142857142857142,0
0.0,0.0003885003885003885,0.9951801698416342,0.0009511939123589609,0.3125,0.0,0.5714285714285714,0
0.0,0.0003885003885003885,0.9965244762123349,0.0009511939123589609,0.3125,0.0,0.5714285714285714,0
0.0,0.0003885003885003885,0.5694285058526509,0.006904355812122802,0.3125,0.0,0.5714285714285714,0
0.03125,0.002072002072002072,0.9951473818813732,0.0009511939123589609,0.3125,0.0,0.5714285714285714,0
0.0625,0.003755503755503756,0.9943604708351094,0.0009511939123589609,0.3125,0.0,0.5714285714285714,0
0.0,0.0003885003885003885,0.5390340666907112,0.0009511939123589609,0.3125,0.0,0.5714285714285714,0
0.0,0.0,0.8071740057051051,0.006904355812122802,0.3125,0.0,0.5714285714285714,0
0.0,0.010845635845635847,0.90416079215712,0.0009511939123589609,0.3125,0.0,0.8571428571428571,0
0.0,0.011039886039886041,0.9044230958392079,0.0009511939123589609,0.3125,0.0,0.8571428571428571,0
0.0,0.0003885003885003885,0.9965244762123349,0.0009511939123589609,0.3125,0.0,0.5714285714285714,0
0.0,0.0003885003885003885,0.9944588347158924,0.0009511939123589609,0.3125,0.0,0.5714285714285714,0
0.0,0.0003885003885003885,0.5671333486343815,0.006904355812122802,0.3125,0.0,0.5714285714285714,0
0.09375,0.00543900543900544,0.5402800091806289,0.0009511939123589609,0.3125,0.0,0.5714285714285714,0
0.03125,0.002978502978502979,0.63615200498377,0.006904355812122802,0.3125,0.0,0.5714285714285714,0
0.0,0.0003885003885003885,0.6924817207121545,0.0009511939123589609,0.3125,0.0,0.5714285714285714,0
0.0,0.0006475006475006476,0.5742811239712777,0.0009511939123589609,0.3125,0.0,0.07142857142857142,0
0.03125,0.028813778813778817,0.9775074592609594,0.006904355812122802,0.3125,0.0,0.8571428571428571,0
0.0,0.0003885003885003885,0.5937243844060461,0.0009511939123589609,0.3125,0.0,0.5714285714285714,0
0.0,0.0003885003885003885,0.6941866946457261,0.0009511939123589609,0.3125,0.0,0.5714285714285714,0
0.0,0.0003885003885003885,0.6940227548444211,0.0009511939123589609,0.3125,0.0,0.5714285714285714,0
0.03125,0.002072002072002072,0.6941211187252041,0.0009511939123589609,0.3125,0.0,0.5714285714285714,0
0.0,0.0003885003885003885,0.6943178464867701,0.0009511939123589609,0.3125,0.0,0.5714285714285714,0
0.0625,0.003755503755503756,0.6944162103675531,0.0009511939123589609,0.3125,0.0,0.5714285714285714,0
0.03125,0.002072002072002072,0.6938260270828552,0.0009511939123589609,0.3125,0.0,0.5714285714285714,0
0.0625,0.003755503755503756,0.992130889537362,0.006904355812122802,0.3125,0.0,0.5714285714285714,0
0.0,0.0003885003885003885,0.8002229581297747,0.006904355812122802,0.3125,0.0,0.5714285714285714,0
0.0,0.0003885003885003885,0.8598314698842585,0.006904355812122802,0.3125,0.0,0.5714285714285714,0
0.0,0.000777000777000777,0.8003868979310798,0.006904355812122802,0.3125,0.0,0.5714285714285714,0
0.0,0.0003885003885003885,0.6944162103675531,0.0009511939123589609,0.3125,0.0,0.5714285714285714,0
0.03125,0.002072002072002072,0.6941211187252041,0.0009511939123589609,0.3125,0.0,0.5714285714285714,0
0.0,0.0003885003885003885,0.6940227548444211,0.0009511939123589609,0.3125,0.0,0.5714285714285714,0
0.0,0.0003885003885003885,0.8003213220105577,0.006904355812122802,0.3125,0.0,0.5714285714285714,0
0.03125,0.002072002072002072,0.6940883307649431,0.0009511939123589609,0.3125,0.0,0.5714285714285714,0
0.0,0.0003885003885003885,0.7081871536771698,0.006904355812122802,0.3125,0.0,0.5714285714285714,0
0.0,0.0,0.8011738089773436,0.006904355812122802,0.3125,0.0,0.14285714285714285,0
0.0,0.0013921263921263922,0.992130889537362,0.006904355812122802,0.3125,0.0,0.8571428571428571,0
0.0,0.0003885003885003885,0.6941211187252041,0.0009511939123589609,0.3125,0.0,0.5714285714285714,0
0.03125,0.002072002072002072,0.6944162103675531,0.0009511939123589609,0.3125,0.0,0.5714285714285714,0
0.0625,0.003755503755503756,0.6940883307649431,0.0009511939123589609,0.3125,0.0,0.5714285714285714,0
0.0625,0.003755503755503756,0.6943178464867701,0.0009511939123589609,0.3125,0.0,0.5714285714285714,0
0.03125,0.002072002072002072,0.6940227548444211,0.0009511939123589609,0.3125,0.0,0.5714285714285714,0
0.0,0.0003885003885003885,0.6944162103675531,0.0009511939123589609,0.3125,0.0,0.5714285714285714,0
0.03125,0.002072002072002072,0.6992688284861799,0.0009511939123589609,0.3125,0.0,0.5714285714285714,0
0.09375,0.00543900543900544,0.6940883307649431,0.0009511939123589609,0.3125,0.0,0.5714285714285714,0
0.0,0.0003885003885003885,0.6940227548444211,0.0009511939123589609,0.3125,0.0,0.5714285714285714,0
0.0,0.0003885003885003885,0.6993016164464408,0.0009511939123589609,0.3125,0.0,0.5714285714285714,0
0.03125,0.002072002072002072,0.6941211187252041,0.0009511939123589609,0.3125,0.0,0.5714285714285714,0
0.0,0.001651126651126651,0.8054690317715335,0.006904355812122802,0.3125,0.0,0.8571428571428571,0
0.0,0.0003885003885003885,0.6992688284861799,0.0009511939123589609,0.3125,0.0,0.5714285714285714,0
0.03125,0.002072002072002072,0.6938260270828552,0.0009511939123589609,0.3125,0.0,0.5714285714285714,0
0.0,0.05435767935767936,0.6941211187252041,0.0009511939123589609,0.3125,0.0,0.8571428571428571,0
0.03125,0.002072002072002072,0.6943178464867701,0.0009511939123589609,0.3125,0.0,0.5714285714285714,0
0.03125,0.002072002072002072,0.6940227548444211,0.0009511939123589609,0.3125,0.0,0.5714285714285714,0
0.03125,0.002072002072002072,0.6993016164464408,0.0009511939123589609,0.3125,0.0,0.5714285714285714,0
0.0,0.0003885003885003885,0.9066526771369553,0.006904355812122802,0.3125,0.0,0.5714285714285714,0
0.0,0.0003885003885003885,0.9971802354175547,0.006904355812122802,0.3125,0.0,0.5714285714285714,0
0.0,0.0013921263921263922,0.9842945670349847,0.006904355812122802,0.3125,0.0,0.8571428571428571,0
0.0,0.0003885003885003885,0.8193383389619332,0.006904355812122802,0.3125,0.0,0.5714285714285714,0
0.0,0.0013921263921263922,0.8464211941375127,0.006904355812122802,0.3125,0.0,0.8571428571428571,0
0.0,0.0003885003885003885,0.7485491327584511,0.006904355812122802,0.3125,0.0,0.5714285714285714,0
0.0,0.0003885003885003885,0.7316305452637791,0.006904355812122802,0.3125,0.0,0.5714285714285714,0
0.03125,0.002072002072002072,0.8433063379127185,0.006904355812122802,0.3125,0.0,0.5714285714285714,0
0.0,0.0003885003885003885,0.6941211187252041,0.0009511939123589609,0.3125,0.0,0.5714285714285714,0
0.0,0.0003885003885003885,0.8899308174038494,0.006904355812122802,0.3125,0.0,0.5714285714285714,0
0.0625,0.003755503755503756,0.5514279156693662,0.0009511939123589609,0.3125,0.0,0.5714285714285714,0
0.03125,0.002072002072002072,0.6993016164464408,0.0009511939123589609,0.3125,0.0,0.5714285714285714,0
0.0,0.0003885003885003885,0.7570084265057871,0.006904355812122802,0.3125,0.0,0.5714285714285714,0
0.03125,0.002072002072002072,0.6957605167382538,0.006904355812122802,0.3125,0.0,0.5714285714285714,0
0.0,0.0006475006475006476,0.0013115184104396866,0.9171805300446076,0.3125,0.0,0.6428571428571428,0
0.0,0.0003885003885003885,0.007262533197809765,0.7569207557071634,0.3125,0.0,0.6071428571428571,0
0.0,0.0,0.6293648972097446,0.006904355812122802,0.3125,0.0,0.5714285714285714,0
0.0,0.0003885003885003885,0.8565526738581594,0.006904355812122802,0.3125,0.0,0.5714285714285714,0
0.0,0.0003885003885003885,0.8780615757893702,0.006904355812122802,0.3125,0.0,0.5714285714285714,0
0.03125,0.002072002072002072,0.6995967080887898,0.0009511939123589609,0.3125,0.0,0.5714285714285714,0
0.0,0.04726754726754727,0.8432735499524575,0.006904355812122802,0.3125,0.0,0.5714285714285714,0
0.03125,0.002072002072002072,0.6992688284861799,0.0009511939123589609,0.3125,0.0,0.5714285714285714,0
0.03125,0.002072002072002072,0.5514279156693662,0.0009511939123589609,0.3125,0.0,0.5714285714285714,0
0.0625,0.003755503755503756,0.6993016164464408,0.0009511939123589609,0.3125,0.0,0.5714285714285714,0
0.0,0.0003885003885003885,0.5514279156693662,0.0009511939123589609,0.3125,0.0,0.5714285714285714,0
0.09375,0.00543900543900544,0.6995967080887898,0.0009511939123589609,0.3125,0.0,0.5714285714285714,0
0.0,0.0003885003885003885,0.5562477458277321,0.0009511939123589609,0.3125,0.0,0.5714285714285714,0
0.0,0.0003885003885003885,0.5514607036296272,0.0009511939123589609,0.3125,0.0,0.5714285714285714,0
0.03125,0.002072002072002072,0.6941211187252041,0.0009511939123589609,0.3125,0.0,0.5714285714285714,0
0.03125,0.002072002072002072,0.6993016164464408,0.0009511939123589609,0.3125,0.0,0.5714285714285714,0
0.0,0.0003885003885003885,0.757696973671268,0.0009511939123589609,0.3125,0.0,0.5714285714285714,0
0.0,0.0003885003885003885,0.6995967080887898,0.0009511939123589609,0.3125,0.0,0.5714285714285714,0
0.0,0.0003885003885003885,0.5570674448342569,0.0009511939123589609,0.3125,0.0,0.5714285714285714,0
0.0,0.0003885003885003885,0.5514279156693662,0.0009511939123589609,0.3125,0.0,0.5714285714285714,0
0.0,0.054292929292929296,0.556772353191908,0.0009511939123589609,0.3125,0.0,0.8571428571428571,0
0.0,0.0003885003885003885,0.5571658087150398,0.0009511939123589609,0.3125,0.0,0.5714285714285714,0
0.03125,0.002072002072002072,0.5562477458277321,0.0009511939123589609,0.3125,0.0,0.5714285714285714,0
0.03125,0.002072002072002072,0.766057903537821,0.006904355812122802,0.3125,0.0,0.5714285714285714,0
0.0,0.0003885003885003885,0.8865536574969671,0.006904355812122802,0.3125,0.0,0.5714285714285714,0
0.0,0.0,0.7339584904423097,0.006904355812122802,0.3125,0.0,0.14285714285714285,0
0.0,0.0003885003885003885,0.5706416603823077,0.006904355812122802,0.3125,0.0,0.5714285714285714,0
0.0,0.0003885003885003885,0.7425161480704285,0.006904355812122802,0.3125,0.0,0.5714285714285714,0
0.0,0.0003885003885003885,0.9360962654513263,0.006904355812122802,0.3125,0.0,0.5714285714285714,0
0.0,0.004176379176379176,0.7336633987999607,0.006904355812122802,0.3125,0.0,0.8571428571428571,0
0.0,0.0003885003885003885,0.007262533197809765,0.6949619522435055,0.3125,0.0,0.6071428571428571,0
0.03125,0.0012950012950012951,0.7235647070395751,0.006904355812122802,0.3125,0.0,0.5714285714285714,0
0.0,0.001651126651126651,0.9931145283451916,0.006904355812122802,0.3125,0.0,0.8571428571428571,0
0.0,0.0003885003885003885,0.8456014951309879,0.006904355812122802,0.3125,0.0,0.5714285714285714,0
0.03125,0.002072002072002072,0.8868487491393161,0.006904355812122802,0.3125,0.0,0.5714285714285714,0
0.0,0.0003885003885003885,0.5664775894291616,0.006904355812122802,0.3125,0.0,0.5714285714285714,0
0.0,0.0003885003885003885,0.7962884028984557,0.006904355812122802,0.3125,0.0,0.5714285714285714,0
0.0,0.0013921263921263922,0.5961506934653595,0.006904355812122802,0.3125,0.0,0.8571428571428571,0
0.0,0.0003885003885003885,0.7736647103183711,0.006904355812122802,0.3125,0.0,0.5714285714285714,0
0.0,0.0003885003885003885,0.7975671333486344,0.006904355812122802,0.3125,0.0,0.5714285714285714,0
0.0,0.001651126651126651,0.8941604642775173,0.006904355812122802,0.3125,0.0,0.8571428571428571,0
0.03125,0.002072002072002072,0.5591658742909604,0.006904355812122802,0.3125,0.0,0.5714285714285714,0
0.0,0.0012950012950012951,0.0,0.02064746785620572,0.0,1.0,0.0,0
0.0,0.0003885003885003885,0.9202268926850061,0.006904355812122802,0.3125,0.0,0.6071428571428571,0
0.0,0.0012950012950012951,0.6831043640775107,0.006904355812122802,0.3125,0.0,0.5714285714285714,0
0.0,0.01673789173789174,0.7944194891635792,0.006904355812122802,0.3125,0.0,0.8571428571428571,0
0.0,0.0011655011655011655,0.8426833666677597,0.006904355812122802,0.3125,0.0,0.8571428571428571,0
0.0,0.00382025382025382,0.6762188924227024,0.006904355812122802,0.3125,0.0,0.8571428571428571,0
0.0,0.0,0.7355323125348372,0.006904355812122802,0.3125,0.0,0.6071428571428571,0
0.0625,0.004888629888629889,0.7374340142299748,0.006904355812122802,0.3125,0.0,0.8571428571428571,0
0.0,0.0003885003885003885,0.9022590904619824,0.006904355812122802,0.3125,0.0,0.5714285714285714,0
0.0625,0.003755503755503756,0.7163513557821568,0.006904355812122802,0.3125,0.0,0.5714285714285714,0
0.0,0.004467754467754468,0.5782484671628578,0.006904355812122802,0.3125,0.0,0.8571428571428571,0
0.0,0.0003885003885003885,0.5782156792025969,0.006904355812122802,0.3125,0.0,0.5714285714285714,0
0.0,0.0003885003885003885,0.9298993409619988,0.006904355812122802,0.3125,0.0,0.5714285714285714,0
0.0,0.0003885003885003885,0.9511787271713827,0.006904355812122802,0.3125,0.0,0.5714285714285714,0
0.0,0.0003885003885003885,0.8823240106232991,0.006904355812122802,0.3125,0.0,0.5714285714285714,0
0.0625,0.003755503755503756,0.7745827732056789,0.006904355812122802,0.3125,0.0,0.5714285714285714,0
0.03125,0.002072002072002072,0.7415652972228598,0.006904355812122802,0.3125,0.0,0.5714285714285714,0
0.0,0.0003885003885003885,0.7955670677727139,0.006904355812122802,0.3125,0.0,0.5714285714285714,0
0.0,0.02806915306915307,0.9145545755598544,0.006904355812122802,0.3125,0.0,0.8571428571428571,0
0.0,0.0,0.007262533197809765,0.8557465232222513,0.3125,0.0,0.14285714285714285,0
0.0,0.0003885003885003885,0.6837273353224697,0.006904355812122802,0.3125,0.0,0.5714285714285714,0
0.03125,0.002072002072002072,0.7173677825502476,0.006904355812122802,0.3125,0.0,0.5714285714285714,0
0.0,0.0012950012950012951,0.0,0.02064746785620572,0.0,1.0,0.0,0
0.0,0.0003885003885003885,0.9702285320830192,0.0009511939123589609,0.3125,0.0,0.6071428571428571,0
0.0,0.026450401450401454,0.9117348109774092,0.006904355812122802,0.3125,0.0,0.8571428571428571,0
0.0,0.0003885003885003885,0.6761533165021805,0.006904355812122802,0.3125,0.0,0.5714285714285714,0
0.0,0.0003885003885003885,0.6761205285419194,0.006904355812122802,0.3125,0.0,0.5714285714285714,0
0.0,0.0003885003885003885,0.6223482737138922,0.006904355812122802,0.3125,0.0,0.5714285714285714,0
0.0,0.0,0.8753729630479689,0.006904355812122802,0.3125,0.0,0.14285714285714285,0
0.0,0.0003885003885003885,0.7547788452080396,0.006904355812122802,0.3125,0.0,0.5714285714285714,0
0.0,0.0,0.8614052919767862,0.006904355812122802,0.3125,0.0,0.14285714285714285,0
0.0,0.0003885003885003885,0.8613397160562641,0.006904355812122802,0.3125,0.0,0.5714285714285714,0
0.0,0.0003885003885003885,0.9117675989376701,0.006904355812122802,0.3125,0.0,0.5714285714285714,0
0.125,0.007122507122507123,0.8752745991671859,0.006904355812122802,0.3125,0.0,0.5714285714285714,0
0.0,0.0003885003885003885,0.9233745368700613,0.006904355812122802,0.3125,0.0,0.5714285714285714,0
0.0,0.004046879046879047,0.5698547493360439,0.006904355812122802,0.3125,0.0,0.8571428571428571,0
0.125,0.006734006734006735,0.9234073248303223,0.006904355812122802,0.3125,0.0,0.7142857142857142,0
0.0,0.0003885003885003885,0.7415980851831208,0.006904355812122802,0.3125,0.0,0.5714285714285714,0
0.0,0.0024605024605024606,0.9239975081150202,0.006904355812122802,0.3125,0.0,0.8571428571428571,0
0.0,0.0003885003885003885,0.9240958719958031,0.006904355812122802,0.3125,0.0,0.5714285714285714,0
0.0,0.0011655011655011655,0.6761205285419194,0.006904355812122802,0.3125,0.0,0.8571428571428571,0
0.0,0.0003885003885003885,0.8020262959441293,0.006904355812122802,0.3125,0.0,0.5714285714285714,0
0.0,0.0003885003885003885,0.6419882619102266,0.006904355812122802,0.3125,0.0,0.5714285714285714,0
0.0625,0.007446257446257447,0.6418898980294436,0.006904355812122802,0.3125,0.0,0.8571428571428571,0
0.0,0.0003885003885003885,0.8097642545657235,0.006904355812122802,0.3125,0.0,0.5714285714285714,0
0.0,0.0003885003885003885,0.9871471195776911,0.006904355812122802,0.3125,0.0,0.5714285714285714,0
0.0,0.0,0.7848454047673694,0.006904355812122802,0.3125,0.0,0.14285714285714285,0
0.0,0.0003885003885003885,0.6418898980294436,0.006904355812122802,0.3125,0.0,0.5714285714285714,0
0.0,0.004694379694379695,0.0013115184104396866,0.6797428496457621,1.0,0.0,0.0,0
0.03125,0.002072002072002072,0.9451785304436211,0.006904355812122802,0.3125,0.0,0.5714285714285714,0
0.0,0.0003885003885003885,0.78684547034329,0.006904355812122802,0.3125,0.0,0.5714285714285714,0
0.0,0.0003885003885003885,0.7623200760680678,0.006904355812122802,0.3125,0.0,0.5714285714285714,0
0.0,0.0003885003885003885,0.5747073674546707,0.006904355812122802,0.3125,0.0,0.5714285714285714,0
0.0,0.0003885003885003885,0.728187809436375,0.006904355812122802,0.3125,0.0,0.5714285714285714,0
0.0,0.0003885003885003885,0.8276664808682253,0.0009511939123589609,0.3125,0.0,0.5714285714285714,0
0.0,0.0003885003885003885,0.886914325059838,0.006904355812122802,0.3125,0.0,0.5714285714285714,0
0.0,0.0,0.7384832289583265,0.006904355812122802,0.3125,0.0,0.5714285714285714,0
0.28125,0.020525770525770527,0.803305026394308,0.006904355812122802,0.3125,0.0,0.8571428571428571,0
0.0,0.0003885003885003885,0.866421849896718,0.006904355812122802,0.3125,0.0,0.5714285714285714,0
0.0,0.0012950012950012951,0.0,0.02064746785620572,0.0,1.0,0.0,0
0.0,0.0003885003885003885,0.5793304698514705,0.006904355812122802,0.3125,0.0,0.6071428571428571,0
0.0,0.0003885003885003885,0.7373356503491918,0.006904355812122802,0.3125,0.0,0.5714285714285714,0
0.03125,0.002072002072002072,0.9233089609495394,0.006904355812122802,0.3125,0.0,0.5714285714285714,0
0.0,0.017126392126392127,0.8858323223712253,0.006904355812122802,0.3125,0.0,0.8571428571428571,0
0.0,0.0003885003885003885,0.8236007737958622,0.006904355812122802,0.3125,0.0,0.5714285714285714,0
0.0,0.0003885003885003885,0.694481786288075,0.006904355812122802,0.3125,0.0,0.5714285714285714,0
0.0,0.0003885003885003885,0.56906783828978,0.006904355812122802,0.3125,0.0,0.5714285714285714,0
0.0,0.0013921263921263922,0.7958621594150628,0.006904355812122802,0.3125,0.0,0.8571428571428571,0
0.0,0.017126392126392127,0.8726187743860455,0.006904355812122802,0.3125,0.0,0.8571428571428571,0
0.0,0.0003885003885003885,0.6855634610970852,0.006904355812122802,0.3125,0.0,0.5714285714285714,0
0.0,0.0003885003885003885,0.899734417521886,0.006904355812122802,0.3125,0.0,0.5714285714285714,0
0.0,0.000777000777000777,0.7980589527525493,0.006904355812122802,0.3125,0.0,0.8571428571428571,0
0.0,0.0003885003885003885,0.6220531820715434,0.006904355812122802,0.3125,0.0,0.5714285714285714,0
0.0,0.0006475006475006476,0.5521820387553691,0.006904355812122802,0.3125,0.0,0.07142857142857142,0
0.0625,0.003755503755503756,0.8110757729761632,0.006904355812122802,0.3125,0.0,0.5714285714285714,0
0.0,0.0013921263921263922,0.9315715269353094,0.006904355812122802,0.3125,0.0,0.8571428571428571,0
0.0,0.0003885003885003885,0.7417948129446867,0.006904355812122802,0.3125,0.0,0.5714285714285714,0
0.0,0.0003885003885003885,0.5893635856913342,0.006904355812122802,0.3125,0.0,0.5714285714285714,0
0.0,0.0013921263921263922,0.874290960359356,0.006904355812122802,0.3125,0.0,0.8571428571428571,0
0.0,0.0003885003885003885,0.786648742581724,0.006904355812122802,0.3125,0.0,0.5714285714285714,0
0.0,0.0003885003885003885,0.8336666775959868,0.006904355812122802,0.3125,0.0,0.5714285714285714,0
0.0,0.0003885003885003885,0.6647431063313551,0.006904355812122802,0.3125,0.0,0.5714285714285714,0
0.0,0.0003885003885003885,0.8456998590117709,0.0009511939123589609,0.3125,0.0,0.5714285714285714,0
0.0,0.0003885003885003885,0.5893635856913342,0.006904355812122802,0.3125,0.0,0.5714285714285714,0
0.0,0.0013921263921263922,0.6471687596314634,0.006904355812122802,0.3125,0.0,0.8571428571428571,0
0.03125,0.002072002072002072,0.7368110429850159,0.006904355812122802,0.3125,0.0,0.5714285714285714,0
0.03125,0.003334628334628335,0.7735335584773272,0.006904355812122802,0.3125,0.0,0.8571428571428571,0
0.0,0.0027842527842527848,0.7044821141676777,0.006904355812122802,0.3125,0.0,0.8571428571428571,0
0.0,0.0003885003885003885,0.9676054952621398,0.006904355812122802,0.3125,0.0,0.5714285714285714,0
0.0,0.0006475006475006476,0.0013115184104396866,0.8499081605877722,0.3125,0.0,0.6428571428571428,0
0.0,0.0006475006475006476,0.007262533197809765,0.9080949881920755,0.3125,0.0,0.6428571428571428,0
0.0,0.0012950012950012951,0.0,0.02064746785620572,0.0,1.0,0.0,0
0.0,0.0003885003885003885,0.7716646447424506,0.006904355812122802,0.3125,0.0,0.6071428571428571,0
0.0,0.0003885003885003885,0.8374700809862619,0.006904355812122802,0.3125,0.0,0.5714285714285714,0
0.0,0.0003885003885003885,0.7412046296599889,0.006904355812122802,0.3125,0.0,0.5714285714285714,0
0.0,0.0003885003885003885,0.8968490770189187,0.006904355812122802,0.3125,0.0,0.5714285714285714,0
0.0,0.0003885003885003885,0.7793370274435227,0.006904355812122802,0.3125,0.0,0.5714285714285714,0
0.0625,0.003755503755503756,0.7332699432768288,0.006904355812122802,0.3125,0.0,0.5714285714285714,0
0.09375,0.00543900543900544,0.7430407554346045,0.006904355812122802,0.3125,0.0,0.5714285714285714,0
0.03125,0.002072002072002072,0.7811731532181383,0.006904355812122802,0.3125,0.0,0.5714285714285714,0
0.0,0.0003885003885003885,0.9381291189875078,0.006904355812122802,0.3125,0.0,0.5714285714285714,0
0.0,0.0003885003885003885,0.665333289616053,0.006904355812122802,0.3125,0.0,0.5714285714285714,0
0.0,0.0003885003885003885,0.6465130004262435,0.006904355812122802,0.3125,0.0,0.6071428571428571,0
0.0,0.0003885003885003885,0.585953637824191,0.006904355812122802,0.3125,0.0,0.5714285714285714,0
0.0,0.0003885003885003885,0.9761303649299977,0.006904355812122802,0.3125,0.0,0.5714285714285714,0
0.0,0.0003885003885003885,0.9232433850290174,0.006904355812122802,0.3125,0.0,0.5714285714285714,0
0.0,0.0003885003885003885,0.9771467916980885,0.006904355812122802,0.3125,0.0,0.5714285714285714,0
0.0,0.0,0.8188793075182793,0.006904355812122802,0.3125,0.0,0.14285714285714285,0
0.0,0.0003885003885003885,0.895537558608479,0.006904355812122802,0.3125,0.0,0.5714285714285714,0
0.03125,0.002072002072002072,0.8456014951309879,0.006904355812122802,0.3125,0.0,0.5714285714285714,0
0.0625,0.01495726495726496,0.7873700777074658,0.006904355812122802,0.3125,0.0,0.8571428571428571,0
0.0,0.0003885003885003885,0.8963572576150038,0.006904355812122802,0.3125,0.0,0.5714285714285714,0
0.0,0.02395752395752396,0.8019935079838684,0.006904355812122802,0.3125,0.0,0.8571428571428571,0
0.0,0.0003885003885003885,0.7900914784091282,0.006904355812122802,0.3125,0.0,0.5714285714285714,0
0.0,0.0003885003885003885,0.7519918685858553,0.006904355812122802,0.3125,0.0,0.5714285714285714,0
0.0,0.001651126651126651,0.665431653496836,0.006904355812122802,0.3125,0.0,0.8571428571428571,0
0.03125,0.002072002072002072,0.8357323190924293,0.006904355812122802,0.3125,0.0,0.5714285714285714,0
0.03125,0.002072002072002072,0.7314010295419522,0.006904355812122802,0.3125,0.0,0.5714285714285714,0
0.0,0.0003885003885003885,0.0013115184104396866,0.6395959065861978,0.3125,0.0,0.6071428571428571,0
0.0,0.0003885003885003885,0.954096855634611,0.006904355812122802,0.3125,0.0,0.5714285714285714,0
0.03125,0.14270914270914273,0.0013115184104396866,0.954080293886119,0.3125,0.0,0.5714285714285714,0
0.0,0.00857938357938358,0.8311092166956294,0.006904355812122802,0.3125,0.0,0.8571428571428571,0
0.0,0.0003885003885003885,0.7314010295419522,0.006904355812122802,0.3125,0.0,0.5714285714285714,0
0.09375,0.00543900543900544,0.6170694121118725,0.006904355812122802,0.3125,0.0,0.5714285714285714,0
0.0,0.0029137529137529135,0.929112429915735,0.006904355812122802,0.3125,0.0,0.8571428571428571,0
0.03125,0.016835016835016838,0.5963146332666645,0.006904355812122802,0.3125,0.0,0.8571428571428571,0
0.0,0.0003885003885003885,0.9312108593724385,0.006904355812122802,0.3125,0.0,0.5714285714285714,0
0.0,0.0003885003885003885,0.987507787140562,0.006904355812122802,0.3125,0.0,0.5714285714285714,0
0.0,0.0,0.5578543558805207,0.006904355812122802,0.3125,0.0,0.5714285714285714,0
0.0,0.0003885003885003885,0.987474999180301,0.006904355812122802,0.3125,0.0,0.5714285714285714,0
0.0,0.0003885003885003885,0.987507787140562,0.006904355812122802,0.3125,0.0,0.5714285714285714,0
0.0,0.00326987826987827,0.6793993245680187,0.006904355812122802,0.3125,0.0,0.8571428571428571,0
0.0,0.0003885003885003885,0.7580576412341389,0.006904355812122802,0.3125,0.0,0.5714285714285714,0
0.03125,0.002072002072002072,0.8597986819239976,0.006904355812122802,0.3125,0.0,0.5714285714285714,0
0.0,0.003075628075628076,0.5580510836420867,0.006904355812122802,0.3125,0.0,0.8571428571428571,0
0.0,0.0015216265216265218,0.937276632020722,0.006904355812122802,0.3125,0.0,0.8571428571428571,0
0.0,0.0015216265216265218,0.5697563854552609,0.006904355812122802,0.3125,0.0,0.8571428571428571,0
0.0,0.0003885003885003885,0.9403914882455163,0.006904355812122802,0.3125,0.0,0.5714285714285714,0
0.0,0.0011655011655011655,0.8171415456244467,0.006904355812122802,0.3125,0.0,0.8571428571428571,0
0.0,0.0006475006475006476,0.007262533197809765,0.670263710312254,0.3125,0.0,0.6428571428571428,0
0.0,0.0011655011655011655,0.8597658939637366,0.006904355812122802,0.3125,0.0,0.8571428571428571,0
0.0625,0.003755503755503756,0.7678940293124366,0.006904355812122802,0.3125,0.0,0.5714285714285714,0
0.0,0.0003885003885003885,0.8045837568444867,0.006904355812122802,0.3125,0.0,0.5714285714285714,0
0.0,0.0003885003885003885,0.8214367684186367,0.006904355812122802,0.3125,0.0,0.5714285714285714,0
0.0,0.001651126651126651,0.7257615003770616,0.006904355812122802,0.3125,0.0,0.8571428571428571,0
0.0,0.001651126651126651,0.7810747893373553,0.006904355812122802,0.3125,0.0,0.8571428571428571,0
0.0,0.0003885003885003885,0.853765697235975,0.006904355812122802,0.3125,0.0,0.5714285714285714,0
0.0,0.0003885003885003885,0.8776025443457163,0.006904355812122802,0.3125,0.0,0.5714285714285714,0
0.0,0.00641025641025641,0.9741302993540772,0.006904355812122802,0.3125,0.0,0.8571428571428571,0
0.0,0.0010360010360010359,0.615364438178301,0.006904355812122802,0.3125,0.0,0.5714285714285714,0
0.0,0.0012950012950012951,0.7943211252827962,0.006904355812122802,0.3125,0.0,0.5714285714285714,0
0.03125,0.002072002072002072,0.8521262992229254,0.006904355812122802,0.3125,0.0,0.5714285714285714,0
0.0,0.005892255892255893,0.7497622872881078,0.006904355812122802,0.3125,0.0,0.8571428571428571,0
0.0,0.0006475006475006476,0.7456637922554838,0.006904355812122802,0.3125,0.0,0.07142857142857142,0
0.0,0.0003885003885003885,0.995868717007115,0.006904355812122802,0.3125,0.0,0.5714285714285714,0
0.0,0.0003885003885003885,0.615364438178301,0.006904355812122802,0.3125,0.0,0.5714285714285714,0
0.0,0.0003885003885003885,0.8156332994524411,0.006904355812122802,0.3125,0.0,0.5714285714285714,0
0.0,0.0034965034965034965,0.9857700252467294,0.006904355812122802,0.3125,0.0,0.8571428571428571,0
0.0,0.0003885003885003885,0.007262533197809765,0.5449029126213591,0.3125,0.0,0.6071428571428571,0
0.0,0.0003885003885003885,0.6540870192465327,0.006904355812122802,0.3125,0.0,0.5714285714285714,0
0.0,0.0003885003885003885,0.8775369684251944,0.006904355812122802,0.3125,0.0,0.5714285714285714,0
0.0,0.0003885003885003885,0.8720613790616086,0.006904355812122802,0.3125,0.0,0.5714285714285714,0
0.0,0.0012950012950012951,0.5423784386373324,0.006904355812122802,0.3125,0.0,0.5714285714285714,0
0.03125,0.002978502978502979,0.5423456506770714,0.006904355812122802,0.3125,0.0,0.5714285714285714,0
0.0,0.0003885003885003885,0.7216957933046986,0.0009511939123589609,0.3125,0.0,0.5714285714285714,0
0.0,0.0003885003885003885,0.54428014033247,0.006904355812122802,0.3125,0.0,0.5714285714285714,0
0.03125,0.0016835016835016836,0.5820518705531329,0.006904355812122802,0.3125,0.0,0.7142857142857142,0
0.0,0.0003885003885003885,0.5820190825928719,0.006904355812122802,0.3125,0.0,0.5714285714285714,0
0.0,0.0003885003885003885,0.8774386045444114,0.006904355812122802,0.3125,0.0,0.5714285714285714,0
0.0,0.0003885003885003885,0.878553395193285,0.006904355812122802,0.3125,0.0,0.5714285714285714,0
0.0,0.0003885003885003885,0.007262533197809765,0.6828260299134085,0.3125,0.0,0.6071428571428571,0
0.0,0.0013921263921263922,0.7022197449096692,0.006904355812122802,0.3125,0.0,0.8571428571428571,0
0.0625,0.003755503755503756,0.7917964523426998,0.006904355812122802,0.3125,0.0,0.5714285714285714,0
0.0,0.0003885003885003885,0.7846158890455425,0.006904355812122802,0.3125,0.0,0.5714285714285714,0
0.0,0.0003885003885003885,0.9795731007574019,0.006904355812122802,0.3125,0.0,0.5714285714285714,0
0.0,0.0003885003885003885,0.715728384537198,0.006904355812122802,0.3125,0.0,0.5714285714285714,0
0.0,0.000777000777000777,0.803436178235352,0.006904355812122802,0.3125,0.0,0.5714285714285714,0
0.0,0.013403263403263404,0.8036656939571789,0.006904355812122802,0.3125,0.0,0.8571428571428571,0
0.0,0.0003885003885003885,0.803403390275091,0.006904355812122802,0.3125,0.0,0.5714285714285714,0
0.0,0.0003885003885003885,0.803501754155874,0.006904355812122802,0.3125,0.0,0.5714285714285714,0
0.03125,0.002072002072002072,0.8033378143545691,0.006904355812122802,0.3125,0.0,0.5714285714285714,0
0.0,0.0003885003885003885,0.8176333650283616,0.006904355812122802,0.3125,0.0,0.5714285714285714,0
0.0,0.0003885003885003885,0.5537558608478966,0.006904355812122802,0.3125,0.0,0.5714285714285714,0
0.0,0.0003885003885003885,0.9530476409062593,0.006904355812122802,0.3125,0.0,0.5714285714285714,0
0.0,0.0003885003885003885,0.816092330896095,0.0009511939123589609,0.3125,0.0,0.5714285714285714,0
0.0,0.03697228697228697,0.690514443096495,0.006904355812122802,0.3125,0.0,0.8571428571428571,0
0.0,0.0,0.5469359651136103,0.006904355812122802,0.3125,0.0,0.14285714285714285,0
0.0,0.0003885003885003885,0.8695694940817732,0.006904355812122802,0.3125,0.0,0.5714285714285714,0
0.0,0.0003885003885003885,0.8102560739696384,0.006904355812122802,0.3125,0.0,0.5714285714285714,0
0.0,0.0003885003885003885,0.6957277287779927,0.006904355812122802,0.3125,0.0,0.5714285714285714,0
0.0,0.0003885003885003885,0.7929440309518345,0.006904355812122802,0.3125,0.0,0.5714285714285714,0
0.5625,0.031598031598031595,0.602478769795731,0.006904355812122802,0.3125,0.0,0.5714285714285714,0
0.0,0.0003885003885003885,0.7228761598740943,0.006904355812122802,0.3125,0.0,0.5714285714285714,0
0.0,0.0003885003885003885,0.8304534574904096,0.006904355812122802,0.3125,0.0,0.5714285714285714,0
0.0,0.023439523439523442,0.7917636643824388,0.006904355812122802,0.3125,0.0,0.8571428571428571,0
0.0,0.0003885003885003885,0.6969736712679104,0.006904355812122802,0.3125,0.0,0.5714285714285714,0
0.0,0.0575951825951826,0.6972031869897374,0.006904355812122802,0.3125,0.0,0.8571428571428571,0
0.0,0.0003885003885003885,0.6970720351486934,0.006904355812122802,0.3125,0.0,0.5714285714285714,0
0.0,0.0003885003885003885,0.6973671267910424,0.006904355812122802,0.3125,0.0,0.5714285714285714,0
0.0,0.0003885003885003885,0.007262533197809765,0.6968971398583048,0.3125,0.0,0.6071428571428571,0
0.03125,0.0016835016835016836,0.6071674481130529,0.006904355812122802,0.3125,0.0,0.7142857142857142,0
0.0,0.0003885003885003885,0.80337060231483,0.006904355812122802,0.3125,0.0,0.5714285714285714,0
0.0,0.043220668220668224,0.8199940981671531,0.006904355812122802,0.3125,0.0,0.8571428571428571,0
0.0,0.0006475006475006476,0.0013115184104396866,0.5420821306743636,0.3125,0.0,0.6428571428571428,0
0.0,0.0003885003885003885,0.5628053378799305,0.006904355812122802,0.3125,0.0,0.5714285714285714,0
0.0,0.0003885003885003885,0.9026197580248533,0.006904355812122802,0.3125,0.0,0.5714285714285714,0
0.0,0.0003885003885003885,0.9027836978261583,0.006904355812122802,0.3125,0.0,0.5714285714285714,0
0.0,0.0003885003885003885,0.9992786648742582,0.006904355812122802,0.3125,0.0,0.5714285714285714,0
0.0,0.003949753949753949,0.8290763631594479,0.006904355812122802,0.3125,0.0,0.8571428571428571,0
0.0,0.0003885003885003885,0.5684120790845602,0.006904355812122802,0.3125,0.0,0.5714285714285714,0
0.03125,0.002072002072002072,0.9757696973671268,0.006904355812122802,0.3125,0.0,0.5714285714285714,0
0.0,0.0003885003885003885,0.9686547099904915,0.006904355812122802,0.3125,0.0,0.5714285714285714,0
0.0,0.0003885003885003885,0.9992786648742582,0.006904355812122802,0.3125,0.0,0.5714285714285714,0
0.0,0.012723387723387724,0.6247417948129447,0.0009511939123589609,0.3125,0.0,0.8571428571428571,0
0.03125,0.0012950012950012951,0.6630381323977835,0.006904355812122802,0.3125,0.0,0.5714285714285714,0
0.0,0.0003885003885003885,0.6535296239220958,0.006904355812122802,0.3125,0.0,0.5714285714285714,0
0.0,0.0003885003885003885,0.8217646480212466,0.006904355812122802,0.3125,0.0,0.5714285714285714,0
0.0,0.0003885003885003885,0.6536935637234008,0.006904355812122802,0.3125,0.0,0.5714285714285714,0
0.0,0.0003885003885003885,0.7060887242204663,0.006904355812122802,0.3125,0.0,0.5714285714285714,0
0.09375,0.00543900543900544,0.8986196268730122,0.006904355812122802,0.3125,0.0,0.5714285714285714,0
0.0,0.0006475006475006476,0.8141906292009574,0.006904355812122802,0.3125,0.0,0.07142857142857142,0
0.0,0.0003885003885003885,0.8487163513557822,0.006904355812122802,0.3125,0.0,0.5714285714285714,0
0.0,0.00611888111888112,0.9429817371061346,0.006904355812122802,0.3125,0.0,0.8571428571428571,0
0.0,0.007187257187257188,0.6816289058657661,0.006904355812122802,0.3125,0.0,0.8571428571428571,0
0.0,0.0,0.6537263516836618,0.006904355812122802,0.3125,0.0,0.14285714285714285,0
0.0,0.0006475006475006476,0.0013115184104396866,0.7416688533193386,0.3125,0.0,0.6428571428571428,0
0.0,0.0003885003885003885,0.8168792419423588,0.006904355812122802,0.3125,0.0,0.5714285714285714,0
0.0,0.0003885003885003885,0.7813698809797043,0.006904355812122802,0.3125,0.0,0.5714285714285714,0
0.0,0.0003885003885003885,0.8617659595396571,0.006904355812122802,0.3125,0.0,0.5714285714285714,0
0.03125,0.002072002072002072,0.5932325650021313,0.006904355812122802,0.3125,0.0,0.5714285714285714,0
0.0,0.005892255892255893,0.6157906816616938,0.006904355812122802,0.3125,0.0,0.8571428571428571,0
0.0,0.0033993783993783995,0.6108069117020231,0.006904355812122802,0.3125,0.0,0.8571428571428571,0
0.0,0.0003885003885003885,0.7736319223581102,0.006904355812122802,0.3125,0.0,0.5714285714285714,0
0.0,0.0003885003885003885,0.8486507754352602,0.006904355812122802,0.3125,0.0,0.5714285714285714,0
0.0,0.0003885003885003885,0.6816289058657661,0.006904355812122802,0.3125,0.0,0.5714285714285714,0
0.0,0.0011655011655011655,0.8981278074690974,0.006904355812122802,0.3125,0.0,0.8571428571428571,0
0.0,0.0003885003885003885,0.8294370307223188,0.006904355812122802,0.3125,0.0,0.5714285714285714,0
0.0,0.0003885003885003885,0.5530345257221548,0.006904355812122802,0.3125,0.0,0.5714285714285714,0
0.0,0.01210826210826211,0.7946817928456671,0.006904355812122802,0.3125,0.0,0.8571428571428571,0
0.0,0.0003885003885003885,0.5483786353650939,0.0009511939123589609,0.3125,0.0,0.5714285714285714,0
0.0,0.0011655011655011655,0.6712023345027706,0.006904355812122802,0.3125,0.0,0.8571428571428571,0
0.0,0.0003885003885003885,0.9978032066625135,0.006904355812122802,0.3125,0.0,0.5714285714285714,0
0.0,0.0003885003885003885,0.7420243286665137,0.006904355812122802,0.3125,0.0,0.5714285714285714,0
0.03125,0.0032051282051282055,0.8739958687170072,0.006904355812122802,0.3125,0.0,0.8571428571428571,0
0.03125,0.002072002072002072,0.9887209416702187,0.006904355812122802,0.3125,0.0,0.5714285714285714,0
0.0,0.0013921263921263922,0.6518574379487853,0.006904355812122802,0.3125,0.0,0.8571428571428571,0
0.0,0.0003885003885003885,0.7564510311813503,0.006904355812122802,0.3125,0.0,0.5714285714285714,0
0.03125,0.002072002072002072,0.8023541755467393,0.006904355812122802,0.3125,0.0,0.5714285714285714,0
0.0,0.0003885003885003885,0.560706908423227,0.006904355812122802,0.3125,0.0,0.5714285714285714,0
0.0,0.0003885003885003885,0.5729696055608381,0.006904355812122802,0.3125,0.0,0.5714285714285714,0
0.0,0.0003885003885003885,0.9780976425456572,0.006904355812122802,0.3125,0.0,0.5714285714285714,0
0.03125,0.002072002072002072,0.6148398308141251,0.006904355812122802,0.3125,0.0,0.5714285714285714,0
0.0,0.0003885003885003885,0.007262533197809765,0.5721595381789556,0.3125,0.0,0.6071428571428571,0
0.0,0.0006475006475006476,0.5473949965572642,0.0009511939123589609,0.3125,0.0,0.07142857142857142,0
0.03125,0.002072002072002072,0.9223581101019706,0.006904355812122802,0.3125,0.0,0.5714285714285714,0
0.0,0.0003885003885003885,0.7017279255057544,0.006904355812122802,0.3125,0.0,0.5714285714285714,0
0.0,0.0003885003885003885,0.9673104036197908,0.006904355812122802,0.3125,0.0,0.5714285714285714,0
0.125,0.007122507122507123,0.7108757664185711,0.006904355812122802,0.3125,0.0,0.5714285714285714,0
0.0,0.0003885003885003885,0.5678874717203843,0.006904355812122802,0.3125,0.0,0.5714285714285714,0
0.0,0.0003885003885003885,0.5803141086593003,0.006904355812122802,0.3125,0.0,0.5714285714285714,0
0.0,0.0003885003885003885,0.9360634774910653,0.006904355812122802,0.3125,0.0,0.5714285714285714,0
0.0,0.002072002072002072,0.9721630217384177,0.006904355812122802,0.3125,0.0,0.8571428571428571,0
0.0,0.010586635586635588,0.7810420013770943,0.0009511939123589609,0.3125,0.0,0.8571428571428571,0
0.0,0.0003885003885003885,0.8168136660218368,0.0009511939123589609,0.3125,0.0,0.5714285714285714,0
0.0,0.0803872053872054,0.627495983474868,0.006904355812122802,0.3125,0.0,0.8571428571428571,0
0.0,0.0003885003885003885,0.627495983474868,0.0009511939123589609,0.3125,0.0,0.5714285714285714,0
0.0,0.0003885003885003885,0.6818256336273321,0.006904355812122802,0.3125,0.0,0.5714285714285714,0
0.0,0.0003885003885003885,0.5803141086593003,0.006904355812122802,0.3125,0.0,0.5714285714285714,0
0.0,0.0003885003885003885,0.581658415030001,0.006904355812122802,0.3125,0.0,0.5714285714285714,0
0.0,0.0003885003885003885,0.6818256336273321,0.006904355812122802,0.3125,0.0,0.5714285714285714,0
0.0,0.0003885003885003885,0.0013115184104396866,0.6273287850957753,0.3125,0.0,0.6071428571428571,0
0.03125,0.0012950012950012951,0.7597954031279714,0.006904355812122802,0.3125,0.0,0.5714285714285714,0
0.0,0.0003885003885003885,0.8268795698219614,0.006904355812122802,0.3125,0.0,0.5714285714285714,0
0.0625,0.0025900025900025903,0.7602544345716253,0.006904355812122802,0.3125,0.0,0.5714285714285714,0
0.0,0.0033993783993783995,0.8141906292009574,0.006904355812122802,0.3125,0.0,0.8571428571428571,0
0.0,0.0003885003885003885,0.7451391848913079,0.006904355812122802,0.3125,0.0,0.5714285714285714,0
0.0,0.0003885003885003885,0.6076264795567068,0.006904355812122802,0.3125,0.0,0.5714285714285714,0
0.0625,0.003755503755503756,0.5744122758123217,0.006904355812122802,0.3125,0.0,0.5714285714285714,0
0.03125,0.002072002072002072,0.8790452145972,0.006904355812122802,0.3125,0.0,0.5714285714285714,0
0.0,0.0003885003885003885,0.6280205908390439,0.006904355812122802,0.3125,0.0,0.5714285714285714,0
0.0,0.0003885003885003885,0.9135053608315027,0.006904355812122802,0.3125,0.0,0.5714285714285714,0
0.09375,0.00543900543900544,0.9134397849109808,0.006904355812122802,0.3125,0.0,0.5714285714285714,0
0.09375,0.00543900543900544,0.9135709367520247,0.006904355812122802,0.3125,0.0,0.5714285714285714,0
0.0,0.0003885003885003885,0.5790681661693826,0.006904355812122802,0.3125,0.0,0.5714285714285714,0
0.0,0.0003885003885003885,0.007262533197809765,0.9485043295722907,0.3125,0.0,0.6071428571428571,0
0.0,0.0003885003885003885,0.5835273287648776,0.006904355812122802,0.3125,0.0,0.5714285714285714,0
0.0,0.0003885003885003885,0.9284238827502541,0.006904355812122802,0.3125,0.0,0.5714285714285714,0
0.0,0.0003885003885003885,0.5605757565821831,0.006904355812122802,0.3125,0.0,0.5714285714285714,0
0.0,0.026450401450401454,0.9193088297976983,0.006904355812122802,0.3125,0.0,0.8571428571428571,0
0.0,0.0,0.9814420144922785,0.006904355812122802,0.3125,0.0,0.14285714285714285,0
0.0,0.0,0.790976753336175,0.006904355812122802,0.3125,0.0,0.5714285714285714,0
0.0,0.0013921263921263922,0.6920554772287616,0.006904355812122802,0.3125,0.0,0.8571428571428571,0
0.0,0.0003885003885003885,0.6095281812518444,0.006904355812122802,0.3125,0.0,0.5714285714285714,0
0.0,0.0003885003885003885,0.6376602511557756,0.006904355812122802,0.3125,0.0,0.5714285714285714,0
0.0,0.0003885003885003885,0.7482212531558412,0.006904355812122802,0.3125,0.0,0.5714285714285714,0
0.0,0.000777000777000777,0.7482540411161022,0.006904355812122802,0.3125,0.0,0.5714285714285714,0
0.0,0.0006475006475006476,0.6061838093052232,0.006904355812122802,0.3125,0.0,0.07142857142857142,0
0.0,0.0,0.007262533197809765,0.7991340855418525,0.3125,0.0,0.14285714285714285,0
0.0,0.0003885003885003885,0.8546837601232827,0.006904355812122802,0.3125,0.0,0.5714285714285714,0
0.0,0.0,0.9218662906980557,0.006904355812122802,0.3125,0.0,0.5714285714285714,0
0.0,0.0003885003885003885,0.5882160070821995,0.006904355812122802,0.3125,0.0,0.5714285714285714,0
0.0,0.0003885003885003885,0.7308108462572543,0.006904355812122802,0.3125,0.0,0.5714285714285714,0
0.0625,0.003755503755503756,0.8929473097478606,0.006904355812122802,0.3125,0.0,0.5714285714285714,0
0.0,0.0003885003885003885,0.8652742712875833,0.006904355812122802,0.3125,0.0,0.5714285714285714,0
0.0,0.0003885003885003885,0.7482868290763632,0.006904355812122802,0.3125,0.0,0.5714285714285714,0
0.03125,0.002072002072002072,0.8937997967146464,0.006904355812122802,0.3125,0.0,0.5714285714285714,0
0.0,0.0,0.5824125381160038,0.006904355812122802,0.3125,0.0,0.5714285714285714,0
0.0,0.003431753431753432,0.7806157578937014,0.006904355812122802,0.3125,0.0,0.8571428571428571,0
0.0,0.000777000777000777,0.540148857339585,0.006904355812122802,0.3125,0.0,0.5714285714285714,0
0.09375,0.00543900543900544,0.8939637365159514,0.006904355812122802,0.3125,0.0,0.5714285714285714,0
0.0,0.017126392126392127,0.686612675825437,0.006904355812122802,0.3125,0.0,0.8571428571428571,0
0.0,0.0006475006475006476,0.6842519426866455,0.006904355812122802,0.3125,0.0,0.07142857142857142,0
0.0,0.0003885003885003885,0.6549067182530575,0.006904355812122802,0.3125,0.0,0.5714285714285714,0
0.0,0.0003885003885003885,0.9782287943867012,0.006904355812122802,0.3125,0.0,0.5714285714285714,0
0.0,0.0003885003885003885,0.9649824584412604,0.006904355812122802,0.3125,0.0,0.5714285714285714,0
0.0,0.0003885003885003885,0.007262533197809765,0.9846168984518499,0.3125,0.0,0.6071428571428571,0
0.03125,0.0012950012950012951,0.6873667989114397,0.006904355812122802,0.3125,0.0,0.5714285714285714,0
0.03125,0.002072002072002072,0.9845240827568117,0.006904355812122802,0.3125,0.0,0.5714285714285714,0
0.0,0.0003885003885003885,0.7062526640217712,0.006904355812122802,0.3125,0.0,0.5714285714285714,0
0.0,0.0003885003885003885,0.007262533197809765,0.9074389923904486,0.3125,0.0,0.6071428571428571,0
0.03125,0.002072002072002072,0.7228761598740943,0.006904355812122802,0.3125,0.0,0.5714285714285714,0
0.03125,0.002072002072002072,0.5720843306337913,0.006904355812122802,0.3125,0.0,0.5714285714285714,0
0.0,0.0003885003885003885,0.920194104724745,0.006904355812122802,0.3125,0.0,0.5714285714285714,0
0.0,0.0003885003885003885,0.9649824584412604,0.006904355812122802,0.3125,0.0,0.5714285714285714,0
0.0,0.0003885003885003885,0.6410374110626578,0.006904355812122802,0.3125,0.0,0.5714285714285714,0
0.0,0.00135975135975136,0.5427063182399423,0.006904355812122802,0.3125,0.0,0.8571428571428571,0
0.0,0.009777259777259779,0.6926784484737205,0.006904355812122802,0.3125,0.0,0.8571428571428571,0
0.0,0.0003885003885003885,0.5724449981966622,0.006904355812122802,0.3125,0.0,0.5714285714285714,0
0.03125,0.0012950012950012951,0.9025213941440703,0.006904355812122802,0.3125,0.0,0.5714285714285714,0
0.0,0.02094664594664595,0.6061838093052232,0.006904355812122802,0.3125,0.0,0.8571428571428571,0
0.0,0.0003885003885003885,0.6983179776386111,0.006904355812122802,0.3125,0.0,0.5714285714285714,0
0.0,0.0003885003885003885,0.8784550313125021,0.006904355812122802,0.3125,0.0,0.5714285714285714,0
0.0,0.0003885003885003885,0.6292009574084396,0.006904355812122802,0.3125,0.0,0.5714285714285714,0
0.0,0.0003885003885003885,0.5419194071936785,0.006904355812122802,0.3125,0.0,0.5714285714285714,0
0.0,0.005018130018130019,0.753368962916817,0.006904355812122802,0.3125,0.0,0.8571428571428571,0
0.0,0.0,0.790976753336175,0.006904355812122802,0.3125,0.0,0.5714285714285714,0
0.0,0.0006475006475006476,0.7536968425194269,0.006904355812122802,0.3125,0.0,0.07142857142857142,0
0.0,0.0003885003885003885,0.5467720253123053,0.006904355812122802,0.3125,0.0,0.5714285714285714,0
0.0,0.0,0.7482212531558412,0.006904355812122802,0.3125,0.0,0.14285714285714285,0
0.0,0.0003885003885003885,0.7538279943604709,0.006904355812122802,0.3125,0.0,0.6071428571428571,0
0.0,0.0017482517482517485,0.5605429686219221,0.006904355812122802,0.3125,0.0,0.8571428571428571,0
0.0,0.003237503237503238,0.5605429686219221,0.006904355812122802,0.3125,0.0,0.8571428571428571,0
0.0,0.02696840196840197,0.8904882127282862,0.006904355812122802,0.3125,0.0,0.8571428571428571,0
0.0,0.0003885003885003885,0.6547755664120135,0.006904355812122802,0.3125,0.0,0.5714285714285714,0
0.0,0.0003885003885003885,0.9487196301518083,0.006904355812122802,0.3125,0.0,0.5714285714285714,0
0.0,0.0003885003885003885,0.610642971900718,0.006904355812122802,0.3125,0.0,0.5714285714285714,0
0.0,0.0003885003885003885,0.8062887307780583,0.006904355812122802,0.3125,0.0,0.5714285714285714,0
0.0625,0.003755503755503756,0.9529492770254763,0.006904355812122802,0.3125,0.0,0.5714285714285714,0
0.0,0.0003885003885003885,0.8412734843765369,0.006904355812122802,0.3125,0.0,0.5714285714285714,0
0.0,0.0030108780108780114,0.5503131250204925,0.006904355812122802,0.3125,0.0,0.8571428571428571,0
0.0,0.0003885003885003885,0.5585101150857406,0.006904355812122802,0.3125,0.0,0.5714285714285714,0
0.03125,0.002072002072002072,0.9133086330699367,0.006904355812122802,0.3125,0.0,0.5714285714285714,0
0.0,0.0013921263921263922,0.7063838158628152,0.006904355812122802,0.3125,0.0,0.8571428571428571,0
0.0,0.0003885003885003885,0.5782812551231188,0.006904355812122802,0.3125,0.0,0.5714285714285714,0
0.0,0.0024605024605024606,0.5503131250204925,0.006904355812122802,0.3125,0.0,0.8571428571428571,0
0.0,0.0,0.9117675989376701,0.006904355812122802,0.3125,0.0,0.5714285714285714,0
0.0,0.0003885003885003885,0.6096265451326274,0.006904355812122802,0.3125,0.0,0.5714285714285714,0
0.03125,0.002072002072002072,0.878618971113807,0.006904355812122802,0.3125,0.0,0.5714285714285714,0
0.0,0.012723387723387724,0.8585527394340798,0.0009511939123589609,0.3125,0.0,0.8571428571428571,0
0.0,0.0003885003885003885,0.5415915275910685,0.006904355812122802,0.3125,0.0,0.5714285714285714,0
0.0,0.0003885003885003885,0.9529492770254763,0.006904355812122802,0.3125,0.0,0.5714285714285714,0
0.0,0.01265863765863766,0.9847863864388997,0.006904355812122802,0.3125,0.0,0.8571428571428571,0
0.0,0.0003885003885003885,0.8150431161677433,0.006904355812122802,0.3125,0.0,0.5714285714285714,0
0.0625,0.003755503755503756,0.8609790484933932,0.006904355812122802,0.3125,0.0,0.5714285714285714,0
0.0,0.017126392126392127,0.7141545624446703,0.006904355812122802,0.3125,0.0,0.8571428571428571,0
0.0,0.0003885003885003885,0.7141217744844094,0.006904355812122802,0.3125,0.0,0.5714285714285714,0
0.0,0.0003885003885003885,0.6082166628414046,0.006904355812122802,0.3125,0.0,0.5714285714285714,0
0.0,0.0003885003885003885,0.7139906226433654,0.006904355812122802,0.3125,0.0,0.5714285714285714,0
0.0,0.0003885003885003885,0.7301222990917735,0.006904355812122802,0.3125,0.0,0.5714285714285714,0
0.0,0.0003885003885003885,0.619397357290403,0.006904355812122802,0.3125,0.0,0.5714285714285714,0
0.0,0.0003885003885003885,0.7139906226433654,0.006904355812122802,0.3125,0.0,0.5714285714285714,0
0.0,0.0003885003885003885,0.5944785074920489,0.006904355812122802,0.3125,0.0,0.5714285714285714,0
0.0,0.001651126651126651,0.7234991311190531,0.006904355812122802,0.3125,0.0,0.8571428571428571,0
0.0,0.0003885003885003885,0.7234991311190531,0.006904355812122802,0.3125,0.0,0.5714285714285714,0
0.0,0.0012950012950012951,0.0,0.02064746785620572,0.0,1.0,0.0,0
0.0,0.0003885003885003885,0.9032755172300732,0.006904355812122802,0.3125,0.0,0.6071428571428571,0
0.0,0.012561512561512563,0.7885176563166005,0.006904355812122802,0.3125,0.0,0.8571428571428571,0
0.0,0.0003885003885003885,0.7889438997999935,0.006904355812122802,0.3125,0.0,0.5714285714285714,0
0.0,0.0003885003885003885,0.8896029378012394,0.006904355812122802,0.3125,0.0,0.5714285714285714,0
0.0,0.001651126651126651,0.9227843535853635,0.006904355812122802,0.3125,0.0,0.8571428571428571,0
0.0,0.0003885003885003885,0.6300206564149644,0.006904355812122802,0.3125,0.0,0.5714285714285714,0
0.0,0.0003885003885003885,0.9227843535853635,0.006904355812122802,0.3125,0.0,0.5714285714285714,0
0.0,0.012205387205387207,0.9909833109282272,0.006904355812122802,0.3125,0.0,0.8571428571428571,0
0.0,0.0003885003885003885,0.8675694285058527,0.006904355812122802,0.3125,0.0,0.5714285714285714,0
0.0,0.0003885003885003885,0.9430473130266567,0.006904355812122802,0.3125,0.0,0.5714285714285714,0
0.0625,0.003755503755503756,0.8990786583166661,0.006904355812122802,0.3125,0.0,0.5714285714285714,0
0.0,0.0003885003885003885,0.841240696416276,0.006904355812122802,0.3125,0.0,0.5714285714285714,0
0.0,0.04684667184667185,0.6156595298206499,0.006904355812122802,0.3125,0.0,0.8571428571428571,0
0.0,0.0024605024605024606,0.8699301616446441,0.006904355812122802,0.3125,0.0,0.8571428571428571,0
0.0,0.0003885003885003885,0.6156595298206499,0.006904355812122802,0.3125,0.0,0.5714285714285714,0
0.0,0.006960631960631961,0.916489065215253,0.006904355812122802,0.3125,0.0,0.8571428571428571,0
0.0,0.0003885003885003885,0.6180858388799633,0.006904355812122802,0.3125,0.0,0.5714285714285714,0
0.0,0.0003885003885003885,0.9921964654578839,0.006904355812122802,0.3125,0.0,0.5714285714285714,0
0.0,0.010360010360010361,0.6191678415685761,0.006904355812122802,0.3125,0.0,0.8571428571428571,0
0.0,0.0020396270396270395,0.5865438211088888,0.006904355812122802,0.3125,0.0,0.8571428571428571,0
0.0,0.0003885003885003885,0.9327518935047051,0.006904355812122802,0.3125,0.0,0.5714285714285714,0
0.0,0.0003885003885003885,0.6357913374208991,0.006904355812122802,0.3125,0.0,0.5714285714285714,0
0.03125,0.013953638953638955,0.9076363159447851,0.006904355812122802,0.3125,0.0,0.8571428571428571,0
0.0625,0.003755503755503756,0.9781632184661793,0.006904355812122802,0.3125,0.0,0.5714285714285714,0
0.0,0.0003885003885003885,0.8776681202662383,0.006904355812122802,0.3125,0.0,0.5714285714285714,0
0.0,0.000777000777000777,0.9990163611921703,0.006904355812122802,0.3125,0.0,0.5714285714285714,0
0.0,0.0003885003885003885,0.9165218531755139,0.006904355812122802,0.3125,0.0,0.5714285714285714,0
0.0,0.0003885003885003885,0.8195022787632382,0.006904355812122802,0.3125,0.0,0.5714285714285714,0
0.0,0.013435638435638437,0.623430276402505,0.006904355812122802,0.3125,0.0,0.8571428571428571,0
0.0,0.0003885003885003885,0.623495852323027,0.006904355812122802,0.3125,0.0,0.5714285714285714,0
0.0,0.0003885003885003885,0.6421849896717925,0.006904355812122802,0.3125,0.0,0.5714285714285714,0
0.0,0.0003885003885003885,0.9195711334797863,0.006904355812122802,0.3125,0.0,0.5714285714285714,0
0.0,0.0,0.7259254401783666,0.006904355812122802,0.3125,0.0,0.5714285714285714,0
0.0,0.0003885003885003885,0.9253418144857208,0.006904355812122802,0.3125,0.0,0.5714285714285714,0
0.0,0.0,0.9092429259975737,0.006904355812122802,0.3125,0.0,0.5714285714285714,0
0.03125,0.0012950012950012951,0.9091117741565298,0.006904355812122802,0.3125,0.0,0.5714285714285714,0
0.0,0.0,0.9093412898783567,0.006904355812122802,0.3125,0.0,0.5714285714285714,0
0.0,0.00382025382025382,0.8225187711072495,0.006904355812122802,0.3125,0.0,0.8571428571428571,0
0.0,0.0,0.8449129479655071,0.006904355812122802,0.3125,0.0,0.5714285714285714,0
0.0,0.0003885003885003885,0.740778386176596,0.006904355812122802,0.3125,0.0,0.5714285714285714,0
0.0,0.0003885003885003885,0.9222269582609266,0.006904355812122802,0.3125,0.0,0.5714285714285714,0
0.0,0.018065268065268068,0.9817043181743664,0.006904355812122802,0.3125,0.0,0.8571428571428571,0
0.03125,0.003334628334628335,0.740778386176596,0.006904355812122802,0.3125,0.0,0.8571428571428571,0
0.0,0.0003885003885003885,0.9189481622348274,0.006904355812122802,0.3125,0.0,0.5714285714285714,0
0.03125,0.002072002072002072,0.6937276632020722,0.006904355812122802,0.3125,0.0,0.5714285714285714,0
0.0,0.0003885003885003885,0.6393652250893472,0.006904355812122802,0.3125,0.0,0.5714285714285714,0
0.0,0.0003885003885003885,0.8454047673694219,0.006904355812122802,0.3125,0.0,0.5714285714285714,0
0.09375,0.0077052577052577065,0.6496278566510377,0.006904355812122802,0.3125,0.0,0.8571428571428571,0
0.0,0.0003885003885003885,0.6496278566510377,0.006904355812122802,0.3125,0.0,0.5714285714285714,0
0.0,0.0003885003885003885,0.845306403488639,0.006904355812122802,0.3125,0.0,0.5714285714285714,0
0.0,0.0003885003885003885,0.6868421915472639,0.0009511939123589609,0.3125,0.0,0.5714285714285714,0
0.125,0.0078995078995079,0.9322272861405292,0.006904355812122802,0.3125,0.0,0.5714285714285714,0
0.0,0.0003885003885003885,0.7900259024886062,0.006904355812122802,0.3125,0.0,0.5714285714285714,0
0.0,0.0003885003885003885,0.6477261549559002,0.006904355812122802,0.3125,0.0,0.5714285714285714,0
0.0,0.0003885003885003885,0.9524246696613003,0.006904355812122802,0.3125,0.0,0.5714285714285714,0
0.0,0.0003885003885003885,0.7911734810977409,0.006904355812122802,0.3125,0.0,0.5714285714285714,0
0.0,0.0,0.5698219613757828,0.006904355812122802,0.3125,0.0,0.5714285714285714,0
0.0,0.0003885003885003885,0.8523230269844914,0.0009511939123589609,0.3125,0.0,0.5714285714285714,0
0.0,0.010133385133385134,0.7163185678218958,0.0009511939123589609,0.3125,0.0,0.8571428571428571,0
0.0,0.0006475006475006476,0.8697334338830781,0.006904355812122802,0.3125,0.0,0.07142857142857142,0
0.0,0.0006475006475006476,0.007262533197809765,0.7033914982944108,0.3125,0.0,0.6428571428571428,0
0.03125,0.002072002072002072,0.7034984753598479,0.006904355812122802,0.3125,0.0,0.5714285714285714,0
0.0,0.006442631442631443,0.9620971179382931,0.006904355812122802,0.3125,0.0,0.8571428571428571,0
0.0,0.0003885003885003885,0.8697006459228172,0.006904355812122802,0.3125,0.0,0.5714285714285714,0
0.0,0.017126392126392127,0.8229778025509034,0.006904355812122802,0.3125,0.0,0.8571428571428571,0
0.0,0.0003885003885003885,0.8510115085740516,0.006904355812122802,0.3125,0.0,0.5714285714285714,0
0.0,0.014439264439264441,0.8232728941932522,0.006904355812122802,0.3125,0.0,0.8571428571428571,0
0.0,0.000777000777000777,0.9322272861405292,0.006904355812122802,0.3125,0.0,0.5714285714285714,0
0.03125,0.002072002072002072,0.8231745303124693,0.006904355812122802,0.3125,0.0,0.5714285714285714,0
0.0,0.0003885003885003885,0.6886455293616185,0.006904355812122802,0.3125,0.0,0.5714285714285714,0
0.0,0.0003885003885003885,0.6252991901373816,0.006904355812122802,0.3125,0.0,0.5714285714285714,0
0.0,0.0011655011655011655,0.8231745303124693,0.006904355812122802,0.3125,0.0,0.8571428571428571,0
0.0,0.0006475006475006476,0.007262533197809765,0.9415835738651271,0.3125,0.0,0.6428571428571428,0
0.0,0.0003885003885003885,0.9322272861405292,0.006904355812122802,0.3125,0.0,0.5714285714285714,0
0.0,0.0034641284641284647,0.6188071740057052,0.006904355812122802,0.3125,0.0,0.8571428571428571,0
0.0,0.0058598808598808606,0.6272336797927801,0.006904355812122802,0.3125,0.0,0.8571428571428571,0
0.0,0.0003885003885003885,0.8350765598872094,0.006904355812122802,0.3125,0.0,0.5714285714285714,0
0.0,0.008644133644133646,0.6188399619659661,0.006904355812122802,0.3125,0.0,0.8571428571428571,0
0.0,0.012205387205387207,0.8019935079838684,0.006904355812122802,0.3125,0.0,0.8571428571428571,0
0.0,0.0036583786583786588,0.6325453293550608,0.006904355812122802,0.3125,0.0,0.8571428571428571,0
0.0,0.0003885003885003885,0.9806878914062757,0.006904355812122802,0.3125,0.0,0.5714285714285714,0
0.03125,0.002072002072002072,0.6930063280763304,0.006904355812122802,0.3125,0.0,0.5714285714285714,0
0.0,0.0003885003885003885,0.9806878914062757,0.006904355812122802,0.3125,0.0,0.5714285714285714,0
0.0,0.0003885003885003885,0.7175972982720745,0.006904355812122802,0.3125,0.0,0.5714285714285714,0
0.0,0.0006475006475006476,0.007262533197809765,0.9528995014431907,0.3125,0.0,0.6428571428571428,0
0.0,0.0003885003885003885,0.6698252401718089,0.006904355812122802,0.3125,0.0,0.5714285714285714,0
0.0,0.005115255115255115,0.9772779435391324,0.006904355812122802,0.3125,0.0,0.8571428571428571,0
0.0,0.0003885003885003885,0.9198662251221352,0.006904355812122802,0.3125,0.0,0.5714285714285714,0
0.0,0.0003885003885003885,0.9084888029115709,0.006904355812122802,0.3125,0.0,0.5714285714285714,0
0.0,0.0003885003885003885,0.007262533197809765,0.7272369456835476,0.3125,0.0,0.6071428571428571,0
0.0,0.0003885003885003885,0.9740319354732943,0.006904355812122802,0.3125,0.0,0.5714285714285714,0
0.03125,0.002072002072002072,0.5694285058526509,0.006904355812122802,0.3125,0.0,0.5714285714285714,0
0.0,0.017126392126392127,0.6033640447227778,0.006904355812122802,0.3125,0.0,0.8571428571428571,0
0.0,0.0003885003885003885,0.9157349421292502,0.0009511939123589609,0.3125,0.0,0.5714285714285714,0
0.09375,0.00543900543900544,0.9276697596642514,0.006904355812122802,0.3125,0.0,0.5714285714285714,0
0.0,0.0011655011655011655,0.9740319354732943,0.006904355812122802,0.3125,0.0,0.8571428571428571,0
0.0,0.0003885003885003885,0.7839273418800616,0.006904355812122802,0.3125,0.0,0.5714285714285714,0
0.0,0.0003885003885003885,0.6452342699760648,0.006904355812122802,0.3125,0.0,0.5714285714285714,0
0.0,0.0003885003885003885,0.9933112561067576,0.006904355812122802,0.3125,0.0,0.5714285714285714,0
0.0,0.0003885003885003885,0.8607167448113053,0.006904355812122802,0.3125,0.0,0.5714285714285714,0
0.0,0.0,0.8670120331814158,0.006904355812122802,0.3125,0.0,0.5714285714285714,0
0.0,0.00611888111888112,0.6577592707957638,0.006904355812122802,0.3125,0.0,0.8571428571428571,0
0.0,0.0024605024605024606,0.9216367749762288,0.006904355812122802,0.3125,0.0,0.8571428571428571,0
0.03125,0.002072002072002072,0.9417357946162169,0.006904355812122802,0.3125,0.0,0.5714285714285714,0
0.0,0.001651126651126651,0.6089707859274075,0.006904355812122802,0.3125,0.0,0.8571428571428571,0
0.0,0.0,0.5420505590347224,0.006904355812122802,0.3125,0.0,0.5714285714285714,0
0.0,0.0003885003885003885,0.9251778746844159,0.006904355812122802,0.3125,0.0,0.5714285714285714,0
0.0,0.0003885003885003885,0.9733761762680744,0.006904355812122802,0.3125,0.0,0.5714285714285714,0
0.0625,0.011104636104636106,0.7518607167448114,0.006904355812122802,0.3125,0.0,0.8571428571428571,0
0.0,0.0003885003885003885,0.933178136988098,0.006904355812122802,0.3125,0.0,0.5714285714285714,0
0.0,0.0,0.8712744680153448,0.006904355812122802,0.3125,0.0,0.5714285714285714,0
0.0,0.0,0.7027115643135841,0.006904355812122802,0.3125,0.0,0.14285714285714285,0
0.0625,0.003755503755503756,0.5633299452441064,0.006904355812122802,0.3125,0.0,0.5714285714285714,0
0.0,0.0003885003885003885,0.9339322600741008,0.006904355812122802,0.3125,0.0,0.5714285714285714,0
0.0,0.0006475006475006476,0.007262533197809765,0.9343676200472316,0.3125,0.0,0.6428571428571428,0
0.0,0.0003885003885003885,0.6314305387061871,0.006904355812122802,0.3125,0.0,0.5714285714285714,0
0.0625,0.003755503755503756,0.9494737532378111,0.006904355812122802,0.3125,0.0,0.5714285714285714,0
0.0,0.0003885003885003885,0.9861962687301223,0.006904355812122802,0.3125,0.0,0.5714285714285714,0
0.0,0.017126392126392127,0.6855634610970852,0.006904355812122802,0.3125,0.0,0.8571428571428571,0
0.0,0.001651126651126651,0.9861962687301223,0.006904355812122802,0.3125,0.0,0.8571428571428571,0
0.0,0.000777000777000777,0.5972982720744943,0.006904355812122802,0.3125,0.0,0.8571428571428571,0
0.0,0.0003885003885003885,0.9616380864946392,0.006904355812122802,0.3125,0.0,0.5714285714285714,0
0.0625,0.003755503755503756,0.9617036624151611,0.006904355812122802,0.3125,0.0,0.5714285714285714,0
0.0,0.0,0.6792025968064527,0.006904355812122802,0.3125,0.0,0.14285714285714285,0
0.0,0.0003885003885003885,0.6580215744778517,0.006904355812122802,0.3125,0.0,0.5714285714285714,0
0.0,0.001651126651126651,0.5790353782091217,0.006904355812122802,0.3125,0.0,0.8571428571428571,0
0.03125,0.002072002072002072,0.9553755860847897,0.006904355812122802,0.3125,0.0,0.5714285714285714,0
0.0,0.0003885003885003885,0.8296665464441457,0.006904355812122802,0.3125,0.0,0.5714285714285714,0
0.03125,0.003334628334628335,0.9920653136168399,0.006904355812122802,0.3125,0.0,0.8571428571428571,0
0.0,0.0003885003885003885,0.5453949309813436,0.006904355812122802,0.3125,0.0,0.5714285714285714,0
0.0,0.003075628075628076,0.5406734647037608,0.006904355812122802,0.3125,0.0,0.8571428571428571,0
0.0,0.016802641802641804,0.6997606478900947,0.0009511939123589609,0.3125,0.0,0.8571428571428571,0
0.0,0.0003885003885003885,0.6181842027607463,0.006904355812122802,0.3125,0.0,0.5714285714285714,0
0.0,0.0003885003885003885,0.6094298173710614,0.006904355812122802,0.3125,0.0,0.5714285714285714,0
0.0,0.0003885003885003885,0.5747729433751927,0.006904355812122802,0.3125,0.0,0.5714285714285714,0
0.0,0.0003885003885003885,0.6029378012393849,0.006904355812122802,0.3125,0.0,0.5714285714285714,0
0.0,0.0003885003885003885,0.6995311321682678,0.006904355812122802,0.3125,0.0,0.5714285714285714,0
0.0,0.0003885003885003885,0.7483196170366242,0.006904355812122802,0.3125,0.0,0.5714285714285714,0
0.0,0.0003885003885003885,0.820420341650546,0.006904355812122802,0.3125,0.0,0.5714285714285714,0
0.0,0.0003885003885003885,0.8431751860716745,0.006904355812122802,0.3125,0.0,0.5714285714285714,0
0.0,0.0003885003885003885,0.9155382143676842,0.006904355812122802,0.3125,0.0,0.5714285714285714,0
0.0,0.017126392126392127,0.5534279812452868,0.006904355812122802,0.3125,0.0,0.8571428571428571,0
0.125,0.007122507122507123,0.5957244499819666,0.006904355812122802,0.3125,0.0,0.5714285714285714,0
0.0,0.015896140896140897,0.6256926456605135,0.006904355812122802,0.3125,0.0,0.8571428571428571,0
0.0,0.0003885003885003885,0.9307518279287846,0.006904355812122802,0.3125,0.0,0.5714285714285714,0
0.0,0.0,0.8923571264631628,0.006904355812122802,0.3125,0.0,0.14285714285714285,0
0.0,0.0077052577052577065,0.6537919276041838,0.006904355812122802,0.3125,0.0,0.8571428571428571,0
0.0,0.0003885003885003885,0.6030689530804288,0.006904355812122802,0.3125,0.0,0.5714285714285714,0
0.0,0.0003885003885003885,0.7655332961736451,0.0009511939123589609,0.3125,0.0,0.5714285714285714,0
0.0,0.0003885003885003885,0.5741171841699728,0.006904355812122802,0.3125,0.0,0.5714285714285714,0
0.0,0.0,0.6043148955703466,0.006904355812122802,0.3125,0.0,0.14285714285714285,0
0.0,0.013403263403263404,0.5957244499819666,0.006904355812122802,0.3125,0.0,0.8571428571428571,0
0.0,0.0003885003885003885,0.5741171841699728,0.006904355812122802,0.3125,0.0,0.5714285714285714,0
0.0,0.0003885003885003885,0.5477228761598741,0.0009511939123589609,0.3125,0.0,0.5714285714285714,0
0.0,0.0003885003885003885,0.9307518279287846,0.006904355812122802,0.3125,0.0,0.5714285714285714,0
0.0,0.001651126651126651,0.9462277451719728,0.006904355812122802,0.3125,0.0,0.8571428571428571,0
0.0,0.0003885003885003885,0.007262533197809765,0.5877066386775124,0.3125,0.0,0.6071428571428571,0
0.0625,0.01566951566951567,0.6034624086035608,0.006904355812122802,0.3125,0.0,0.8571428571428571,0
0.03125,0.01660839160839161,0.5452637791402997,0.006904355812122802,0.3125,0.0,0.8571428571428571,0
0.0,0.0006475006475006476,0.007262533197809765,0.7943453161899763,0.3125,0.0,0.6428571428571428,0
0.03125,0.002072002072002072,0.7107118266172662,0.006904355812122802,0.3125,0.0,0.5714285714285714,0
0.03125,0.002072002072002072,0.6627102527951736,0.006904355812122802,0.3125,0.0,0.5714285714285714,0
0.03125,0.002072002072002072,0.7311387258598643,0.006904355812122802,0.3125,0.0,0.5714285714285714,0
0.0,0.0003885003885003885,0.5658218302239418,0.006904355812122802,0.3125,0.0,0.5714285714285714,0
0.0,0.0003885003885003885,0.8256992032525657,0.006904355812122802,0.3125,0.0,0.5714285714285714,0
0.0,0.0003885003885003885,0.8186825797567133,0.006904355812122802,0.3125,0.0,0.5714285714285714,0
0.0,0.015313390313390313,0.7038263549624578,0.006904355812122802,0.3125,0.0,0.8571428571428571,0
0.0,0.0012950012950012951,0.0,0.02064746785620572,0.0,1.0,0.0,0
0.0,0.0003885003885003885,0.7064821797435982,0.006904355812122802,0.3125,0.0,0.6071428571428571,0
0.0,0.0003885003885003885,0.640414439817699,0.006904355812122802,0.3125,0.0,0.5714285714285714,0
0.0,0.0003885003885003885,0.539755401816453,0.006904355812122802,0.3125,0.0,0.5714285714285714,0
0.0,0.0003885003885003885,0.8186825797567133,0.006904355812122802,0.3125,0.0,0.5714285714285714,0
0.0,0.0003885003885003885,0.7501557428112398,0.0009511939123589609,0.3125,0.0,0.5714285714285714,0
0.0,0.0003885003885003885,0.9480966589068495,0.006904355812122802,0.3125,0.0,0.5714285714285714,0
0.0,0.0003885003885003885,0.5835273287648776,0.006904355812122802,0.3125,0.0,0.5714285714285714,0
0.0,0.0,0.8437325813961114,0.006904355812122802,0.3125,0.0,0.14285714285714285,0
0.0,0.0003885003885003885,0.6743499786878259,0.006904355812122802,0.3125,0.0,0.5714285714285714,0
0.0,0.0003885003885003885,0.6157906816616938,0.006904355812122802,0.3125,0.0,0.5714285714285714,0
0.0,0.0003885003885003885,0.9871799075379522,0.006904355812122802,0.3125,0.0,0.5714285714285714,0
0.0,0.0003885003885003885,0.8580281320699039,0.006904355812122802,0.3125,0.0,0.5714285714285714,0
0.0,0.0003885003885003885,0.7090724286042166,0.006904355812122802,0.3125,0.0,0.5714285714285714,0
0.0,0.0003885003885003885,0.5576248401586937,0.006904355812122802,0.3125,0.0,0.5714285714285714,0
0.0,0.0006475006475006476,0.6457260893799797,0.006904355812122802,0.3125,0.0,0.07142857142857142,0
0.0,0.004046879046879047,0.5398865536574969,0.006904355812122802,0.3125,0.0,0.8571428571428571,0
0.0,0.0003885003885003885,0.7311387258598643,0.006904355812122802,0.3125,0.0,0.5714285714285714,0
0.0,0.0003885003885003885,0.8474048329453425,0.006904355812122802,0.3125,0.0,0.5714285714285714,0
0.0,0.0006475006475006476,0.007262533197809765,0.7356008921542901,0.3125,0.0,0.6428571428571428,0
0.0,0.0003885003885003885,0.7088101249221286,0.006904355812122802,0.3125,0.0,0.5714285714285714,0
0.0,0.006086506086506087,0.5727073018787502,0.006904355812122802,0.3125,0.0,0.8571428571428571,0
0.0,0.0003885003885003885,0.9409816715302142,0.006904355812122802,0.3125,0.0,0.5714285714285714,0
0.0,0.0,0.7396635955277222,0.006904355812122802,0.3125,0.0,0.5714285714285714,0
0.0,0.017126392126392127,0.8925866421849897,0.006904355812122802,0.3125,0.0,0.8571428571428571,0
0.03125,0.002072002072002072,0.6220859700318043,0.006904355812122802,0.3125,0.0,0.5714285714285714,0
0.0,0.0003885003885003885,0.5638217646480213,0.006904355812122802,0.3125,0.0,0.5714285714285714,0
0.0,0.0003885003885003885,0.6291353814879177,0.006904355812122802,0.3125,0.0,0.5714285714285714,0
0.0,0.0003885003885003885,0.5797239253746025,0.006904355812122802,0.3125,0.0,0.5714285714285714,0
0.0,0.0003885003885003885,0.5815272631889571,0.006904355812122802,0.3125,0.0,0.5714285714285714,0
0.0,0.001651126651126651,0.8338634053575528,0.006904355812122802,0.3125,0.0,0.8571428571428571,0
0.0,0.0003885003885003885,0.7912390570182629,0.006904355812122802,0.3125,0.0,0.5714285714285714,0
0.0,0.001651126651126651,0.7299911472507296,0.006904355812122802,0.3125,0.0,0.8571428571428571,0
0.0,0.0003885003885003885,0.8333387979933768,0.006904355812122802,0.3125,0.0,0.5714285714285714,0
0.0,0.0,0.007262533197809765,0.7610207294673313,0.3125,0.0,0.14285714285714285,0
0.0,0.0006475006475006476,0.007262533197809765,0.8417410128575177,0.3125,0.0,0.6428571428571428,0
0.0,0.0003885003885003885,0.7819272763041412,0.006904355812122802,0.3125,0.0,0.5714285714285714,0
0.0,0.0006475006475006476,0.6471687596314634,0.0009511939123589609,0.3125,0.0,0.07142857142857142,0
0.0,0.0003885003885003885,0.5737565166071019,0.006904355812122802,0.3125,0.0,0.5714285714285714,0
0.0,0.0006475006475006476,0.6829076363159448,0.006904355812122802,0.3125,0.0,0.07142857142857142,0
0.0625,0.003755503755503756,0.8057313354536214,0.006904355812122802,0.3125,0.0,0.5714285714285714,0
0.0,0.017644392644392645,0.723794222761402,0.006904355812122802,0.3125,0.0,0.8571428571428571,0
0.03125,0.09583009583009584,0.7747139250467229,0.006904355812122802,0.3125,0.0,0.5714285714285714,0
0.0,0.001651126651126651,0.7299911472507296,0.006904355812122802,0.3125,0.0,0.8571428571428571,0
0.0,0.0003885003885003885,0.5926095937571724,0.006904355812122802,0.3125,0.0,0.5714285714285714,0
0.0,0.0003885003885003885,0.7527787796321191,0.006904355812122802,0.3125,0.0,0.5714285714285714,0
0.0,0.0,0.9557034656873996,0.006904355812122802,0.3125,0.0,0.5714285714285714,0
0.0,0.0003885003885003885,0.7565493950621333,0.006904355812122802,0.3125,0.0,0.5714285714285714,0
0.0,0.0,0.007262533197809765,0.7699750721595381,0.3125,0.0,0.14285714285714285,0
0.0,0.0,0.9557034656873996,0.006904355812122802,0.3125,0.0,0.5714285714285714,0
0.0,0.013500388500388502,0.644217843207974,0.006904355812122802,0.3125,0.0,0.8571428571428571,0
0.0,0.0003885003885003885,0.5545099839338995,0.006904355812122802,0.3125,0.0,0.5714285714285714,0
0.0,0.007316757316757318,0.5986097904849339,0.006904355812122802,0.3125,0.0,0.8571428571428571,0
0.0,0.0003885003885003885,0.5545099839338995,0.006904355812122802,0.3125,0.0,0.5714285714285714,0
0.0,0.0003885003885003885,0.7352700088527493,0.006904355812122802,0.3125,0.0,0.5714285714285714,0
0.0,0.0003885003885003885,0.007262533197809765,0.6163408554185252,0.3125,0.0,0.6071428571428571,0
0.03125,0.002072002072002072,0.581822354831306,0.006904355812122802,0.3125,0.0,0.5714285714285714,0
0.0,0.03075628075628076,0.615397226138562,0.006904355812122802,0.3125,0.0,0.8571428571428571,0
0.0,0.0003885003885003885,0.6796288402898456,0.006904355812122802,0.3125,0.0,0.5714285714285714,0
0.0,0.0,0.7015639857044493,0.006904355812122802,0.3125,0.0,0.14285714285714285,0
0.0625,0.003367003367003367,0.7124823764713597,0.006904355812122802,0.3125,0.0,0.7142857142857142,0
0.0,0.0003885003885003885,0.7126135283124038,0.006904355812122802,0.3125,0.0,0.5714285714285714,0
0.0,0.0003885003885003885,0.7126791042329257,0.006904355812122802,0.3125,0.0,0.5714285714285714,0
0.0,0.0003885003885003885,0.7127774681137087,0.006904355812122802,0.3125,0.0,0.5714285714285714,0
0.03125,0.002978502978502979,0.7014984097839274,0.006904355812122802,0.3125,0.0,0.5714285714285714,0
0.0,0.0003885003885003885,0.7128102560739696,0.006904355812122802,0.3125,0.0,0.5714285714285714,0
0.0,0.0003885003885003885,0.007262533197809765,0.5817042770926265,0.3125,0.0,0.6071428571428571,0
0.0,0.0003885003885003885,0.8398308141250533,0.006904355812122802,0.3125,0.0,0.5714285714285714,0
0.0,0.0003885003885003885,0.7247122856487098,0.006904355812122802,0.3125,0.0,0.5714285714285714,0
0.03125,0.002072002072002072,0.7798288468474377,0.006904355812122802,0.3125,0.0,0.5714285714285714,0
0.0,0.0006475006475006476,0.007262533197809765,0.7163146155864601,0.3125,0.0,0.6428571428571428,0
0.0,0.0003885003885003885,0.5465752975507394,0.006904355812122802,0.3125,0.0,0.5714285714285714,0
0.0,0.0003885003885003885,0.9946227745171973,0.006904355812122802,0.3125,0.0,0.5714285714285714,0
0.0,0.0012950012950012951,0.0,0.02064746785620572,0.0,1.0,0.0,0
0.0,0.0003885003885003885,0.6282501065608709,0.006904355812122802,0.3125,0.0,0.6071428571428571,0
0.0,0.0003885003885003885,0.752975507393685,0.006904355812122802,0.3125,0.0,0.5714285714285714,0
0.0,0.0003885003885003885,0.661169218662907,0.006904355812122802,0.3125,0.0,0.5714285714285714,0
0.0,0.0003885003885003885,0.6289714416866127,0.006904355812122802,0.3125,0.0,0.5714285714285714,0
0.0,0.0003885003885003885,0.7798288468474377,0.006904355812122802,0.3125,0.0,0.5714285714285714,0
0.0,0.0024605024605024606,0.6253975540181645,0.006904355812122802,0.3125,0.0,0.8571428571428571,0
0.0,0.0003885003885003885,0.7104495229351783,0.006904355812122802,0.3125,0.0,0.5714285714285714,0
0.0,0.000777000777000777,0.7798288468474377,0.006904355812122802,0.3125,0.0,0.5714285714285714,0
0.0,0.0003885003885003885,0.702941080035411,0.006904355812122802,0.3125,0.0,0.5714285714285714,0
0.0,0.001651126651126651,0.7458605200170497,0.006904355812122802,0.3125,0.0,0.8571428571428571,0
0.0,0.0012950012950012951,0.0,0.02064746785620572,0.0,1.0,0.0,0
0.0,0.0003885003885003885,0.8053050919702286,0.006904355812122802,0.3125,0.0,0.6071428571428571,0
0.0,0.037296037296037296,0.5456900226236926,0.006904355812122802,0.3125,0.0,0.8571428571428571,0
0.0,0.0003885003885003885,0.7798288468474377,0.006904355812122802,0.3125,0.0,0.5714285714285714,0
0.0,0.0003885003885003885,0.8167153021410538,0.006904355812122802,0.3125,0.0,0.5714285714285714,0
0.0625,0.003755503755503756,0.878553395193285,0.006904355812122802,0.3125,0.0,0.5714285714285714,0
0.0,0.0003885003885003885,0.6298567166136595,0.006904355812122802,0.3125,0.0,0.5714285714285714,0
0.0,0.0003885003885003885,0.6414964425063117,0.006904355812122802,0.3125,0.0,0.5714285714285714,0
0.0,0.0003885003885003885,0.6415948063870947,0.006904355812122802,0.3125,0.0,0.5714285714285714,0
0.0,0.0003885003885003885,0.8767500573789305,0.006904355812122802,0.3125,0.0,0.5714285714285714,0
0.0625,0.003755503755503756,0.9677366471031837,0.006904355812122802,0.3125,0.0,0.5714285714285714,0
0.0,0.0003885003885003885,0.6834978196006427,0.006904355812122802,0.3125,0.0,0.5714285714285714,0
0.0,0.0359039109039109,0.6353978818977671,0.006904355812122802,0.3125,0.0,0.8571428571428571,0
0.0,0.0,0.6798911439719335,0.006904355812122802,0.3125,0.0,0.14285714285714285,0
0.0,0.0003885003885003885,0.5890357060887242,0.006904355812122802,0.3125,0.0,0.5714285714285714,0
0.0,0.0006475006475006476,0.8891766943178465,0.006904355812122802,0.3125,0.0,0.07142857142857142,0
0.0,0.004726754726754727,0.8665857896980229,0.006904355812122802,0.3125,0.0,0.8571428571428571,0
0.0,0.0003885003885003885,0.8762582379750156,0.006904355812122802,0.3125,0.0,0.5714285714285714,0
0.0,0.0003885003885003885,0.5632971572838454,0.006904355812122802,0.3125,0.0,0.5714285714285714,0
0.0,0.0003885003885003885,0.6031017410406899,0.006904355812122802,0.3125,0.0,0.5714285714285714,0
0.0,0.0003885003885003885,0.8741598085183121,0.006904355812122802,0.3125,0.0,0.5714285714285714,0
0.0,0.0003885003885003885,0.7208433063379127,0.006904355812122802,0.3125,0.0,0.5714285714285714,0
0.0,0.0003885003885003885,0.7214007016623496,0.006904355812122802,0.3125,0.0,0.5714285714285714,0
0.0,0.0,0.7261221679399325,0.006904355812122802,0.3125,0.0,0.5714285714285714,0
0.0,0.002298627298627299,0.7662546312993869,0.006904355812122802,0.3125,0.0,0.8571428571428571,0
0.0,0.0018777518777518777,0.5444768680940358,0.006904355812122802,0.3125,0.0,0.8571428571428571,0
0.0,0.0003885003885003885,0.6843830945276894,0.006904355812122802,0.3125,0.0,0.5714285714285714,0
0.03125,0.013953638953638955,0.6750385258533067,0.006904355812122802,0.3125,0.0,0.8571428571428571,0
0.0,0.0032051282051282055,0.920292468605528,0.006904355812122802,0.3125,0.0,0.8571428571428571,0
0.0,0.0003885003885003885,0.5829699334404407,0.006904355812122802,0.3125,0.0,0.5714285714285714,0
0.03125,0.002072002072002072,0.5838224204072265,0.006904355812122802,0.3125,0.0,0.5714285714285714,0
0.03125,0.002072002072002072,0.627823863077478,0.006904355812122802,0.3125,0.0,0.5714285714285714,0
0.0,0.0003885003885003885,0.9427522213843077,0.006904355812122802,0.3125,0.0,0.5714285714285714,0
0.0,0.0003885003885003885,0.5864126692678449,0.006904355812122802,0.3125,0.0,0.5714285714285714,0
0.0,0.0003885003885003885,0.8065510344601463,0.006904355812122802,0.3125,0.0,0.5714285714285714,0
0.0,0.0003885003885003885,0.6314961146267091,0.006904355812122802,0.3125,0.0,0.5714285714285714,0
0.0,0.000777000777000777,0.7193350601659071,0.006904355812122802,0.3125,0.0,0.5714285714285714,0
0.0,0.0003885003885003885,0.673661431522345,0.006904355812122802,0.3125,0.0,0.5714285714285714,0
0.0,0.0003885003885003885,0.6154300140988229,0.006904355812122802,0.3125,0.0,0.5714285714285714,0
0.0,0.01265863765863766,0.569264566051346,0.006904355812122802,0.3125,0.0,0.8571428571428571,0
0.0,0.012755762755762757,0.6893340765270993,0.0009511939123589609,0.3125,0.0,0.8571428571428571,0
0.0,0.0003885003885003885,0.7640250500016394,0.006904355812122802,0.3125,0.0,0.5714285714285714,0
0.0,0.0011655011655011655,0.9342601396767107,0.006904355812122802,0.3125,0.0,0.8571428571428571,0
0.0,0.0003885003885003885,0.6614315223449949,0.006904355812122802,0.3125,0.0,0.5714285714285714,0
0.0,0.017126392126392127,0.7070067871077741,0.006904355812122802,0.3125,0.0,0.8571428571428571,0
0.03125,0.002072002072002072,0.7076297583527329,0.006904355812122802,0.3125,0.0,0.5714285714285714,0
0.0,0.0003885003885003885,0.8063215187383194,0.006904355812122802,0.3125,0.0,0.5714285714285714,0
0.0,0.0003885003885003885,0.719859667530083,0.006904355812122802,0.3125,0.0,0.5714285714285714,0
0.0,0.017126392126392127,0.8865208695367062,0.006904355812122802,0.3125,0.0,0.8571428571428571,0
0.0,0.003075628075628076,0.8814715236565134,0.006904355812122802,0.3125,0.0,0.8571428571428571,0
0.0,0.0003885003885003885,0.8937670087543854,0.0009511939123589609,0.3125,0.0,0.5714285714285714,0
0.0,0.0018777518777518777,0.5532312534837208,0.006904355812122802,0.3125,0.0,0.8571428571428571,0
0.0,0.0003885003885003885,0.6389717695662153,0.006904355812122802,0.3125,0.0,0.5714285714285714,0
0.0,0.0003885003885003885,0.8147152365651333,0.006904355812122802,0.3125,0.0,0.5714285714285714,0
0.0,0.0003885003885003885,0.745008033050264,0.006904355812122802,0.3125,0.0,0.5714285714285714,0
0.0,0.0003885003885003885,0.8715367716974327,0.006904355812122802,0.3125,0.0,0.5714285714285714,0
0.0,0.0003885003885003885,0.7879274730319027,0.006904355812122802,0.3125,0.0,0.5714285714285714,0
0.03125,0.002072002072002072,0.6019541624315552,0.006904355812122802,0.3125,0.0,0.5714285714285714,0
0.0,0.0006475006475006476,0.007262533197809765,0.905471004985568,0.3125,0.0,0.6428571428571428,0
0.0,0.0003885003885003885,0.7581560051149219,0.006904355812122802,0.3125,0.0,0.5714285714285714,0
0.0,0.0003885003885003885,0.815797239253746,0.006904355812122802,0.3125,0.0,0.5714285714285714,0
0.0,0.0003885003885003885,0.745008033050264,0.006904355812122802,0.3125,0.0,0.5714285714285714,0
0.0,0.0003885003885003885,0.745008033050264,0.006904355812122802,0.3125,0.0,0.5714285714285714,0
0.0625,0.003755503755503756,0.9092429259975737,0.006904355812122802,0.3125,0.0,0.5714285714285714,0
0.0,0.0003885003885003885,0.5555919866225122,0.006904355812122802,0.3125,0.0,0.5714285714285714,0
0.0,0.0003885003885003885,0.6230368208793731,0.006904355812122802,0.3125,0.0,0.5714285714285714,0
0.0,0.0003885003885003885,0.8230433784714253,0.006904355812122802,0.3125,0.0,0.5714285714285714,0
0.03125,0.002072002072002072,0.5928063215187384,0.006904355812122802,0.3125,0.0,0.5714285714285714,0
0.0,0.0011655011655011655,0.7314338175022133,0.006904355812122802,0.3125,0.0,0.8571428571428571,0
0.0,0.0003885003885003885,0.8486179874749992,0.006904355812122802,0.3125,0.0,0.5714285714285714,0
0.0,0.0006475006475006476,0.007262533197809765,0.6719036998163211,0.3125,0.0,0.6428571428571428,0
0.0,0.0012950012950012951,0.0,0.02064746785620572,0.0,1.0,0.0,0
0.0,0.0003885003885003885,0.9827863208629791,0.0009511939123589609,0.3125,0.0,0.6071428571428571,0
0.0,0.0003885003885003885,0.5756254303419784,0.006904355812122802,0.3125,0.0,0.5714285714285714,0
0.0,0.0003885003885003885,0.5755270664611954,0.006904355812122802,0.3125,0.0,0.5714285714285714,0
0.0,0.0012950012950012951,0.7019574412275813,0.009265940697979532,0.3125,0.0,0.8571428571428571,0
0.0,0.006442631442631443,0.9072756483819142,0.006904355812122802,0.3125,0.0,0.8571428571428571,0
0.0,0.0003885003885003885,0.6522181055116562,0.006904355812122802,0.3125,0.0,0.5714285714285714,0
0.0,0.014471639471639472,0.937407783861766,0.006904355812122802,0.3125,0.0,0.8571428571428571,0
0.0,0.0003885003885003885,0.9016033312567625,0.006904355812122802,0.3125,0.0,0.5714285714285714,0
0.09375,0.007640507640507641,0.6689399652447622,0.006904355812122802,0.3125,0.0,0.5714285714285714,0
0.0,0.01333851333851334,0.937309419980983,0.006904355812122802,0.3125,0.0,0.8571428571428571,0
0.0,0.0003885003885003885,0.6968425194268665,0.006904355812122802,0.3125,0.0,0.5714285714285714,0
0.03125,0.002072002072002072,0.6005770681005935,0.006904355812122802,0.3125,0.0,0.5714285714285714,0
0.0,0.0003885003885003885,0.7479589494737533,0.006904355812122802,0.3125,0.0,0.5714285714285714,0
0.0,0.0003885003885003885,0.5842814518508804,0.006904355812122802,0.3125,0.0,0.5714285714285714,0
0.0,0.0006475006475006476,0.5745434276533657,0.006904355812122802,0.3125,0.0,0.07142857142857142,0
0.0,0.0003885003885003885,0.8585199514738189,0.006904355812122802,0.3125,0.0,0.5714285714285714,0
0.0,0.0003885003885003885,0.8545526082822388,0.006904355812122802,0.3125,0.0,0.5714285714285714,0
0.0,0.0006475006475006476,0.007262533197809765,0.5916098136971922,0.3125,0.0,0.6428571428571428,0
0.0,0.0003885003885003885,0.9900980360011804,0.0009511939123589609,0.3125,0.0,0.5714285714285714,0
0.0,0.0,0.8576346765467721,0.006904355812122802,0.3125,0.0,0.14285714285714285,0
0.0,0.0,0.8584543755532968,0.006904355812122802,0.3125,0.0,0.14285714285714285,0
0.0,0.0030108780108780114,0.6158234696219549,0.006904355812122802,0.3125,0.0,0.8571428571428571,0
0.0,0.0019101269101269103,0.5554936227417293,0.006904355812122802,0.3125,0.0,0.8571428571428571,0
0.0,0.0,0.5828059936391358,0.006904355812122802,0.3125,0.0,0.14285714285714285,0
0.0,0.0003885003885003885,0.7479589494737533,0.006904355812122802,0.3125,0.0,0.5714285714285714,0
0.0,0.0013921263921263922,0.7920587560247877,0.006904355812122802,0.3125,0.0,0.8571428571428571,0
0.0,0.0003885003885003885,0.5554936227417293,0.006904355812122802,0.3125,0.0,0.5714285714285714,0
0.0,0.0003885003885003885,0.5554936227417293,0.006904355812122802,0.3125,0.0,0.5714285714285714,0
0.0,0.0003885003885003885,0.6933342076789403,0.006904355812122802,0.3125,0.0,0.5714285714285714,0
0.0,0.0003885003885003885,0.8138955375586086,0.006904355812122802,0.3125,0.0,0.5714285714285714,0
0.0,0.0003885003885003885,0.5466736614315224,0.006904355812122802,0.3125,0.0,0.5714285714285714,0
0.0,0.0003885003885003885,0.8138955375586086,0.006904355812122802,0.3125,0.0,0.5714285714285714,0
0.0625,0.003755503755503756,0.9347519590806256,0.006904355812122802,0.3125,0.0,0.5714285714285714,0
0.0,0.012723387723387724,0.7267779271451523,0.0009511939123589609,0.3125,0.0,0.8571428571428571,0
0.0,0.0003885003885003885,0.5977573035181482,0.006904355812122802,0.3125,0.0,0.5714285714285714,0
0.0,0.0003885003885003885,0.6538575035247057,0.006904355812122802,0.3125,0.0,0.5714285714285714,0
0.0625,0.003755503755503756,0.9433096167087446,0.006904355812122802,0.3125,0.0,0.5714285714285714,0
0.0,0.0003885003885003885,0.6600872159742943,0.006904355812122802,0.3125,0.0,0.5714285714285714,0
0.0,0.0003885003885003885,0.007262533197809765,0.943289162949357,0.3125,0.0,0.6071428571428571,0
0.0,0.021302771302771306,0.8138955375586086,0.006904355812122802,0.3125,0.0,0.8571428571428571,0
0.0,0.0003885003885003885,0.007262533197809765,0.8461361847284177,0.3125,0.0,0.6071428571428571,0
0.0,0.0003885003885003885,0.8461261024951638,0.006904355812122802,0.3125,0.0,0.5714285714285714,0
0.0,0.0003885003885003885,0.7742876815633299,0.006904355812122802,0.3125,0.0,0.5714285714285714,0
0.0,0.0003885003885003885,0.619331781369881,0.006904355812122802,0.3125,0.0,0.5714285714285714,0
0.0,0.0003885003885003885,0.7885176563166005,0.006904355812122802,0.3125,0.0,0.5714285714285714,0
0.0,0.0003885003885003885,0.8198629463261091,0.006904355812122802,0.3125,0.0,0.5714285714285714,0
0.0,0.0003885003885003885,0.5546739237352044,0.006904355812122802,0.3125,0.0,0.5714285714285714,0
0.03125,0.002072002072002072,0.5546083478146825,0.006904355812122802,0.3125,0.0,0.5714285714285714,0
0.0,0.0003885003885003885,0.9610479032099414,0.006904355812122802,0.3125,0.0,0.5714285714285714,0
0.0,0.0003885003885003885,0.9589166857929768,0.006904355812122802,0.3125,0.0,0.5714285714285714,0
0.0,0.001651126651126651,0.6010360995442474,0.006904355812122802,0.3125,0.0,0.8571428571428571,0
0.0,0.0,0.5543132561723335,0.006904355812122802,0.3125,0.0,0.14285714285714285,0
0.0,0.0003885003885003885,0.6335289681628906,0.006904355812122802,0.3125,0.0,0.5714285714285714,0
0.0,0.000777000777000777,0.6774976228728811,0.006904355812122802,0.3125,0.0,0.5714285714285714,0
0.0,0.0003885003885003885,0.8038952096790059,0.006904355812122802,0.3125,0.0,0.5714285714285714,0
0.0,0.0003885003885003885,0.6165775927079576,0.006904355812122802,0.3125,0.0,0.5714285714285714,0
0.0,0.0003885003885003885,0.6349388504541132,0.006904355812122802,0.3125,0.0,0.5714285714285714,0
0.0,0.0003885003885003885,0.6347749106528083,0.006904355812122802,0.3125,0.0,0.5714285714285714,0
0.0,0.000777000777000777,0.656939571789239,0.006904355812122802,0.3125,0.0,0.5714285714285714,0
0.0,0.0012950012950012951,0.8227154988688155,0.006904355812122802,0.3125,0.0,0.5714285714285714,0
0.03125,0.002072002072002072,0.6646447424505721,0.006904355812122802,0.3125,0.0,0.5714285714285714,0
0.0,0.0003885003885003885,0.8561920062952884,0.006904355812122802,0.3125,0.0,0.5714285714285714,0
0.0,0.005018130018130019,0.7565821830223942,0.006904355812122802,0.3125,0.0,0.8571428571428571,0
0.0,0.0013921263921263922,0.715826748417981,0.006904355812122802,0.3125,0.0,0.8571428571428571,0
0.03125,0.0024605024605024606,0.9650808223220434,0.006904355812122802,0.3125,0.0,0.5714285714285714,0
0.03125,0.002072002072002072,0.6837273353224697,0.006904355812122802,0.3125,0.0,0.5714285714285714,0
0.0,0.00611888111888112,0.8437653693563724,0.006904355812122802,0.3125,0.0,0.8571428571428571,0
0.0,0.0003885003885003885,0.6630053444375226,0.006904355812122802,0.3125,0.0,0.5714285714285714,0
0.0,0.0003885003885003885,0.7202531230532149,0.006904355812122802,0.3125,0.0,0.5714285714285714,0
0.0,0.0,0.7006131348568806,0.006904355812122802,0.3125,0.0,0.5714285714285714,0
0.0,0.0003885003885003885,0.8098298304862455,0.006904355812122802,0.3125,0.0,0.5714285714285714,0
0.0,0.0003885003885003885,0.6113315190661989,0.006904355812122802,0.3125,0.0,0.5714285714285714,0
0.0,0.0003885003885003885,0.941768582576478,0.006904355812122802,0.3125,0.0,0.5714285714285714,0
0.0,0.0168997668997669,0.6239548837666808,0.006904355812122802,0.3125,0.0,0.8571428571428571,0
0.0,0.0003885003885003885,0.6812354503426342,0.006904355812122802,0.3125,0.0,0.5714285714285714,0
0.0,0.0010036260036260037,0.5503131250204925,0.006904355812122802,0.3125,0.0,0.8571428571428571,0
0.0,0.0003885003885003885,0.6373979474736877,0.006904355812122802,0.3125,0.0,0.5714285714285714,0
0.0,0.0,0.7722876159874095,0.006904355812122802,0.3125,0.0,0.5714285714285714,0
0.0,0.0003885003885003885,0.6741532509262599,0.006904355812122802,0.3125,0.0,0.5714285714285714,0
0.0,0.0003885003885003885,0.7191383324043411,0.006904355812122802,0.3125,0.0,0.5714285714285714,0
0.0,0.0003885003885003885,0.8225187711072495,0.006904355812122802,0.3125,0.0,0.5714285714285714,0
0.0,0.0,0.6853667333355192,0.006904355812122802,0.3125,0.0,0.5714285714285714,0
0.0,0.0003885003885003885,0.5842158759303584,0.006904355812122802,0.3125,0.0,0.5714285714285714,0
0.0,0.0003885003885003885,0.6177907472376144,0.0009511939123589609,0.3125,0.0,0.5714285714285714,0
0.0,0.004597254597254597,0.6099216367749762,0.006904355812122802,0.3125,0.0,0.8571428571428571,0
0.0,0.0012950012950012951,0.8098298304862455,0.006904355812122802,0.3125,0.0,0.5714285714285714,0
0.0,0.0003885003885003885,0.6547755664120135,0.006904355812122802,0.3125,0.0,0.5714285714285714,0
0.03125,0.002072002072002072,0.7442539099642611,0.006904355812122802,0.3125,0.0,0.5714285714285714,0
0.0,0.0018777518777518777,0.8592412865995607,0.006904355812122802,0.3125,0.0,0.8571428571428571,0
0.0,0.0003885003885003885,0.8505852650906588,0.006904355812122802,0.3125,0.0,0.5714285714285714,0
0.0,0.0003885003885003885,0.7168759631463327,0.006904355812122802,0.3125,0.0,0.5714285714285714,0
0.0,0.0003885003885003885,0.9358339617692384,0.006904355812122802,0.3125,0.0,0.5714285714285714,0
0.0,0.019975394975394977,0.7261221679399325,0.006904355812122802,0.3125,0.0,0.8571428571428571,0
0.0,0.0015216265216265218,0.5424440145578544,0.006904355812122802,0.3125,0.0,0.8571428571428571,0
0.0,0.011137011137011137,0.6518574379487853,0.0009511939123589609,0.3125,0.0,0.8571428571428571,0
0.0,0.0003885003885003885,0.6529722285976589,0.006904355812122802,0.3125,0.0,0.5714285714285714,0
0.0,0.006377881377881377,0.6969080953473885,0.006904355812122802,0.3125,0.0,0.8571428571428571,0
0.0,0.0003885003885003885,0.6870389193088299,0.006904355812122802,0.3125,0.0,0.5714285714285714,0
0.03125,0.002072002072002072,0.6869405554280469,0.006904355812122802,0.3125,0.0,0.5714285714285714,0
0.0,0.03739316239316239,0.5551001672185973,0.006904355812122802,0.3125,0.0,0.8571428571428571,0
0.0,0.005892255892255893,0.9858028132069905,0.006904355812122802,0.3125,0.0,0.8571428571428571,0
0.0,0.017126392126392127,0.9993114528345192,0.006904355812122802,0.3125,0.0,0.8571428571428571,0
0.0,0.0010360010360010359,0.9531460047870423,0.006904355812122802,0.3125,0.0,0.5714285714285714,0
0.0625,0.003755503755503756,0.6477589429161612,0.006904355812122802,0.3125,0.0,0.5714285714285714,0
0.0,0.0003885003885003885,0.7578937014328339,0.0009511939123589609,0.3125,0.0,0.5714285714285714,0
0.03125,0.002072002072002072,0.5946424472933539,0.006904355812122802,0.3125,0.0,0.5714285714285714,0
0.03125,0.002978502978502979,0.8814387356962524,0.006904355812122802,0.3125,0.0,0.6428571428571428,0
0.0,0.0003885003885003885,0.7970753139447195,0.006904355812122802,0.3125,0.0,0.5714285714285714,0
0.0,0.011816886816886817,0.7033673235188039,0.006904355812122802,0.3125,0.0,0.8571428571428571,0
0.0,0.0003885003885003885,0.837174989343913,0.006904355812122802,0.3125,0.0,0.5714285714285714,0
0.0,0.0003885003885003885,0.007262533197809765,0.965724219364996,0.3125,0.0,0.6071428571428571,0
0.03125,0.002072002072002072,0.7056296927768124,0.006904355812122802,0.3125,0.0,0.5714285714285714,0
0.0625,0.003755503755503756,0.8806190366897275,0.006904355812122802,0.3125,0.0,0.5714285714285714,0
0.0,0.0003885003885003885,0.7033673235188039,0.006904355812122802,0.3125,0.0,0.5714285714285714,0
0.0,0.0003885003885003885,0.7970753139447195,0.006904355812122802,0.3125,0.0,0.5714285714285714,0
0.0,0.003367003367003367,0.7970425259844586,0.006904355812122802,0.3125,0.0,0.8571428571428571,0
0.0,0.0003885003885003885,0.7087445490016067,0.006904355812122802,0.3125,0.0,0.5714285714285714,0
0.0,0.000777000777000777,0.7485163447981902,0.006904355812122802,0.3125,0.0,0.5714285714285714,0
0.0,0.0003885003885003885,0.5618216990721008,0.006904355812122802,0.3125,0.0,0.5714285714285714,0
0.03125,0.002072002072002072,0.853831273156497,0.006904355812122802,0.3125,0.0,0.5714285714285714,0
0.0,0.017126392126392127,0.8657005147709761,0.006904355812122802,0.3125,0.0,0.8571428571428571,0
0.0,0.07815332815332816,0.7485163447981902,0.006904355812122802,0.3125,0.0,0.8571428571428571,0
0.0,0.0003885003885003885,0.9017672710580675,0.0009511939123589609,0.3125,0.0,0.5714285714285714,0
0.0,0.0003885003885003885,0.6813338142234172,0.006904355812122802,0.3125,0.0,0.5714285714285714,0
0.0,0.0003885003885003885,0.6751368897340897,0.006904355812122802,0.3125,0.0,0.5714285714285714,0
0.0625,0.003755503755503756,0.8610774123741762,0.006904355812122802,0.3125,0.0,0.5714285714285714,0
0.0,0.0003885003885003885,0.9687202859110136,0.0009511939123589609,0.3125,0.0,0.5714285714285714,0
0.0,0.0013921263921263922,0.6957277287779927,0.006904355812122802,0.3125,0.0,0.8571428571428571,0
0.0,0.000777000777000777,0.7567133348634382,0.006904355812122802,0.3125,0.0,0.5714285714285714,0
0.0625,0.003755503755503756,0.7286140529197679,0.006904355812122802,0.3125,0.0,0.5714285714285714,0
0.0,0.0,0.949637693039116,0.006904355812122802,0.3125,0.0,0.5714285714285714,0
0.0,0.0,0.9057674022099086,0.006904355812122802,0.3125,0.0,0.5714285714285714,0
0.0,0.000777000777000777,0.7883209285550347,0.006904355812122802,0.3125,0.0,0.5714285714285714,0
0.0,0.000777000777000777,0.9048821272828618,0.006904355812122802,0.3125,0.0,0.5714285714285714,0
0.0,0.0,0.6338568477655006,0.006904355812122802,0.3125,0.0,0.5714285714285714,0
0.0,0.0003885003885003885,0.9156037902882062,0.006904355812122802,0.3125,0.0,0.5714285714285714,0
0.0,0.017126392126392127,0.6197580248532739,0.006904355812122802,0.3125,0.0,0.8571428571428571,0
0.0,0.0003885003885003885,0.5407062526640218,0.006904355812122802,0.3125,0.0,0.5714285714285714,0
0.0,0.0003885003885003885,0.593986688088134,0.0009511939123589609,0.3125,0.0,0.5714285714285714,0
0.0,0.0003885003885003885,0.0013115184104396866,0.6011217528207818,0.3125,0.0,0.6071428571428571,0
0.0,0.0003885003885003885,0.007262533197809765,0.6967331409078981,0.3125,0.0,0.6071428571428571,0
0.0,0.0017482517482517485,0.836912685661825,0.006904355812122802,0.3125,0.0,0.8571428571428571,0
0.0,0.0003885003885003885,0.6808092068592413,0.0009511939123589609,0.3125,0.0,0.5714285714285714,0
0.0,0.0003885003885003885,0.7485163447981902,0.006904355812122802,0.3125,0.0,0.5714285714285714,0
0.0,0.0003885003885003885,0.7485163447981902,0.006904355812122802,0.3125,0.0,0.5714285714285714,0
0.03125,0.002072002072002072,0.7483196170366242,0.006904355812122802,0.3125,0.0,0.5714285714285714,0
0.0,0.0003885003885003885,0.6891701367257943,0.006904355812122802,0.3125,0.0,0.5714285714285714,0
0.0,0.0003885003885003885,0.8688481589560314,0.006904355812122802,0.3125,0.0,0.5714285714285714,0
0.0,0.0003885003885003885,0.007262533197809765,0.7952309105221725,0.3125,0.0,0.6428571428571428,0
0.0,0.0003885003885003885,0.9725564772615496,0.006904355812122802,0.3125,0.0,0.5714285714285714,0
0.0,0.0003885003885003885,0.8671103970621988,0.006904355812122802,0.3125,0.0,0.5714285714285714,0
0.0,0.0003885003885003885,0.8672087609429817,0.006904355812122802,0.3125,0.0,0.5714285714285714,0
0.0,0.0003885003885003885,0.7091052165644776,0.006904355812122802,0.3125,0.0,0.5714285714285714,0
0.0,0.0003885003885003885,0.7648119610479033,0.006904355812122802,0.3125,0.0,0.5714285714285714,0
0.0,0.0003885003885003885,0.6600216400537723,0.006904355812122802,0.3125,0.0,0.5714285714285714,0
0.0,0.0003885003885003885,0.8449129479655071,0.006904355812122802,0.3125,0.0,0.5714285714285714,0
0.0,0.0,0.8405193612905342,0.006904355812122802,0.3125,0.0,0.5714285714285714,0
0.0,0.0003885003885003885,0.7248106495294928,0.006904355812122802,0.3125,0.0,0.5714285714285714,0
0.0,0.0010360010360010359,0.7248434374897538,0.006904355812122802,0.3125,0.0,0.5714285714285714,0
0.0,0.0,0.8442244008000263,0.006904355812122802,0.3125,0.0,0.14285714285714285,0
0.0,0.0003885003885003885,0.7247450736089708,0.006904355812122802,0.3125,0.0,0.5714285714285714,0
0.0,0.0003885003885003885,0.7247778615692319,0.006904355812122802,0.3125,0.0,0.5714285714285714,0
0.0,0.0003885003885003885,0.7247122856487098,0.006904355812122802,0.3125,0.0,0.5714285714285714,0
0.0,0.0012950012950012951,0.774451621364635,0.009265940697979532,0.3125,0.0,0.8571428571428571,0
0.0,0.0003885003885003885,0.9948195022787633,0.006904355812122802,0.3125,0.0,0.5714285714285714,0
0.0,0.0003885003885003885,0.7459588838978327,0.006904355812122802,0.3125,0.0,0.5714285714285714,0
0.0,0.0003885003885003885,0.8011082330568216,0.006904355812122802,0.3125,0.0,0.5714285714285714,0
0.0,0.0003885003885003885,0.9982294501459065,0.006904355812122802,0.3125,0.0,0.5714285714285714,0
0.0,0.0006475006475006476,0.8923571264631628,0.006904355812122802,0.3125,0.0,0.07142857142857142,0
0.0,0.0003885003885003885,0.9849175382799437,0.006904355812122802,0.3125,0.0,0.5714285714285714,0
0.0,0.04726754726754727,0.0013115184104396866,0.6728876935187614,0.3125,0.0,0.5714285714285714,0
0.03125,0.002072002072002072,0.6730056723171252,0.006904355812122802,0.3125,0.0,0.5714285714285714,0
0.0,0.0003885003885003885,0.9830814125053281,0.006904355812122802,0.3125,0.0,0.6071428571428571,0
0.0,0.0012950012950012951,0.0,0.02064746785620572,0.0,1.0,0.0,0
0.0,0.0003885003885003885,0.7225154923112234,0.0009511939123589609,0.3125,0.0,0.5714285714285714,0
0.0,0.0003885003885003885,0.7844847372044985,0.006904355812122802,0.3125,0.0,0.5714285714285714,0
0.03125,0.0024605024605024606,0.8187809436374963,0.006904355812122802,0.3125,0.0,0.5714285714285714,0
0.0,0.0003885003885003885,0.6515295583461753,0.006904355812122802,0.3125,0.0,0.5714285714285714,0
0.0,0.0006475006475006476,0.5433292894849011,0.006904355812122802,0.3125,0.0,0.07142857142857142,0
0.0,0.0003885003885003885,0.8298632742057117,0.006904355812122802,0.3125,0.0,0.5714285714285714,0
0.0,0.0003885003885003885,0.6713990622643365,0.006904355812122802,0.3125,0.0,0.5714285714285714,0
0.0,0.0003885003885003885,0.6714974261451195,0.006904355812122802,0.3125,0.0,0.5714285714285714,0
0.03125,0.004888629888629889,0.7228433719138333,0.006904355812122802,0.3125,0.0,0.8571428571428571,0
0.0,0.0003885003885003885,0.8300272140070166,0.006904355812122802,0.3125,0.0,0.5714285714285714,0
0.0,0.0003885003885003885,0.6865470999049149,0.006904355812122802,0.3125,0.0,0.5714285714285714,0
0.0,0.0003885003885003885,0.7655005082133841,0.006904355812122802,0.3125,0.0,0.5714285714285714,0
0.0,0.0010360010360010359,0.8860946260533132,0.006904355812122802,0.3125,0.0,0.5714285714285714,0
0.0,0.0003885003885003885,0.007262533197809765,0.8298018892679087,0.3125,0.0,0.6071428571428571,0
0.0,0.0003885003885003885,0.5905439522607299,0.006904355812122802,0.3125,0.0,0.5714285714285714,0
0.0,0.0003885003885003885,0.9647201547591725,0.006904355812122802,0.3125,0.0,0.5714285714285714,0
0.03125,0.004208754208754209,0.7138266828420604,0.006904355812122802,0.3125,0.0,0.8571428571428571,0
0.0,0.0003885003885003885,0.7857306796944162,0.006904355812122802,0.3125,0.0,0.5714285714285714,0
0.0,0.0003885003885003885,0.7274992622708941,0.006904355812122802,0.3125,0.0,0.5714285714285714,0
0.0,0.0003885003885003885,0.8030755106724811,0.006904355812122802,0.3125,0.0,0.5714285714285714,0
0.0,0.0003885003885003885,0.5655267385815929,0.006904355812122802,0.3125,0.0,0.5714285714285714,0
0.0,0.0003885003885003885,0.7016295616249714,0.006904355812122802,0.3125,0.0,0.5714285714285714,0
0.0,0.0003885003885003885,0.8735696252336143,0.006904355812122802,0.3125,0.0,0.5714285714285714,0
0.0,0.0003885003885003885,0.5490671825305747,0.0009511939123589609,0.3125,0.0,0.5714285714285714,0
0.0,0.0003885003885003885,0.8164857864192269,0.006904355812122802,0.3125,0.0,0.5714285714285714,0
0.0,0.000777000777000777,0.7044821141676777,0.006904355812122802,0.3125,0.0,0.5714285714285714,0
0.0,0.0003885003885003885,0.5537230728876357,0.006904355812122802,0.3125,0.0,0.5714285714285714,0
0.0,0.0003885003885003885,0.8631430538706187,0.006904355812122802,0.3125,0.0,0.5714285714285714,0
0.0,0.0003885003885003885,0.6599888520935113,0.006904355812122802,0.3125,0.0,0.6071428571428571,0
0.0,0.0012950012950012951,0.0,0.02064746785620572,0.0,1.0,0.0,0
0.0,0.0037878787878787884,0.7118921931866619,0.006904355812122802,0.3125,0.0,0.8571428571428571,0
0.0,0.000777000777000777,0.706973999147513,0.006904355812122802,0.3125,0.0,0.5714285714285714,0
0.0,0.0006475006475006476,0.7086133971605627,0.006904355812122802,0.3125,0.0,0.07142857142857142,0
0.0,0.001651126651126651,0.8229450145906424,0.006904355812122802,0.3125,0.0,0.8571428571428571,0
0.0,0.0003885003885003885,0.6879569821961377,0.006904355812122802,0.3125,0.0,0.5714285714285714,0
0.0,0.0003885003885003885,0.6558575691006263,0.006904355812122802,0.3125,0.0,0.5714285714285714,0
0.0,0.0003885003885003885,0.007262533197809765,0.7550183678824455,0.3125,0.0,0.6071428571428571,0
0.0,0.0003885003885003885,0.5971015443129283,0.006904355812122802,0.3125,0.0,0.5714285714285714,0
0.0,0.0003885003885003885,0.6272664677530411,0.0009511939123589609,0.3125,0.0,0.5714285714285714,0
0.0,0.0003885003885003885,0.007262533197809765,0.7815533980582523,0.3125,0.0,0.6071428571428571,0
0.0,0.005827505827505828,0.6145775271320372,0.006904355812122802,0.3125,0.0,0.8571428571428571,0
0.0,0.0003885003885003885,0.7375651660710187,0.006904355812122802,0.3125,0.0,0.5714285714285714,0
0.0,0.0003885003885003885,0.7789435719203909,0.006904355812122802,0.3125,0.0,0.5714285714285714,0
0.03125,0.002072002072002072,0.6825797567133349,0.006904355812122802,0.3125,0.0,0.5714285714285714,0
0.0,0.0006475006475006476,0.6727761565952982,0.006904355812122802,0.3125,0.0,0.07142857142857142,0
0.0,0.0003885003885003885,0.903734548673727,0.006904355812122802,0.3125,0.0,0.5714285714285714,0
0.0,0.0011655011655011655,0.8123872913866028,0.006904355812122802,0.3125,0.0,0.5714285714285714,0
0.0,0.0006475006475006476,0.8125184432276469,0.006904355812122802,0.3125,0.0,0.5714285714285714,0
0.03125,0.018032893032893033,0.8124528673071248,0.006904355812122802,0.3125,0.0,0.8571428571428571,0
0.0,0.0,0.8124856552673858,0.006904355812122802,0.3125,0.0,0.5714285714285714,0
0.0,0.0003885003885003885,0.9053739466867766,0.006904355812122802,0.3125,0.0,0.5714285714285714,0
0.0,0.0006475006475006476,0.6419554739499655,0.0009511939123589609,0.3125,0.0,0.07142857142857142,0
0.0,0.0003885003885003885,0.7056624807370734,0.006904355812122802,0.3125,0.0,0.5714285714285714,0
0.0,0.0,0.6538902914849667,0.006904355812122802,0.3125,0.0,0.5714285714285714,0
0.0,0.0,0.6539230794452278,0.006904355812122802,0.3125,0.0,0.5714285714285714,0
0.0,0.0,0.6544148988491426,0.006904355812122802,0.3125,0.0,0.5714285714285714,0
0.0,0.0,0.6542509590478377,0.006904355812122802,0.3125,0.0,0.5714285714285714,0
0.0,0.0,0.6548739302927965,0.006904355812122802,0.3125,0.0,0.14285714285714285,0
0.0,0.0,0.6553657496967114,0.006904355812122802,0.3125,0.0,0.5714285714285714,0
0.0,0.0006475006475006476,0.8174694252270567,0.006904355812122802,0.3125,0.0,0.07142857142857142,0
0.0,0.0003885003885003885,0.7204170628545199,0.006904355812122802,0.3125,0.0,0.5714285714285714,0
0.0,0.0003885003885003885,0.6063149611462672,0.0009511939123589609,0.3125,0.0,0.5714285714285714,0
0.0,0.0,0.6601527918948162,0.006904355812122802,0.3125,0.0,0.14285714285714285,0
0.0,0.0003885003885003885,0.9370143283386341,0.006904355812122802,0.3125,0.0,0.5714285714285714,0
0.03125,0.002072002072002072,0.6032328928817339,0.0009511939123589609,0.3125,0.0,0.5714285714285714,0
0.0,0.0013921263921263922,0.8796353978818978,0.006904355812122802,0.3125,0.0,0.8571428571428571,0
0.0,0.001651126651126651,0.7625168038296338,0.006904355812122802,0.3125,0.0,0.8571428571428571,0
0.0,0.0,0.6632020721990886,0.006904355812122802,0.3125,0.0,0.5714285714285714,0
0.03125,0.0012950012950012951,0.6632348601593495,0.006904355812122802,0.3125,0.0,0.5714285714285714,0
0.0,0.0003885003885003885,0.6735302796813011,0.006904355812122802,0.3125,0.0,0.5714285714285714,0
0.09375,0.00543900543900544,0.7974359815075904,0.006904355812122802,0.3125,0.0,0.5714285714285714,0
0.0,0.0003885003885003885,0.6880225581166596,0.006904355812122802,0.3125,0.0,0.5714285714285714,0
0.0,0.0003885003885003885,0.7872389258664219,0.006904355812122802,0.3125,0.0,0.5714285714285714,0
0.0,0.0003885003885003885,0.950031148562248,0.006904355812122802,0.3125,0.0,0.5714285714285714,0
0.0,0.0003885003885003885,0.7748778648480278,0.006904355812122802,0.3125,0.0,0.5714285714285714,0
0.0,0.017126392126392127,0.8112069248172071,0.006904355812122802,0.3125,0.0,0.8571428571428571,0
0.0,0.0003885003885003885,0.007262533197809765,0.6353975334557859,0.3125,0.0,0.6071428571428571,0
0.0,0.0003885003885003885,0.6353650939375062,0.006904355812122802,0.3125,0.0,0.5714285714285714,0
0.0,0.0,0.7584510967572707,0.006904355812122802,0.3125,0.0,0.14285714285714285,0
0.0,0.013435638435638437,0.8784878192727631,0.006904355812122802,0.3125,0.0,0.8571428571428571,0
0.03125,0.002072002072002072,0.7249090134102758,0.006904355812122802,0.3125,0.0,0.5714285714285714,0
0.0,0.0003885003885003885,0.5992655496901538,0.006904355812122802,0.3125,0.0,0.5714285714285714,0
0.0,0.0024605024605024606,0.8489786550378702,0.006904355812122802,0.3125,0.0,0.8571428571428571,0
0.0,0.0003885003885003885,0.7054001770549855,0.006904355812122802,0.3125,0.0,0.5714285714285714,0
0.0,0.0003885003885003885,0.9265877569756386,0.006904355812122802,0.3125,0.0,0.5714285714285714,0
0.0,0.002072002072002072,0.9053083707662547,0.006904355812122802,0.3125,0.0,0.8571428571428571,0
0.0,0.0011655011655011655,0.5761172497458933,0.006904355812122802,0.3125,0.0,0.8571428571428571,0
0.0,0.0003885003885003885,0.761565952982065,0.006904355812122802,0.3125,0.0,0.5714285714285714,0
0.0,0.0020396270396270395,0.7392045640840683,0.006904355812122802,0.3125,0.0,0.8571428571428571,0
0.0625,0.003755503755503756,0.7398931112495492,0.006904355812122802,0.3125,0.0,0.5714285714285714,0
0.0,0.001651126651126651,0.8543230925604118,0.006904355812122802,0.3125,0.0,0.8571428571428571,0
0.0,0.0003885003885003885,0.7498606511688908,0.006904355812122802,0.3125,0.0,0.5714285714285714,0
0.0,0.0003885003885003885,0.8253057477294338,0.006904355812122802,0.3125,0.0,0.5714285714285714,0
0.0,0.0003885003885003885,0.9828191088232402,0.006904355812122802,0.3125,0.0,0.5714285714285714,0
0.0,0.0003885003885003885,0.7468441588248795,0.006904355812122802,0.3125,0.0,0.5714285714285714,0
0.0,0.0003885003885003885,0.7498606511688908,0.006904355812122802,0.3125,0.0,0.5714285714285714,0
0.0,0.0006475006475006476,0.007262533197809765,0.9574586722644974,0.3125,0.0,0.6428571428571428,0
0.0,0.0,0.6115610347880258,0.006904355812122802,0.3125,0.0,0.14285714285714285,0
0.0,0.001651126651126651,0.8420931833830617,0.006904355812122802,0.3125,0.0,0.8571428571428571,0
0.0,0.0003885003885003885,0.6389061936456933,0.006904355812122802,0.3125,0.0,0.5714285714285714,0
0.03125,0.002072002072002072,0.8315026722187613,0.006904355812122802,0.3125,0.0,0.5714285714285714,0
0.0,0.0003885003885003885,0.7733040427555002,0.006904355812122802,0.3125,0.0,0.5714285714285714,0
0.0,0.0003885003885003885,0.9242270238368472,0.006904355812122802,0.3125,0.0,0.5714285714285714,0
0.0,0.0013921263921263922,0.9268500606577266,0.006904355812122802,0.3125,0.0,0.8571428571428571,0
0.09375,0.00543900543900544,0.9860323289288174,0.006904355812122802,0.3125,0.0,0.5714285714285714,0
0.0,0.0003885003885003885,0.7924849995081806,0.006904355812122802,0.3125,0.0,0.5714285714285714,0
0.0,0.0003885003885003885,0.782320731827273,0.006904355812122802,0.3125,0.0,0.5714285714285714,0
0.09375,0.00543900543900544,0.8449785238860291,0.006904355812122802,0.3125,0.0,0.5714285714285714,0
0.0,0.0003885003885003885,0.007262533197809765,0.6743308842823406,0.3125,0.0,0.6071428571428571,0
0.0,0.0013921263921263922,0.8898324535230664,0.006904355812122802,0.3125,0.0,0.8571428571428571,0
0.0,0.0003885003885003885,0.619200629528837,0.006904355812122802,0.3125,0.0,0.5714285714285714,0
0.03125,0.002072002072002072,0.7539919341617758,0.006904355812122802,0.3125,0.0,0.5714285714285714,0
0.0,0.004467754467754468,0.7198268795698219,0.006904355812122802,0.3125,0.0,0.8571428571428571,0
0.0,0.01877751877751878,0.9614085707728123,0.006904355812122802,0.3125,0.0,0.8571428571428571,0
0.0,0.0003885003885003885,0.8292075150004918,0.006904355812122802,0.3125,0.0,0.5714285714285714,0
0.0,0.0003885003885003885,0.7861569231778092,0.006904355812122802,0.3125,0.0,0.5714285714285714,0
0.0,0.0003885003885003885,0.8754057510082298,0.006904355812122802,0.3125,0.0,0.5714285714285714,0
0.0,0.0024605024605024606,0.7109741302993541,0.006904355812122802,0.3125,0.0,0.8571428571428571,0
0.0,0.0003885003885003885,0.7376963179120627,0.006904355812122802,0.3125,0.0,0.5714285714285714,0
0.0,0.0003885003885003885,0.6337584838847176,0.006904355812122802,0.3125,0.0,0.5714285714285714,0
0.1875,0.01048951048951049,0.6633332240401325,0.006904355812122802,0.3125,0.0,0.5714285714285714,0
0.0,0.0006475006475006476,0.94117839929178,0.006904355812122802,0.3125,0.0,0.07142857142857142,0
0.0,0.0006475006475006476,0.7129086199547526,0.006904355812122802,0.3125,0.0,0.07142857142857142,0
0.0625,0.003755503755503756,0.8438309452768944,0.006904355812122802,0.3125,0.0,0.5714285714285714,0
0.0,0.0003885003885003885,0.6566116921866291,0.006904355812122802,0.3125,0.0,0.5714285714285714,0
0.0,0.0003885003885003885,0.9800977081215778,0.006904355812122802,0.3125,0.0,0.5714285714285714,0
0.0,0.0003885003885003885,0.9329486212662711,0.006904355812122802,0.3125,0.0,0.5714285714285714,0
0.0,0.0003885003885003885,0.6540542312862717,0.006904355812122802,0.3125,0.0,0.5714285714285714,0
0.0,0.0003885003885003885,0.7096953998491754,0.006904355812122802,0.3125,0.0,0.5714285714285714,0
0.0,0.021853146853146856,0.8693071903996853,0.006904355812122802,0.3125,0.0,0.8571428571428571,0
0.0,0.0003885003885003885,0.9735401160693794,0.006904355812122802,0.3125,0.0,0.6071428571428571,0
0.0,0.0012950012950012951,0.0,0.02064746785620572,0.0,1.0,0.0,0
0.0,0.0003885003885003885,0.6143152234499492,0.006904355812122802,0.3125,0.0,0.6071428571428571,0
0.0,0.0003885003885003885,0.8792091543985049,0.006904355812122802,0.3125,0.0,0.5714285714285714,0
0.0,0.0003885003885003885,0.8855044427686154,0.006904355812122802,0.3125,0.0,0.5714285714285714,0
0.0,0.0,0.9024558182235484,0.006904355812122802,0.3125,0.0,0.5714285714285714,0
0.0,0.0003885003885003885,0.9329486212662711,0.006904355812122802,0.3125,0.0,0.5714285714285714,0
0.0,0.0003885003885003885,0.7979933768320273,0.006904355812122802,0.3125,0.0,0.5714285714285714,0
0.0,0.0,0.5408046165448047,0.006904355812122802,0.3125,0.0,0.14285714285714285,0
0.0,0.0006475006475006476,0.007262533197809765,0.7859485699291524,0.3125,0.0,0.6428571428571428,0
0.0,0.0003885003885003885,0.8438309452768944,0.006904355812122802,0.3125,0.0,0.5714285714285714,0
0.03125,0.002072002072002072,0.7707465818551428,0.006904355812122802,0.3125,0.0,0.5714285714285714,0
0.0,0.0003885003885003885,0.6895963802091872,0.006904355812122802,0.3125,0.0,0.5714285714285714,0
0.0,0.0003885003885003885,0.9843601429555068,0.006904355812122802,0.3125,0.0,0.5714285714285714,0
0.03125,0.002072002072002072,0.9267189088166825,0.006904355812122802,0.3125,0.0,0.5714285714285714,0
0.0,0.0003885003885003885,0.9319649824584413,0.006904355812122802,0.3125,0.0,0.5714285714285714,0
0.0,0.0003885003885003885,0.8907505164103742,0.006904355812122802,0.3125,0.0,0.5714285714285714,0
0.0,0.0003885003885003885,0.690120987573363,0.006904355812122802,0.3125,0.0,0.5714285714285714,0
0.0,0.0003885003885003885,0.728155021476114,0.006904355812122802,0.3125,0.0,0.5714285714285714,0
0.0,0.009971509971509973,0.7392045640840683,0.006904355812122802,0.3125,0.0,0.8571428571428571,0
0.0,0.0003885003885003885,0.6039214400472147,0.006904355812122802,0.3125,0.0,0.5714285714285714,0
0.03125,0.002072002072002072,0.7699596708088791,0.006904355812122802,0.3125,0.0,0.5714285714285714,0
0.0,0.0003885003885003885,0.8139939014393914,0.006904355812122802,0.3125,0.0,0.5714285714285714,0
0.0,0.09026159026159027,0.5924784419161284,0.006904355812122802,0.3125,0.0,0.5714285714285714,0
0.0,0.0003885003885003885,0.9765893963736516,0.006904355812122802,0.3125,0.0,0.5714285714285714,0
0.0,0.017126392126392127,0.6271353159119971,0.006904355812122802,0.3125,0.0,0.8571428571428571,0
0.0,0.0003885003885003885,0.5848060592150562,0.006904355812122802,0.3125,0.0,0.5714285714285714,0
0.0,0.0003885003885003885,0.5854290304600152,0.006904355812122802,0.3125,0.0,0.5714285714285714,0
0.03125,0.002072002072002072,0.8675366405455917,0.006904355812122802,0.3125,0.0,0.5714285714285714,0
0.0,0.0003885003885003885,0.6744811305288698,0.006904355812122802,0.3125,0.0,0.5714285714285714,0
0.0,0.0,0.5848388471753172,0.006904355812122802,0.3125,0.0,0.5714285714285714,0
0.0,0.0003885003885003885,0.7843535853634546,0.006904355812122802,0.3125,0.0,0.5714285714285714,0
0.0,0.0003885003885003885,0.6053968982589594,0.006904355812122802,0.3125,0.0,0.5714285714285714,0
0.0,0.0003885003885003885,0.8611102003344372,0.006904355812122802,0.3125,0.0,0.5714285714285714,0
0.0,0.0018777518777518777,0.8967507131381357,0.006904355812122802,0.3125,0.0,0.8571428571428571,0
0.0,0.0003885003885003885,0.5854290304600152,0.006904355812122802,0.3125,0.0,0.5714285714285714,0
0.0,0.017126392126392127,0.9219974425390997,0.006904355812122802,0.3125,0.0,0.8571428571428571,0
0.0,0.0003885003885003885,0.007262533197809765,0.9220676987667278,0.3125,0.0,0.6071428571428571,0
0.0,0.0003885003885003885,0.8052395160497066,0.006904355812122802,0.3125,0.0,0.5714285714285714,0
0.03125,0.0012950012950012951,0.80733794550641,0.006904355812122802,0.3125,0.0,0.5714285714285714,0
0.0,0.0003885003885003885,0.7144824420472803,0.006904355812122802,0.3125,0.0,0.5714285714285714,0
0.0,0.0003885003885003885,0.9991803009934752,0.006904355812122802,0.3125,0.0,0.5714285714285714,0
0.0,0.0006475006475006476,0.007262533197809765,0.7352728942534767,0.3125,0.0,0.6428571428571428,0
0.0,0.0003885003885003885,0.7354667366143153,0.006904355812122802,0.3125,0.0,0.5714285714285714,0
0.0,0.0003885003885003885,0.7356634643758811,0.006904355812122802,0.3125,0.0,0.5714285714285714,0
0.0,0.0003885003885003885,0.7758615036558576,0.006904355812122802,0.3125,0.0,0.5714285714285714,0
0.0,0.0003885003885003885,0.0013115184104396866,0.6967331409078981,0.3125,0.0,0.6071428571428571,0
0.09375,0.00543900543900544,0.7523853241089872,0.006904355812122802,0.3125,0.0,0.5714285714285714,0
0.0,0.0003885003885003885,0.9735729040296404,0.006904355812122802,0.3125,0.0,0.5714285714285714,0
0.0,0.0015216265216265218,0.8952424669661301,0.006904355812122802,0.3125,0.0,0.8571428571428571,0
0.0,0.003723128723128723,0.7354667366143153,0.006904355812122802,0.3125,0.0,0.8571428571428571,0
0.0,0.0003885003885003885,0.9310797075313945,0.006904355812122802,0.3125,0.0,0.5714285714285714,0
0.0,0.0003885003885003885,0.5696252336142169,0.006904355812122802,0.3125,0.0,0.5714285714285714,0
0.0,0.0003885003885003885,0.6046755631332175,0.006904355812122802,0.3125,0.0,0.5714285714285714,0
0.0,0.0003885003885003885,0.7421882684678186,0.006904355812122802,0.3125,0.0,0.5714285714285714,0
0.0,0.0,0.8414046362175809,0.006904355812122802,0.3125,0.0,0.5714285714285714,0
0.0,0.0003885003885003885,0.7767467785829044,0.006904355812122802,0.3125,0.0,0.5714285714285714,0
0.0,0.012723387723387724,0.7565493950621333,0.0009511939123589609,0.3125,0.0,0.8571428571428571,0
0.03125,0.002072002072002072,0.8148463884061773,0.006904355812122802,0.3125,0.0,0.5714285714285714,0
0.0,0.0006475006475006476,0.7682874848355684,0.006904355812122802,0.3125,0.0,0.07142857142857142,0
0.0,0.0003885003885003885,0.5708383881438736,0.006904355812122802,0.3125,0.0,0.6071428571428571,0
0.0,0.0012950012950012951,0.0,0.02064746785620572,0.0,1.0,0.0,0
0.0,0.02534965034965035,0.657267451391849,0.006904355812122802,0.3125,0.0,0.8571428571428571,0
0.0,0.0003885003885003885,0.5708056001836126,0.006904355812122802,0.3125,0.0,0.5714285714285714,0
0.0,0.0003885003885003885,0.8712416800550838,0.006904355812122802,0.3125,0.0,0.5714285714285714,0
0.0,0.0006475006475006476,0.736745467064494,0.006904355812122802,0.3125,0.0,0.07142857142857142,0
0.0,0.0003885003885003885,0.8012721728581266,0.006904355812122802,0.3125,0.0,0.5714285714285714,0
0.03125,0.002072002072002072,0.9810157710088856,0.006904355812122802,0.3125,0.0,0.5714285714285714,0
0.0,0.002751877751877752,0.5711334797862225,0.006904355812122802,0.3125,0.0,0.8571428571428571,0
0.0,0.019910644910644912,0.657267451391849,0.006904355812122802,0.3125,0.0,0.8571428571428571,0
0.0,0.0,0.7314993934227352,0.006904355812122802,0.3125,0.0,0.5714285714285714,0
0.0,0.0003885003885003885,0.749073740122627,0.006904355812122802,0.3125,0.0,0.5714285714285714,0
0.09375,0.01767676767676768,0.5677235319190793,0.006904355812122802,0.3125,0.0,0.8571428571428571,0
0.0,0.0003885003885003885,0.6460539689825896,0.006904355812122802,0.3125,0.0,0.5714285714285714,0
0.0,0.01265863765863766,0.5753631266598905,0.0009511939123589609,0.3125,0.0,0.8571428571428571,0
0.0,0.0003885003885003885,0.891439063575855,0.006904355812122802,0.3125,0.0,0.5714285714285714,0
0.0,0.0017482517482517485,0.657267451391849,0.006904355812122802,0.3125,0.0,0.8571428571428571,0
0.0,0.0003885003885003885,0.6290698055673957,0.0009511939123589609,0.3125,0.0,0.5714285714285714,0
0.0,0.0027195027195027195,0.7314993934227352,0.006904355812122802,0.3125,0.0,0.8571428571428571,0
0.0,0.0003885003885003885,0.6460211810223286,0.006904355812122802,0.3125,0.0,0.5714285714285714,0
0.03125,0.002331002331002331,0.7769762943047314,0.006904355812122802,0.3125,0.0,0.6428571428571428,0
0.0,0.0003885003885003885,0.6459883930620677,0.006904355812122802,0.3125,0.0,0.5714285714285714,0
0.0,0.0003885003885003885,0.690219351454146,0.006904355812122802,0.3125,0.0,0.5714285714285714,0
0.0,0.011137011137011137,0.6347749106528083,0.0009511939123589609,0.3125,0.0,0.8571428571428571,0
0.0,0.001651126651126651,0.8736352011541363,0.006904355812122802,0.3125,0.0,0.8571428571428571,0
0.0,0.0003885003885003885,0.8246172005639529,0.006904355812122802,0.3125,0.0,0.5714285714285714,0
0.0,0.0003885003885003885,0.007262533197809765,0.6177184466019416,0.3125,0.0,0.6071428571428571,0
0.0,0.0003885003885003885,0.7879274730319027,0.006904355812122802,0.3125,0.0,0.5714285714285714,0
0.0,0.0003885003885003885,0.9082592871897439,0.006904355812122802,0.3125,0.0,0.5714285714285714,0
0.0,0.0,0.9197022853208302,0.006904355812122802,0.3125,0.0,0.14285714285714285,0
0.0,0.0003885003885003885,0.9740647234335552,0.006904355812122802,0.3125,0.0,0.5714285714285714,0
0.0,0.0003885003885003885,0.7236630709203581,0.0009511939123589609,0.3125,0.0,0.6071428571428571,0
0.0,0.0006475006475006476,0.6505131315780845,0.006904355812122802,0.3125,0.0,0.07142857142857142,0
0.0,0.0003885003885003885,0.6493655529689498,0.006904355812122802,0.3125,0.0,0.5714285714285714,0
0.0625,0.003755503755503756,0.5753303386996295,0.006904355812122802,0.3125,0.0,0.5714285714285714,0
0.03125,0.0012950012950012951,0.7183842093183384,0.006904355812122802,0.3125,0.0,0.5714285714285714,0
0.0,0.0003885003885003885,0.7846814649660645,0.006904355812122802,0.3125,0.0,0.5714285714285714,0
0.0,0.0003885003885003885,0.8080920685924129,0.006904355812122802,0.3125,0.0,0.5714285714285714,0
0.0,0.0003885003885003885,0.970654775566412,0.006904355812122802,0.3125,0.0,0.5714285714285714,0
0.03125,0.002072002072002072,0.8737663529951802,0.006904355812122802,0.3125,0.0,0.5714285714285714,0
0.0,0.011039886039886041,0.9943276828748484,0.006904355812122802,0.3125,0.0,0.8571428571428571,0
0.0,0.0003885003885003885,0.7272041706285453,0.006904355812122802,0.3125,0.0,0.5714285714285714,0
0.09375,0.00925925925925926,0.6077904193580118,0.006904355812122802,0.3125,0.0,0.8571428571428571,0
0.0,0.0003885003885003885,0.6420866257910096,0.0009511939123589609,0.3125,0.0,0.5714285714285714,0
0.0,0.0012950012950012951,0.0,0.02064746785620572,0.0,1.0,0.0,0
0.0,0.0003885003885003885,0.7334010951178728,0.006904355812122802,0.3125,0.0,0.6071428571428571,0
0.0,0.0012950012950012951,0.8455359192104659,0.009265940697979532,0.3125,0.0,0.8571428571428571,0
0.0,0.0003885003885003885,0.9600970523623725,0.006904355812122802,0.3125,0.0,0.5714285714285714,0
0.03125,0.0012950012950012951,0.941604642775173,0.006904355812122802,0.3125,0.0,0.5714285714285714,0
0.0,0.0,0.9578346831043641,0.006904355812122802,0.3125,0.0,0.5714285714285714,0
0.0,0.0003885003885003885,0.6753664054559166,0.006904355812122802,0.3125,0.0,0.5714285714285714,0
0.09375,0.006701631701631702,0.8349126200859045,0.006904355812122802,0.3125,0.0,0.8571428571428571,0
0.0,0.0003885003885003885,0.9093412898783567,0.006904355812122802,0.3125,0.0,0.5714285714285714,0
0.0,0.0,0.5787730745270337,0.006904355812122802,0.3125,0.0,0.5714285714285714,0
0.0,0.0,0.007262533197809765,0.5447061138808711,0.3125,0.0,0.6071428571428571,0
0.0,0.0003885003885003885,0.9049149152431227,0.006904355812122802,0.3125,0.0,0.5714285714285714,0
0.0,0.0003885003885003885,0.5386733991278403,0.006904355812122802,0.3125,0.0,0.5714285714285714,0
0.0,0.0006475006475006476,0.007262533197809765,0.5500852794542115,0.3125,0.0,0.6428571428571428,0
0.0,0.003755503755503756,0.9634086363487327,0.006904355812122802,0.3125,0.0,0.8571428571428571,0
0.0,0.0003885003885003885,0.6433653562411883,0.006904355812122802,0.3125,0.0,0.5714285714285714,0
0.0,0.0003885003885003885,0.569494081773173,0.006904355812122802,0.3125,0.0,0.5714285714285714,0
0.0,0.0003885003885003885,0.8133709301944326,0.006904355812122802,0.3125,0.0,0.5714285714285714,0
0.0,0.0003885003885003885,0.9721630217384177,0.006904355812122802,0.3125,0.0,0.5714285714285714,0
0.03125,0.013241388241388242,0.8574051608249451,0.006904355812122802,0.3125,0.0,0.8571428571428571,0
0.03125,0.0012950012950012951,0.9475720515426735,0.006904355812122802,0.3125,0.0,0.5714285714285714,0
0.0,0.0,0.9475720515426735,0.006904355812122802,0.3125,0.0,0.5714285714285714,0
0.03125,0.002072002072002072,0.5391324305714942,0.006904355812122802,0.3125,0.0,0.5714285714285714,0
0.0,0.004467754467754468,0.8438637332371554,0.006904355812122802,0.3125,0.0,0.8571428571428571,0
0.0,0.0013921263921263922,0.9716056264139808,0.006904355812122802,0.3125,0.0,0.8571428571428571,0
0.0,0.0013921263921263922,0.9940981671530215,0.006904355812122802,0.3125,0.0,0.8571428571428571,0
0.0,0.0018777518777518777,0.7808780615757894,0.006904355812122802,0.3125,0.0,0.8571428571428571,0
0.0,0.0003885003885003885,0.5934292927636972,0.006904355812122802,0.3125,0.0,0.5714285714285714,0
0.0,0.0003885003885003885,0.8794386701203318,0.006904355812122802,0.3125,0.0,0.5714285714285714,0
0.0,0.0003885003885003885,0.9955736253647661,0.006904355812122802,0.3125,0.0,0.5714285714285714,0
0.0,0.0003885003885003885,0.9502278763238139,0.006904355812122802,0.3125,0.0,0.5714285714285714,0
0.0,0.0003885003885003885,0.9338338961933178,0.006904355812122802,0.3125,0.0,0.5714285714285714,0
0.0,0.0,0.9323256500213122,0.006904355812122802,0.3125,0.0,0.5714285714285714,0
0.0,0.004467754467754468,0.9574740155414933,0.006904355812122802,0.3125,0.0,0.8571428571428571,0
0.03125,0.002072002072002072,0.9077018918653071,0.006904355812122802,0.3125,0.0,0.5714285714285714,0
0.0,0.0003885003885003885,0.6870717072690908,0.006904355812122802,0.3125,0.0,0.5714285714285714,0
0.0,0.001651126651126651,0.849503262402046,0.006904355812122802,0.3125,0.0,0.8571428571428571,0
0.0625,0.003755503755503756,0.7304501786943834,0.006904355812122802,0.3125,0.0,0.5714285714285714,0
0.0,0.0006475006475006476,0.007262533197809765,0.8245211230648123,0.3125,0.0,0.6428571428571428,0
0.0,0.0003885003885003885,0.7818944883438802,0.006904355812122802,0.3125,0.0,0.5714285714285714,0
0.0,0.0003885003885003885,0.7350077051706614,0.006904355812122802,0.3125,0.0,0.5714285714285714,0
0.0,0.0003885003885003885,0.7349421292501394,0.006904355812122802,0.3125,0.0,0.5714285714285714,0
0.0,0.0003885003885003885,0.7687137283189613,0.006904355812122802,0.3125,0.0,0.5714285714285714,0
0.0,0.0013921263921263922,0.5892980097708121,0.006904355812122802,0.3125,0.0,0.8571428571428571,0
0.0,0.0003885003885003885,0.7698613069280961,0.006904355812122802,0.3125,0.0,0.5714285714285714,0
0.0,0.0003885003885003885,0.824584412603692,0.006904355812122802,0.3125,0.0,0.5714285714285714,0
0.0,0.003172753172753173,0.8475031968261255,0.006904355812122802,0.3125,0.0,0.8571428571428571,0
0.0,0.0003885003885003885,0.665497229417358,0.006904355812122802,0.3125,0.0,0.5714285714285714,0
0.0,0.012593887593887595,0.7104823108954392,0.006904355812122802,0.3125,0.0,0.8571428571428571,0
0.0,0.0003885003885003885,0.6728417325158202,0.006904355812122802,0.3125,0.0,0.5714285714285714,0
0.0,0.0016187516187516188,0.7366798911439719,0.006904355812122802,0.3125,0.0,0.8571428571428571,0
0.0,0.0003885003885003885,0.8233056821535133,0.006904355812122802,0.3125,0.0,0.5714285714285714,0
0.0,0.0003885003885003885,0.7594347355651005,0.006904355812122802,0.3125,0.0,0.5714285714285714,0
0.0,0.006442631442631443,0.7310731499393422,0.006904355812122802,0.3125,0.0,0.8571428571428571,0
0.0,0.0003885003885003885,0.8947834355224762,0.006904355812122802,0.3125,0.0,0.5714285714285714,0
0.0,0.0003885003885003885,0.5375258205187056,0.006904355812122802,0.3125,0.0,0.5714285714285714,0
0.0,0.0003885003885003885,0.5499196694973606,0.006904355812122802,0.3125,0.0,0.5714285714285714,0
0.0,0.0003885003885003885,0.9659005213285682,0.006904355812122802,0.3125,0.0,0.5714285714285714,0
0.0,0.0003885003885003885,0.7635332305977245,0.006904355812122802,0.3125,0.0,0.5714285714285714,0
0.0,0.0003885003885003885,0.690416079215712,0.006904355812122802,0.3125,0.0,0.6071428571428571,0
0.0,0.0,0.5455916587429096,0.006904355812122802,0.3125,0.0,0.6071428571428571,0
0.0,0.0003885003885003885,0.007262533197809765,0.8609944896352663,0.3125,0.0,0.6071428571428571,0
0.0,0.001651126651126651,0.8471425292632546,0.006904355812122802,0.3125,0.0,0.8571428571428571,0
0.03125,0.002072002072002072,0.5640184924095872,0.006904355812122802,0.3125,0.0,0.5714285714285714,0
0.03125,0.002072002072002072,0.9173415521820388,0.006904355812122802,0.3125,0.0,0.5714285714285714,0
0.0,0.005244755244755246,0.807567461228237,0.006904355812122802,0.3125,0.0,0.8571428571428571,0
0.0,0.0006475006475006476,0.8024525394275223,0.006904355812122802,0.3125,0.0,0.07142857142857142,0
0.0,0.0003885003885003885,0.8853732909275714,0.006904355812122802,0.3125,0.0,0.5714285714285714,0
0.0,0.0006475006475006476,0.5670677727138594,0.006904355812122802,0.3125,0.0,0.07142857142857142,0
0.0,0.0003885003885003885,0.6166431686284797,0.006904355812122802,0.3125,0.0,0.5714285714285714,0
0.0,0.0003885003885003885,0.9027181219056363,0.006904355812122802,0.3125,0.0,0.5714285714285714,0
0.0,0.001651126651126651,0.8860290501327913,0.006904355812122802,0.3125,0.0,0.8571428571428571,0
0.0,0.0003885003885003885,0.7088757008426506,0.006904355812122802,0.3125,0.0,0.5714285714285714,0
0.0,0.0003885003885003885,0.7089084888029116,0.006904355812122802,0.3125,0.0,0.5714285714285714,0
0.0,0.0003885003885003885,0.7089740647234336,0.006904355812122802,0.3125,0.0,0.5714285714285714,0
0.0,0.0024605024605024606,0.7984851962359422,0.006904355812122802,0.3125,0.0,0.8571428571428571,0
0.0,0.0003885003885003885,0.707105150988557,0.006904355812122802,0.3125,0.0,0.5714285714285714,0
0.0,0.0003885003885003885,0.5513623397488443,0.006904355812122802,0.3125,0.0,0.5714285714285714,0
0.0,0.0003885003885003885,0.7054657529755074,0.006904355812122802,0.3125,0.0,0.5714285714285714,0
0.0,0.011784511784511786,0.8844880160005246,0.006904355812122802,0.3125,0.0,0.8571428571428571,0
0.0,0.0003885003885003885,0.548181907603528,0.006904355812122802,0.3125,0.0,0.6071428571428571,0
0.0,0.0012950012950012951,0.0,0.02064746785620572,0.0,1.0,0.0,0
0.0,0.0003885003885003885,0.7296304796878587,0.006904355812122802,0.3125,0.0,0.6071428571428571,0
0.0,0.01295001295001295,0.681956785468376,0.006904355812122802,0.3125,0.0,0.8571428571428571,0
0.0,0.0003885003885003885,0.623331912521722,0.006904355812122802,0.3125,0.0,0.5714285714285714,0
0.0,0.0003885003885003885,0.9394078494376865,0.006904355812122802,0.3125,0.0,0.5714285714285714,0
0.03125,0.002072002072002072,0.9173415521820388,0.006904355812122802,0.3125,0.0,0.5714285714285714,0
0.0,0.0003885003885003885,0.007262533197809765,0.6726908947782734,0.3125,0.0,0.6071428571428571,0
0.0,0.0003885003885003885,0.8385848716351356,0.006904355812122802,0.3125,0.0,0.5714285714285714,0
0.0,0.0003885003885003885,0.8771107249418014,0.006904355812122802,0.3125,0.0,0.5714285714285714,0
0.0,0.0006475006475006476,0.007262533197809765,0.6129952768302283,0.3125,0.0,0.6428571428571428,0
0.0,0.000777000777000777,0.786452014820158,0.006904355812122802,0.3125,0.0,0.5714285714285714,0
0.0,0.0,0.5707728122233516,0.006904355812122802,0.3125,0.0,0.14285714285714285,0
0.03125,0.002072002072002072,0.8960621659726549,0.006904355812122802,0.3125,0.0,0.5714285714285714,0
0.0,0.001651126651126651,0.7132037115971016,0.006904355812122802,0.3125,0.0,0.8571428571428571,0
0.0,0.0003885003885003885,0.8092724351618086,0.006904355812122802,0.3125,0.0,0.5714285714285714,0
0.0,0.0003885003885003885,0.924948358962589,0.006904355812122802,0.3125,0.0,0.5714285714285714,0
0.0,0.0003885003885003885,0.77825502475491,0.006904355812122802,0.3125,0.0,0.5714285714285714,0
0.0,0.0003885003885003885,0.5826092658775698,0.006904355812122802,0.3125,0.0,0.5714285714285714,0
0.0,0.0003885003885003885,0.6345126069707204,0.0009511939123589609,0.3125,0.0,0.5714285714285714,0
0.0,0.0003885003885003885,0.9603265680841995,0.006904355812122802,0.3125,0.0,0.5714285714285714,0
0.0,0.0003885003885003885,0.5797239253746025,0.006904355812122802,0.3125,0.0,0.5714285714285714,0
0.0,0.0003885003885003885,0.7410079018984229,0.006904355812122802,0.3125,0.0,0.5714285714285714,0
0.03125,0.0024605024605024606,0.6142168595691663,0.006904355812122802,0.3125,0.0,0.5714285714285714,0
0.0,0.0003885003885003885,0.9286533984720811,0.006904355812122802,0.3125,0.0,0.5714285714285714,0
0.0,0.0009065009065009066,0.9677038591429228,0.006904355812122802,0.3125,0.0,0.5714285714285714,0
0.0,0.0003885003885003885,0.7220236729073085,0.006904355812122802,0.3125,0.0,0.5714285714285714,0
0.0,0.0003885003885003885,0.7249090134102758,0.006904355812122802,0.3125,0.0,0.5714285714285714,0
0.0,0.0,0.9677038591429228,0.006904355812122802,0.3125,0.0,0.5714285714285714,0
0.0,0.0033022533022533025,0.6141840716089052,0.006904355812122802,0.3125,0.0,0.8571428571428571,0
0.09375,0.10457135457135458,0.7410079018984229,0.006904355812122802,0.3125,0.0,1.0,0
0.03125,0.002072002072002072,0.9311780714121775,0.006904355812122802,0.3125,0.0,0.5714285714285714,0
0.0,0.0003885003885003885,0.5888717662874193,0.006904355812122802,0.3125,0.0,0.5714285714285714,0
0.0,0.0003885003885003885,0.7622217121872848,0.006904355812122802,0.3125,0.0,0.5714285714285714,0
0.0,0.001651126651126651,0.5888717662874193,0.006904355812122802,0.3125,0.0,0.8571428571428571,0
0.03125,0.002072002072002072,0.9659333092888291,0.006904355812122802,0.3125,0.0,0.5714285714285714,0
0.0,0.0,0.8485851995147382,0.006904355812122802,0.3125,0.0,0.5714285714285714,0
0.0,0.0003885003885003885,0.9659005213285682,0.006904355812122802,0.3125,0.0,0.5714285714285714,0
0.0,0.0003885003885003885,0.9659988852093512,0.006904355812122802,0.3125,0.0,0.5714285714285714,0
0.0,0.0003885003885003885,0.966523492573527,0.006904355812122802,0.3125,0.0,0.5714285714285714,0
0.0,0.0003885003885003885,0.5869044886717597,0.006904355812122802,0.3125,0.0,0.5714285714285714,0
0.0,0.0003885003885003885,0.7019902291878423,0.0009511939123589609,0.3125,0.0,0.5714285714285714,0
0.0,0.0003885003885003885,0.8918980950195089,0.006904355812122802,0.3125,0.0,0.5714285714285714,0
0.0,0.0003885003885003885,0.979278009115053,0.006904355812122802,0.3125,0.0,0.5714285714285714,0
0.0,0.0003885003885003885,0.6495950686907768,0.006904355812122802,0.3125,0.0,0.5714285714285714,0
0.0625,0.0025900025900025903,0.6531689563592249,0.006904355812122802,0.3125,0.0,0.5714285714285714,0
0.0,0.0003885003885003885,0.7302862388930785,0.006904355812122802,0.3125,0.0,0.5714285714285714,0
0.0,0.0,0.6531689563592249,0.006904355812122802,0.3125,0.0,0.5714285714285714,0
0.0,0.0003885003885003885,0.91606282173186,0.006904355812122802,0.3125,0.0,0.5714285714285714,0
0.0,0.000777000777000777,0.6497917964523428,0.006904355812122802,0.3125,0.0,0.5714285714285714,0
0.0,0.0003885003885003885,0.6505787074986066,0.006904355812122802,0.3125,0.0,0.5714285714285714,0
0.0,0.0003885003885003885,0.6508082232204335,0.006904355812122802,0.3125,0.0,0.5714285714285714,0
0.0,0.0003885003885003885,0.5593953900127874,0.006904355812122802,0.3125,0.0,0.5714285714285714,0
0.0,0.0003885003885003885,0.5594937538935703,0.006904355812122802,0.3125,0.0,0.5714285714285714,0
0.0,0.0,0.6531689563592249,0.006904355812122802,0.3125,0.0,0.5714285714285714,0
0.0,0.0003885003885003885,0.007262533197809765,0.9792377328785095,0.3125,0.0,0.6071428571428571,0
0.03125,0.002072002072002072,0.6243483392898128,0.006904355812122802,0.3125,0.0,0.5714285714285714,0
0.0,0.0003885003885003885,0.7172366307092036,0.006904355812122802,0.3125,0.0,0.5714285714285714,0
0.0,0.0003885003885003885,0.7893373553231253,0.006904355812122802,0.3125,0.0,0.5714285714285714,0
0.0,0.0003885003885003885,0.9402603364044723,0.006904355812122802,0.3125,0.0,0.5714285714285714,0
0.0,0.0003885003885003885,0.8810452801731204,0.006904355812122802,0.3125,0.0,0.5714285714285714,0
0.0,0.0003885003885003885,0.5979868192399751,0.006904355812122802,0.3125,0.0,0.5714285714285714,0
0.0,0.0003885003885003885,0.7687793042394833,0.006904355812122802,0.3125,0.0,0.5714285714285714,0
0.0,0.0003885003885003885,0.7508442899767206,0.006904355812122802,0.3125,0.0,0.5714285714285714,0
0.0,0.0003885003885003885,0.8534706055936261,0.006904355812122802,0.3125,0.0,0.5714285714285714,0
0.34375,0.01890701890701891,0.6741860388865208,0.006904355812122802,0.3125,0.0,0.5714285714285714,0
0.0,0.0003885003885003885,0.7936653660775763,0.006904355812122802,0.3125,0.0,0.5714285714285714,0
0.0,0.0003885003885003885,0.6414636545460507,0.0009511939123589609,0.3125,0.0,0.5714285714285714,0
0.0,0.0003885003885003885,0.6749401619725237,0.006904355812122802,0.3125,0.0,0.5714285714285714,0
0.0,0.0003885003885003885,0.681956785468376,0.006904355812122802,0.3125,0.0,0.5714285714285714,0
0.0,0.0003885003885003885,0.8646513000426244,0.006904355812122802,0.3125,0.0,0.5714285714285714,0
0.0,0.0003885003885003885,0.9013738155349356,0.006904355812122802,0.3125,0.0,0.5714285714285714,0
0.0,0.0003885003885003885,0.0013115184104396866,0.8425610076095512,0.3125,0.0,0.6071428571428571,0
0.0,0.0003885003885003885,0.5951014787370078,0.006904355812122802,0.3125,0.0,0.5714285714285714,0
0.0,0.0003885003885003885,0.8549460638053707,0.006904355812122802,0.3125,0.0,0.5714285714285714,0
0.0,0.0003885003885003885,0.8665857896980229,0.006904355812122802,0.3125,0.0,0.5714285714285714,0
0.0,0.012723387723387724,0.844945735925768,0.0009511939123589609,0.3125,0.0,0.8571428571428571,0
0.0,0.0003885003885003885,0.740843962097118,0.006904355812122802,0.3125,0.0,0.5714285714285714,0
0.0,0.0,0.6922849929505885,0.006904355812122802,0.3125,0.0,0.5714285714285714,0
0.0,0.0003885003885003885,0.6372995835929047,0.006904355812122802,0.3125,0.0,0.5714285714285714,0
0.0,0.0003885003885003885,0.5712318436670055,0.006904355812122802,0.3125,0.0,0.5714285714285714,0
0.03125,0.002072002072002072,0.7812387291386603,0.006904355812122802,0.3125,0.0,0.5714285714285714,0
0.0,0.0003885003885003885,0.7812059411783994,0.006904355812122802,0.3125,0.0,0.5714285714285714,0
0.03125,0.02981740481740482,0.8220597396635956,0.006904355812122802,0.3125,0.0,0.8571428571428571,0
0.0,0.0003885003885003885,0.7846158890455425,0.006904355812122802,0.3125,0.0,0.5714285714285714,0
0.0,0.0013921263921263922,0.6622840093117808,0.006904355812122802,0.3125,0.0,0.8571428571428571,0
0.0,0.001651126651126651,0.5699203252565658,0.006904355812122802,0.3125,0.0,0.8571428571428571,0
0.0,0.0003885003885003885,0.8422571231843667,0.006904355812122802,0.3125,0.0,0.5714285714285714,0
0.0,0.0006475006475006476,0.8555034591298075,0.006904355812122802,0.3125,0.0,0.07142857142857142,0
0.0,0.013532763532763534,0.7173677825502476,0.006904355812122802,0.3125,0.0,0.8571428571428571,0
0.0,0.0003885003885003885,0.6580871503983737,0.006904355812122802,0.3125,0.0,0.5714285714285714,0
0.0,0.0003885003885003885,0.8259942948949146,0.006904355812122802,0.3125,0.0,0.5714285714285714,0
0.0,0.0003885003885003885,0.8040919374405718,0.0009511939123589609,0.3125,0.0,0.5714285714285714,0
0.03125,0.002072002072002072,0.5791009541296436,0.006904355812122802,0.3125,0.0,0.5714285714285714,0
0.0,0.012982387982387983,0.9240302960752812,0.006904355812122802,0.3125,0.0,0.8571428571428571,0
0.0,0.0,0.5892652218105512,0.006904355812122802,0.3125,0.0,0.5714285714285714,0
0.0,0.017126392126392127,0.9971474474572937,0.006904355812122802,0.3125,0.0,0.8571428571428571,0
0.0,0.0003885003885003885,0.6215285747073674,0.006904355812122802,0.3125,0.0,0.5714285714285714,0
0.0,0.0006475006475006476,0.007262533197809765,0.7229401731828916,0.3125,0.0,0.6428571428571428,0
0.0,0.0003885003885003885,0.6304796878586183,0.006904355812122802,0.3125,0.0,0.5714285714285714,0
0.0,0.0003885003885003885,0.5725761500377061,0.006904355812122802,0.3125,0.0,0.5714285714285714,0
0.0,0.0,0.8426177907472376,0.006904355812122802,0.3125,0.0,0.5714285714285714,0
0.0,0.0003885003885003885,0.9097347454014886,0.006904355812122802,0.3125,0.0,0.5714285714285714,0
0.0,0.0003885003885003885,0.9195711334797863,0.006904355812122802,0.3125,0.0,0.5714285714285714,0
0.0,0.001651126651126651,0.5520508869143251,0.006904355812122802,0.3125,0.0,0.8571428571428571,0
0.0,0.0003885003885003885,0.5716252991901374,0.006904355812122802,0.3125,0.0,0.5714285714285714,0
0.0,0.0003885003885003885,0.6128725531984656,0.006904355812122802,0.3125,0.0,0.5714285714285714,0
0.0,0.0003885003885003885,0.6471359716712024,0.006904355812122802,0.3125,0.0,0.5714285714285714,0
0.0,0.0003885003885003885,0.9857044493262075,0.006904355812122802,0.3125,0.0,0.5714285714285714,0
0.09375,0.00543900543900544,0.9178005836256927,0.006904355812122802,0.3125,0.0,0.5714285714285714,0
0.03125,0.002072002072002072,0.619135053608315,0.006904355812122802,0.3125,0.0,0.5714285714285714,0
0.0,0.005892255892255893,0.6311682350240991,0.006904355812122802,0.3125,0.0,0.8571428571428571,0
0.0,0.0003885003885003885,0.828682907636316,0.006904355812122802,0.3125,0.0,0.5714285714285714,0
0.0,0.0003885003885003885,0.6888750450834454,0.0009511939123589609,0.3125,0.0,0.5714285714285714,0
0.03125,0.0016835016835016836,0.9916718580937081,0.006904355812122802,0.3125,0.0,0.5714285714285714,0
0.0,0.0006475006475006476,0.991934161775796,0.006904355812122802,0.3125,0.0,0.5714285714285714,0
0.0,0.0003885003885003885,0.992032525656579,0.006904355812122802,0.3125,0.0,0.5714285714285714,0
0.0,0.0,0.991999737696318,0.006904355812122802,0.3125,0.0,0.5714285714285714,0
0.03125,0.0012950012950012951,0.99173743401423,0.006904355812122802,0.3125,0.0,0.5714285714285714,0
0.0,0.0003885003885003885,0.8637004491950556,0.0009511939123589609,0.3125,0.0,0.5714285714285714,0
0.0,0.0003885003885003885,0.8730450178694383,0.006904355812122802,0.3125,0.0,0.5714285714285714,0
0.0,0.0,0.9938030755106725,0.006904355812122802,0.3125,0.0,0.5714285714285714,0
0.0,0.0013921263921263922,0.761828256664153,0.006904355812122802,0.3125,0.0,0.8571428571428571,0
0.0,0.0003885003885003885,0.7432046952359094,0.006904355812122802,0.3125,0.0,0.5714285714285714,0
0.0,0.0006475006475006476,0.007262533197809765,0.5650747835213854,0.3125,0.0,0.6428571428571428,0
0.0,0.0003885003885003885,0.9571133479786222,0.006904355812122802,0.3125,0.0,0.5714285714285714,0
0.0,0.0003885003885003885,0.757631397750746,0.006904355812122802,0.3125,0.0,0.5714285714285714,0
0.0,0.0003885003885003885,0.7624512279091118,0.006904355812122802,0.3125,0.0,0.5714285714285714,0
0.0,0.0,0.547886815961179,0.006904355812122802,0.3125,0.0,0.5714285714285714,0
0.0625,0.023310023310023312,0.9275386078232074,0.006904355812122802,0.3125,0.0,0.8571428571428571,0
0.0,0.0003885003885003885,0.6561526607429752,0.006904355812122802,0.3125,0.0,0.5714285714285714,0
0.0,0.0006475006475006476,0.007262533197809765,0.6728876935187614,0.3125,0.0,0.6428571428571428,0
0.0,0.017126392126392127,0.7161546280205908,0.006904355812122802,0.3125,0.0,0.8571428571428571,0
0.0,0.0003885003885003885,0.5739204564084068,0.006904355812122802,0.3125,0.0,0.5714285714285714,0
0.0,0.012755762755762757,0.6658578969802289,0.0009511939123589609,0.3125,0.0,0.8571428571428571,0
0.03125,0.003334628334628335,0.6304141119380964,0.006904355812122802,0.3125,0.0,0.8571428571428571,0
0.0,0.0,0.5701170530181318,0.006904355812122802,0.3125,0.0,0.5714285714285714,0
0.0,0.0003885003885003885,0.569100626250041,0.006904355812122802,0.3125,0.0,0.5714285714285714,0
0.0,0.0003885003885003885,0.9814092265320175,0.006904355812122802,0.3125,0.0,0.5714285714285714,0
0.0,0.0003885003885003885,0.9815731663333225,0.006904355812122802,0.3125,0.0,0.5714285714285714,0
0.0,0.0003885003885003885,0.9817043181743664,0.006904355812122802,0.3125,0.0,0.5714285714285714,0
0.0,0.0012950012950012951,0.0,0.02064746785620572,0.0,1.0,0.0,0
0.0,0.0003885003885003885,0.6180530509197023,0.006904355812122802,0.3125,0.0,0.6071428571428571,0
0.0,0.0011655011655011655,0.6538902914849667,0.006904355812122802,0.3125,0.0,0.8571428571428571,0
0.0,0.0003885003885003885,0.6341519394078494,0.006904355812122802,0.3125,0.0,0.5714285714285714,0
0.03125,0.002072002072002072,0.9110462638119283,0.006904355812122802,0.3125,0.0,0.5714285714285714,0
0.0,0.0003885003885003885,0.6838912751237746,0.006904355812122802,0.3125,0.0,0.5714285714285714,0
0.0,0.0003885003885003885,0.9531787927473032,0.006904355812122802,0.3125,0.0,0.5714285714285714,0
0.0,0.0003885003885003885,0.8987507787140562,0.006904355812122802,0.3125,0.0,0.5714285714285714,0
0.0,0.0003885003885003885,0.6053968982589594,0.006904355812122802,0.3125,0.0,0.5714285714285714,0
0.0,0.0038850038850038854,0.8585855273943408,0.006904355812122802,0.3125,0.0,0.8571428571428571,0
0.0,0.0013921263921263922,0.8770123610610184,0.006904355812122802,0.3125,0.0,0.8571428571428571,0
0.0,0.0003885003885003885,0.6423489294730975,0.006904355812122802,0.3125,0.0,0.5714285714285714,0
0.0,0.01673789173789174,0.9478343552247614,0.006904355812122802,0.3125,0.0,0.8571428571428571,0
0.0,0.0,0.9478999311452835,0.006904355812122802,0.3125,0.0,0.5714285714285714,0
0.0,0.0003885003885003885,0.7803534542116135,0.006904355812122802,0.3125,0.0,0.5714285714285714,0
0.0,0.0003885003885003885,0.5796255614938195,0.006904355812122802,0.3125,0.0,0.5714285714285714,0
0.0625,0.003755503755503756,0.7621233483065019,0.006904355812122802,0.3125,0.0,0.5714285714285714,0
0.0,0.0003885003885003885,0.8384865077543526,0.0009511939123589609,0.3125,0.0,0.5714285714285714,0
0.0,0.0003885003885003885,0.632053509951146,0.006904355812122802,0.3125,0.0,0.5714285714285714,0
0.0,0.0003885003885003885,0.5820518705531329,0.006904355812122802,0.3125,0.0,0.5714285714285714,0
0.0,0.0003885003885003885,0.9759992130889538,0.006904355812122802,0.3125,0.0,0.5714285714285714,0
0.0,0.0003885003885003885,0.9759336371684317,0.006904355812122802,0.3125,0.0,0.5714285714285714,0
0.0,0.0006475006475006476,0.6140201318076003,0.006904355812122802,0.3125,0.0,0.07142857142857142,0
0.0625,0.003755503755503756,0.9760647890094758,0.006904355812122802,0.3125,0.0,0.5714285714285714,0
0.0,0.0003885003885003885,0.5914948031082986,0.006904355812122802,0.3125,0.0,0.5714285714285714,0
0.0,0.0003885003885003885,0.632020721990885,0.006904355812122802,0.3125,0.0,0.5714285714285714,0
0.0,0.0003885003885003885,0.5914948031082986,0.006904355812122802,0.3125,0.0,0.5714285714285714,0
0.0,0.0003885003885003885,0.908160923308961,0.006904355812122802,0.3125,0.0,0.5714285714285714,0
0.0,0.0003885003885003885,0.6399226204137841,0.006904355812122802,0.3125,0.0,0.5714285714285714,0
0.0,0.0,0.8133381422341717,0.006904355812122802,0.3125,0.0,0.14285714285714285,0
0.0,0.0003885003885003885,0.9462605331322339,0.006904355812122802,0.3125,0.0,0.5714285714285714,0
0.0,0.0003885003885003885,0.5755926423817175,0.006904355812122802,0.3125,0.0,0.5714285714285714,0
0.0,0.0013921263921263922,0.6411685629037018,0.006904355812122802,0.3125,0.0,0.8571428571428571,0
0.03125,0.002072002072002072,0.6434965080822322,0.006904355812122802,0.3125,0.0,0.5714285714285714,0
0.0,0.0003885003885003885,0.9482278107478934,0.006904355812122802,0.3125,0.0,0.5714285714285714,0
0.0,0.0003885003885003885,0.9113413554542772,0.006904355812122802,0.3125,0.0,0.5714285714285714,0
0.03125,0.002072002072002072,0.7502213187317617,0.006904355812122802,0.3125,0.0,0.5714285714285714,0
0.0,0.0003885003885003885,0.5853634545394931,0.006904355812122802,0.3125,0.0,0.5714285714285714,0
0.0,0.0003885003885003885,0.9816387422538444,0.006904355812122802,0.3125,0.0,0.5714285714285714,0
0.0,0.0003885003885003885,0.5808387160234763,0.006904355812122802,0.3125,0.0,0.5714285714285714,0
0.0,0.0026223776223776225,0.5780845273615529,0.006904355812122802,0.3125,0.0,0.8571428571428571,0
0.0,0.0003885003885003885,0.6925800845929375,0.006904355812122802,0.3125,0.0,0.5714285714285714,0
0.0,0.017126392126392127,0.8263877504180466,0.006904355812122802,0.3125,0.0,0.8571428571428571,0
0.0,0.0003885003885003885,0.971146594970327,0.006904355812122802,0.3125,0.0,0.5714285714285714,0
0.0,0.0003885003885003885,0.5780517394012918,0.006904355812122802,0.3125,0.0,0.5714285714285714,0
0.0,0.0006475006475006476,0.007262533197809765,0.6622605615324061,0.3125,0.0,0.6428571428571428,0
0.0,0.0017482517482517485,0.5914948031082986,0.006904355812122802,0.3125,0.0,0.8571428571428571,0
0.0,0.0020396270396270395,0.7892062034820814,0.006904355812122802,0.3125,0.0,0.8571428571428571,0
0.0,0.0006475006475006476,0.007262533197809765,0.9856336919443714,0.3125,0.0,0.6428571428571428,0
0.0,0.046620046620046623,0.9507196957277289,0.006904355812122802,0.3125,0.0,0.8571428571428571,0
0.0,0.0003885003885003885,0.7020558051083642,0.006904355812122802,0.3125,0.0,0.5714285714285714,0
0.0,0.0003885003885003885,0.795042460408538,0.006904355812122802,0.3125,0.0,0.5714285714285714,0
0.0,0.0006475006475006476,0.007262533197809765,0.7955261086329046,0.3125,0.0,0.6428571428571428,0
0.0,0.0003885003885003885,0.8768812092199745,0.006904355812122802,0.3125,0.0,0.5714285714285714,0
0.0,0.006248381248381249,0.9736384799501623,0.006904355812122802,0.3125,0.0,0.8571428571428571,0
0.0,0.0,0.6021508901931211,0.006904355812122802,0.3125,0.0,0.5714285714285714,0
0.0,0.0006475006475006476,0.5766090691498083,0.006904355812122802,0.3125,0.0,0.07142857142857142,0
0.0,0.0003885003885003885,0.7261221679399325,0.006904355812122802,0.3125,0.0,0.5714285714285714,0
0.0,0.017126392126392127,0.7578281255123119,0.006904355812122802,0.3125,0.0,0.8571428571428571,0
0.0,0.0003885003885003885,0.5765762811895472,0.006904355812122802,0.3125,0.0,0.5714285714285714,0
0.0,0.0013921263921263922,0.8876356601855799,0.006904355812122802,0.3125,0.0,0.8571428571428571,0
0.0,0.0003885003885003885,0.6167415325092627,0.006904355812122802,0.3125,0.0,0.5714285714285714,0
0.0,0.0003885003885003885,0.6580215744778517,0.006904355812122802,0.3125,0.0,0.5714285714285714,0
0.0,0.010230510230510232,0.8722253188629135,0.006904355812122802,0.3125,0.0,0.8571428571428571,0
0.03125,0.002072002072002072,0.6913997180235418,0.006904355812122802,0.3125,0.0,0.5714285714285714,0
0.0,0.0003885003885003885,0.5563133217482541,0.006904355812122802,0.3125,0.0,0.5714285714285714,0
0.0,0.0003885003885003885,0.9740647234335552,0.006904355812122802,0.3125,0.0,0.5714285714285714,0
0.0,0.0,0.6553657496967114,0.006904355812122802,0.3125,0.0,0.14285714285714285,0
0.03125,0.002072002072002072,0.7390734122430244,0.006904355812122802,0.3125,0.0,0.5714285714285714,0
0.0,0.0003885003885003885,0.6913997180235418,0.006904355812122802,0.3125,0.0,0.5714285714285714,0
0.0,0.0003885003885003885,0.6664480802649267,0.006904355812122802,0.3125,0.0,0.5714285714285714,0
0.03125,0.002072002072002072,0.8323879471458081,0.006904355812122802,0.3125,0.0,0.5714285714285714,0
0.0,0.0003885003885003885,0.9001934489655399,0.006904355812122802,0.3125,0.0,0.5714285714285714,0
0.0,0.0003885003885003885,0.6664480802649267,0.006904355812122802,0.3125,0.0,0.5714285714285714,0
0.0,0.0003885003885003885,0.6037575002459097,0.006904355812122802,0.3125,0.0,0.5714285714285714,0
0.03125,0.002072002072002072,0.6876618905537887,0.006904355812122802,0.3125,0.0,0.5714285714285714,0
0.0,0.0012950012950012951,0.0,0.02064746785620572,0.0,1.0,0.0,0
0.0,0.0003885003885003885,0.9346535951998427,0.006904355812122802,0.3125,0.0,0.6071428571428571,0
0.0,0.0003885003885003885,0.9344896553985377,0.006904355812122802,0.3125,0.0,0.5714285714285714,0
0.0,0.0003885003885003885,0.9058001901701696,0.006904355812122802,0.3125,0.0,0.5714285714285714,0
0.03125,0.09583009583009584,0.6037575002459097,0.006904355812122802,0.3125,0.0,0.5714285714285714,0
0.0,0.0003885003885003885,0.6876946785140496,0.006904355812122802,0.3125,0.0,0.5714285714285714,0
0.0,0.0012950012950012951,0.0,0.02064746785620572,0.0,1.0,0.0,0
0.0,0.0003885003885003885,0.7115643135840519,0.0009511939123589609,0.3125,0.0,0.6071428571428571,0
0.03125,0.002072002072002072,0.7894685071641694,0.006904355812122802,0.3125,0.0,0.5714285714285714,0
0.03125,0.002072002072002072,0.539722613856192,0.006904355812122802,0.3125,0.0,0.5714285714285714,0
0.0,0.0003885003885003885,0.686579887865176,0.006904355812122802,0.3125,0.0,0.5714285714285714,0
0.15625,0.008806008806008807,0.539919341617758,0.006904355812122802,0.3125,0.0,0.5714285714285714,0
0.03125,0.002072002072002072,0.6677268107151054,0.006904355812122802,0.3125,0.0,0.5714285714285714,0
0.0,0.0003885003885003885,0.8100921341683334,0.006904355812122802,0.3125,0.0,0.5714285714285714,0
0.0,0.0003885003885003885,0.686579887865176,0.006904355812122802,0.3125,0.0,0.5714285714285714,0
0.0,0.0003885003885003885,0.8936358569133415,0.006904355812122802,0.3125,0.0,0.5714285714285714,0
0.0625,0.016381766381766385,0.5547722876159874,0.006904355812122802,0.3125,0.0,0.8571428571428571,0
0.0,0.0003885003885003885,0.5641168562903702,0.006904355812122802,0.3125,0.0,0.5714285714285714,0
0.0,0.0003885003885003885,0.8908488802911572,0.006904355812122802,0.3125,0.0,0.5714285714285714,0
0.0,0.0003885003885003885,0.5749040952162366,0.006904355812122802,0.3125,0.0,0.5714285714285714,0
0.0,0.0,0.6744811305288698,0.006904355812122802,0.3125,0.0,0.5714285714285714,0
0.0,0.0003885003885003885,0.6765795599855733,0.006904355812122802,0.3125,0.0,0.5714285714285714,0
0.0,0.0003885003885003885,0.8169448178628808,0.006904355812122802,0.3125,0.0,0.5714285714285714,0
0.0,0.0003885003885003885,0.007262533197809765,0.56274599842561,0.3125,0.0,0.6071428571428571,0
0.0,0.0006475006475006476,0.0013115184104396866,0.6425806874836001,0.3125,0.0,0.6428571428571428,0
0.0,0.0003885003885003885,0.8071740057051051,0.006904355812122802,0.3125,0.0,0.5714285714285714,0
0.0,0.0003885003885003885,0.007262533197809765,0.5788506953555497,0.3125,0.0,0.6071428571428571,0
0.0,0.0003885003885003885,0.6433653562411883,0.0009511939123589609,0.3125,0.0,0.5714285714285714,0
0.0,0.0003885003885003885,0.686579887865176,0.006904355812122802,0.3125,0.0,0.5714285714285714,0
0.0,0.017126392126392127,0.6368733401095118,0.006904355812122802,0.3125,0.0,0.8571428571428571,0
0.0625,0.003755503755503756,0.564870979376373,0.006904355812122802,0.3125,0.0,0.5714285714285714,0
0.03125,0.002072002072002072,0.590183284697859,0.006904355812122802,0.3125,0.0,0.5714285714285714,0
0.0,0.0003885003885003885,0.5630020656414965,0.006904355812122802,0.3125,0.0,0.5714285714285714,0
0.0,0.0003885003885003885,0.7127118921931866,0.006904355812122802,0.3125,0.0,0.5714285714285714,0
0.0,0.0003885003885003885,0.9828846847437621,0.006904355812122802,0.3125,0.0,0.5714285714285714,0
0.0,0.0003885003885003885,0.7068100593462081,0.006904355812122802,0.3125,0.0,0.5714285714285714,0
0.0,0.0,0.8554706711695466,0.006904355812122802,0.3125,0.0,0.5714285714285714,0
0.0,0.0003885003885003885,0.6411357749434408,0.006904355812122802,0.3125,0.0,0.5714285714285714,0
0.0,0.0003885003885003885,0.7919276041837437,0.006904355812122802,0.3125,0.0,0.6071428571428571,0
0.0,0.0,0.8574379487852061,0.006904355812122802,0.3125,0.0,0.5714285714285714,0
0.0,0.0003885003885003885,0.7068100593462081,0.006904355812122802,0.3125,0.0,0.5714285714285714,0
0.0,0.0,0.615266074297518,0.006904355812122802,0.3125,0.0,0.14285714285714285,0
0.0,0.0003885003885003885,0.8294698186825797,0.006904355812122802,0.3125,0.0,0.5714285714285714,0
0.0,0.0003885003885003885,0.9641955473949966,0.006904355812122802,0.3125,0.0,0.5714285714285714,0
0.0,0.0003885003885003885,0.8299616380864947,0.006904355812122802,0.3125,0.0,0.5714285714285714,0
0.0,0.0003885003885003885,0.5452965671005607,0.006904355812122802,0.3125,0.0,0.5714285714285714,0
0.0,0.0003885003885003885,0.6889406210039674,0.006904355812122802,0.3125,0.0,0.5714285714285714,0
0.0,0.0003885003885003885,0.7222859765893964,0.006904355812122802,0.3125,0.0,0.5714285714285714,0
0.0,0.0003885003885003885,0.9937047116298895,0.006904355812122802,0.3125,0.0,0.5714285714285714,0
0.0,0.0003885003885003885,0.640086560215089,0.006904355812122802,0.3125,0.0,0.5714285714285714,0
0.03125,0.002072002072002072,0.7587461883996197,0.006904355812122802,0.3125,0.0,0.5714285714285714,0
0.0,0.0,0.9848519623594216,0.006904355812122802,0.3125,0.0,0.5714285714285714,0
0.0,0.0,0.9847863864388997,0.006904355812122802,0.3125,0.0,0.5714285714285714,0
0.0,0.0,0.9848191743991607,0.006904355812122802,0.3125,0.0,0.5714285714285714,0
0.0,0.0003885003885003885,0.5452965671005607,0.006904355812122802,0.3125,0.0,0.5714285714285714,0
0.0,0.0003885003885003885,0.6003803403390275,0.006904355812122802,0.3125,0.0,0.5714285714285714,0
0.0,0.0003885003885003885,0.6013639791468572,0.006904355812122802,0.3125,0.0,0.5714285714285714,0
0.03125,0.002072002072002072,0.6014951309879013,0.006904355812122802,0.3125,0.0,0.5714285714285714,0
0.0,0.0003885003885003885,0.5782484671628578,0.006904355812122802,0.3125,0.0,0.5714285714285714,0
0.0,0.0003885003885003885,0.8944555559198663,0.006904355812122802,0.3125,0.0,0.5714285714285714,0
0.0,0.0003885003885003885,0.8719630151808256,0.006904355812122802,0.3125,0.0,0.6071428571428571,0
0.0,0.0012950012950012951,0.0,0.02064746785620572,0.0,1.0,0.0,0
0.0,0.0003885003885003885,0.6364798845863799,0.006904355812122802,0.3125,0.0,0.5714285714285714,0
0.0,0.0003885003885003885,0.9395717892389914,0.006904355812122802,0.3125,0.0,0.5714285714285714,0
0.03125,0.00857938357938358,0.9352765664448015,0.006904355812122802,0.3125,0.0,0.8571428571428571,0
0.0,0.0003885003885003885,0.640086560215089,0.006904355812122802,0.3125,0.0,0.5714285714285714,0
0.0,0.0,0.736384799501623,0.006904355812122802,0.3125,0.0,0.5714285714285714,0
0.0,0.0006475006475006476,0.5846749073740123,0.006904355812122802,0.3125,0.0,0.07142857142857142,0
0.0,0.0,0.9904259156037903,0.006904355812122802,0.3125,0.0,0.5714285714285714,0
0.0,0.010133385133385134,0.581756778910784,0.006904355812122802,0.3125,0.0,0.8571428571428571,0
0.0,0.017126392126392127,0.6709072428604217,0.006904355812122802,0.3125,0.0,0.8571428571428571,0
0.03125,0.002072002072002072,0.8216990721007247,0.006904355812122802,0.3125,0.0,0.5714285714285714,0
0.0,0.0013921263921263922,0.552739434079806,0.006904355812122802,0.3125,0.0,0.8571428571428571,0
0.0,0.0003885003885003885,0.8796681858421588,0.006904355812122802,0.3125,0.0,0.5714285714285714,0
0.0,0.0003885003885003885,0.8797993376832027,0.006904355812122802,0.3125,0.0,0.5714285714285714,0
0.0,0.0003885003885003885,0.966687432374832,0.006904355812122802,0.3125,0.0,0.5714285714285714,0
0.0,0.0003885003885003885,0.79081281353487,0.006904355812122802,0.3125,0.0,0.5714285714285714,0
0.03125,0.002072002072002072,0.9490802977146792,0.006904355812122802,0.3125,0.0,0.5714285714285714,0
0.0,0.0003885003885003885,0.7914357847798289,0.006904355812122802,0.3125,0.0,0.5714285714285714,0
0.0625,0.003755503755503756,0.9507196957277289,0.006904355812122802,0.3125,0.0,0.5714285714285714,0
0.0,0.0003885003885003885,0.5419521951539394,0.006904355812122802,0.3125,0.0,0.5714285714285714,0
0.0,0.0003885003885003885,0.812092199744254,0.006904355812122802,0.3125,0.0,0.5714285714285714,0
0.0,0.0003885003885003885,0.9471785960195417,0.006904355812122802,0.3125,0.0,0.5714285714285714,0
0.0,0.001651126651126651,0.707137938948818,0.006904355812122802,0.3125,0.0,0.8571428571428571,0
0.0,0.0003885003885003885,0.5485425751663989,0.006904355812122802,0.3125,0.0,0.5714285714285714,0
0.0,0.0003885003885003885,0.8490442309583921,0.006904355812122802,0.3125,0.0,0.5714285714285714,0
0.0,0.0003885003885003885,0.7800911505295256,0.006904355812122802,0.3125,0.0,0.5714285714285714,0
0.0,0.001651126651126651,0.9652447621233483,0.006904355812122802,0.3125,0.0,0.8571428571428571,0
0.0,0.0,0.007262533197809765,0.8513513513513513,0.3125,0.0,0.14285714285714285,0
0.0,0.0003885003885003885,0.5842486638906194,0.006904355812122802,0.3125,0.0,0.5714285714285714,0
0.0,0.0003885003885003885,0.632119085871668,0.006904355812122802,0.3125,0.0,0.5714285714285714,0
0.0,0.0003885003885003885,0.8430112462703695,0.006904355812122802,0.3125,0.0,0.5714285714285714,0
0.0,0.017126392126392127,0.9358339617692384,0.006904355812122802,0.3125,0.0,0.8571428571428571,0
0.03125,0.002072002072002072,0.6210039673431916,0.006904355812122802,0.3125,0.0,0.5714285714285714,0
0.0,0.0003885003885003885,0.5377225482802716,0.006904355812122802,0.3125,0.0,0.5714285714285714,0
0.0,0.0003885003885003885,0.7175317223515525,0.006904355812122802,0.3125,0.0,0.5714285714285714,0
0.0,0.0003885003885003885,0.9131446932686318,0.006904355812122802,0.3125,0.0,0.5714285714285714,0
0.0,0.0003885003885003885,0.5487720908882259,0.006904355812122802,0.3125,0.0,0.5714285714285714,0
0.0,0.0003885003885003885,0.5518869471130201,0.006904355812122802,0.3125,0.0,0.5714285714285714,0
0.0,0.0003885003885003885,0.9819010459359324,0.006904355812122802,0.3125,0.0,0.5714285714285714,0
0.0,0.0003885003885003885,0.857929768189121,0.006904355812122802,0.3125,0.0,0.5714285714285714,0
0.0,0.0003885003885003885,0.9014721794157186,0.006904355812122802,0.3125,0.0,0.5714285714285714,0
0.0,0.0,0.9716712023345028,0.006904355812122802,0.3125,0.0,0.5714285714285714,0
0.0,0.0003885003885003885,0.761598740942326,0.006904355812122802,0.3125,0.0,0.5714285714285714,0
0.0,0.0003885003885003885,0.6780878061575789,0.006904355812122802,0.3125,0.0,0.5714285714285714,0
0.0,0.0003885003885003885,0.5809042919439982,0.006904355812122802,0.3125,0.0,0.5714285714285714,0
0.0,0.0003885003885003885,0.7243844060460999,0.006904355812122802,0.3125,0.0,0.5714285714285714,0
0.03125,0.002072002072002072,0.6038886520869536,0.006904355812122802,0.3125,0.0,0.5714285714285714,0
0.03125,0.005341880341880342,0.6898914718515361,0.006904355812122802,0.3125,0.0,0.8571428571428571,0
0.0,0.0006475006475006476,0.007262533197809765,0.6534702177906061,0.3125,0.0,0.6428571428571428,0
0.0,0.0003885003885003885,0.8765533296173645,0.006904355812122802,0.3125,0.0,0.5714285714285714,0
0.0,0.004467754467754468,0.6054952621397424,0.006904355812122802,0.3125,0.0,0.8571428571428571,0
0.0,0.0003885003885003885,0.6053968982589594,0.006904355812122802,0.3125,0.0,0.5714285714285714,0
0.0,0.0003885003885003885,0.8764221777763206,0.006904355812122802,0.3125,0.0,0.5714285714285714,0
0.0,0.0003885003885003885,0.8340601331191186,0.006904355812122802,0.3125,0.0,0.5714285714285714,0
0.0,0.0003885003885003885,0.8469130135414277,0.006904355812122802,0.3125,0.0,0.5714285714285714,0
0.0,0.0003885003885003885,0.581396111347913,0.006904355812122802,0.3125,0.0,0.5714285714285714,0
0.0,0.004176379176379176,0.564641463654546,0.006904355812122802,0.3125,0.0,0.8571428571428571,0
0.03125,0.002072002072002072,0.7252368930128857,0.006904355812122802,0.3125,0.0,0.5714285714285714,0
0.0,0.0003885003885003885,0.8765533296173645,0.006904355812122802,0.3125,0.0,0.5714285714285714,0
0.0,0.003043253043253043,0.8676022164661137,0.006904355812122802,0.3125,0.0,0.8571428571428571,0
0.0,0.0011655011655011655,0.8698317977638611,0.006904355812122802,0.3125,0.0,0.8571428571428571,0
0.0,0.005277130277130277,0.8700941014459491,0.006904355812122802,0.3125,0.0,0.8571428571428571,0
0.0,0.0003885003885003885,0.8697990098036001,0.006904355812122802,0.3125,0.0,0.5714285714285714,0
0.0,0.0003885003885003885,0.8764221777763206,0.006904355812122802,0.3125,0.0,0.5714285714285714,0
0.0,0.0,0.007262533197809765,0.8333442665966937,0.3125,0.0,0.14285714285714285,0
0.0,0.0003885003885003885,0.9968195678546838,0.006904355812122802,0.3125,0.0,0.5714285714285714,0
0.0,0.0003885003885003885,0.8998655693629299,0.006904355812122802,0.3125,0.0,0.5714285714285714,0
0.0,0.012723387723387724,0.975179514082429,0.0009511939123589609,0.3125,0.0,0.8571428571428571,0
0.03125,0.002072002072002072,0.5706416603823077,0.006904355812122802,0.3125,0.0,0.5714285714285714,0
0.0,0.0003885003885003885,0.9263582412538116,0.006904355812122802,0.3125,0.0,0.5714285714285714,0
0.0,0.0003885003885003885,0.6742844027673038,0.006904355812122802,0.3125,0.0,0.5714285714285714,0
0.0,0.0003885003885003885,0.6603495196563822,0.006904355812122802,0.3125,0.0,0.5714285714285714,0
0.0,0.0,0.6536935637234008,0.006904355812122802,0.3125,0.0,0.5714285714285714,0
0.03125,0.015831390831390832,0.6581527263188958,0.006904355812122802,0.3125,0.0,0.8571428571428571,0
0.0,0.01265863765863766,0.6409718351421358,0.0009511939123589609,0.3125,0.0,0.8571428571428571,0
0.0,0.0,0.007262533197809765,0.8412818157963788,0.3125,0.0,0.14285714285714285,0
0.0,0.0003885003885003885,0.6631692842388275,0.006904355812122802,0.3125,0.0,0.5714285714285714,0
0.0,0.0003885003885003885,0.9216695629364897,0.006904355812122802,0.3125,0.0,0.5714285714285714,0
0.0,0.0003885003885003885,0.7787468441588249,0.006904355812122802,0.3125,0.0,0.5714285714285714,0
0.0,0.0003885003885003885,0.5756254303419784,0.006904355812122802,0.3125,0.0,0.5714285714285714,0
0.0,0.0006475006475006476,0.6166759565887406,0.006904355812122802,0.3125,0.0,0.07142857142857142,0
0.0,0.0003885003885003885,0.7415325092625988,0.006904355812122802,0.3125,0.0,0.5714285714285714,0
0.0,0.0024605024605024606,0.5618544870323617,0.006904355812122802,0.3125,0.0,0.8571428571428571,0
0.0,0.0003885003885003885,0.6210367553034526,0.006904355812122802,0.3125,0.0,0.5714285714285714,0
0.0,0.0003885003885003885,0.9263582412538116,0.006904355812122802,0.3125,0.0,0.5714285714285714,0
0.0,0.0015216265216265218,0.6581527263188958,0.006904355812122802,0.3125,0.0,0.8571428571428571,0
0.0,0.0003885003885003885,0.9263582412538116,0.006904355812122802,0.3125,0.0,0.5714285714285714,0
0.0,0.017935767935767937,0.6581527263188958,0.006904355812122802,0.3125,0.0,0.8571428571428571,0
0.0,0.0003885003885003885,0.9263582412538116,0.006904355812122802,0.3125,0.0,0.5714285714285714,0
0.0,0.0003885003885003885,0.8518639955408375,0.006904355812122802,0.3125,0.0,0.5714285714285714,0
0.0,0.0003885003885003885,0.6743827666480868,0.006904355812122802,0.3125,0.0,0.6071428571428571,0
0.0,0.0012950012950012951,0.0,0.02064746785620572,0.0,1.0,0.0,0
0.0,0.0003885003885003885,0.9263582412538116,0.006904355812122802,0.3125,0.0,0.5714285714285714,0
0.0,0.0013921263921263922,0.611134791304633,0.006904355812122802,0.3125,0.0,0.8571428571428571,0
0.0,0.0011331261331261333,0.6536935637234008,0.006904355812122802,0.3125,0.0,0.8571428571428571,0
0.0,0.0006475006475006476,0.007262533197809765,0.6221792180530044,0.3125,0.0,0.6428571428571428,0
0.0,0.0003885003885003885,0.5575592642381718,0.006904355812122802,0.3125,0.0,0.5714285714285714,0
0.0,0.009291634291634293,0.7163841437424178,0.006904355812122802,0.3125,0.0,0.8571428571428571,0
0.03125,0.002072002072002072,0.6014951309879013,0.006904355812122802,0.3125,0.0,0.5714285714285714,0
0.0,0.0,0.7110397062198761,0.006904355812122802,0.3125,0.0,0.5714285714285714,0
0.0,0.0003885003885003885,0.5677891078396013,0.006904355812122802,0.3125,0.0,0.5714285714285714,0
0.0,0.0003885003885003885,0.6440866913669301,0.006904355812122802,0.3125,0.0,0.5714285714285714,0
0.0,0.0003885003885003885,0.5684448670448211,0.006904355812122802,0.3125,0.0,0.5714285714285714,0
0.0,0.0012950012950012951,0.5686743827666481,0.006904355812122802,0.3125,0.0,0.5714285714285714,0
0.0,0.0003885003885003885,0.569100626250041,0.006904355812122802,0.3125,0.0,0.5714285714285714,0
0.0,0.0003885003885003885,0.5430341978425522,0.006904355812122802,0.3125,0.0,0.5714285714285714,0
0.0,0.0003885003885003885,0.7286796288402899,0.006904355812122802,0.3125,0.0,0.5714285714285714,0
0.0,0.0003885003885003885,0.007262533197809765,0.839674626082393,0.3125,0.0,0.6071428571428571,0
0.0,0.0010360010360010359,0.8398636020853143,0.006904355812122802,0.3125,0.0,0.5714285714285714,0
0.0,0.0003885003885003885,0.7757959277353356,0.006904355812122802,0.3125,0.0,0.5714285714285714,0
0.0,0.0003885003885003885,0.5423784386373324,0.006904355812122802,0.3125,0.0,0.5714285714285714,0
0.0,0.0003885003885003885,0.7821240040657071,0.006904355812122802,0.3125,0.0,0.5714285714285714,0
0.0,0.0011655011655011655,0.5675268041575133,0.006904355812122802,0.3125,0.0,0.8571428571428571,0
0.03125,0.0056656306656306665,0.8398636020853143,0.006904355812122802,0.3125,0.0,0.8571428571428571,0
0.03125,0.0016835016835016836,0.7159906882192859,0.006904355812122802,0.3125,0.0,0.5714285714285714,0
0.0,0.0003885003885003885,0.9435063444703106,0.006904355812122802,0.3125,0.0,0.5714285714285714,0
0.0,0.0003885003885003885,0.5879864913603725,0.006904355812122802,0.3125,0.0,0.5714285714285714,0
0.0,0.0,0.6368077641889899,0.006904355812122802,0.3125,0.0,0.5714285714285714,0
0.0,0.0003885003885003885,0.007262533197809765,0.569240356861716,0.3125,0.0,0.6071428571428571,0
0.0,0.0003885003885003885,0.007262533197809765,0.6900091839412227,0.3125,0.0,0.6071428571428571,0
0.0,0.0,0.7159906882192859,0.006904355812122802,0.3125,0.0,0.5714285714285714,0
0.0,0.0003885003885003885,0.9221941703006656,0.006904355812122802,0.3125,0.0,0.5714285714285714,0
0.03125,0.002072002072002072,0.6518902259090462,0.006904355812122802,0.3125,0.0,0.5714285714285714,0
0.0,0.0003885003885003885,0.7188760287222532,0.006904355812122802,0.3125,0.0,0.5714285714285714,0
0.0,0.0003885003885003885,0.7851077084494574,0.006904355812122802,0.3125,0.0,0.5714285714285714,0
0.03125,0.002072002072002072,0.6497262205318207,0.006904355812122802,0.3125,0.0,0.5714285714285714,0
0.0,0.0003885003885003885,0.8666513656185449,0.0009511939123589609,0.3125,0.0,0.5714285714285714,0
0.03125,0.002072002072002072,0.5731663333224041,0.006904355812122802,0.3125,0.0,0.5714285714285714,0
0.0,0.0003885003885003885,0.7214334896226106,0.006904355812122802,0.3125,0.0,0.5714285714285714,0
0.03125,0.003334628334628335,0.9324240139020952,0.006904355812122802,0.3125,0.0,0.8571428571428571,0
0.0,0.0,0.7213679137020886,0.006904355812122802,0.3125,0.0,0.14285714285714285,0
0.0,0.0003885003885003885,0.007262533197809765,0.6495998425610076,0.3125,0.0,0.6071428571428571,0
0.0,0.0006475006475006476,0.6099872126954983,0.006904355812122802,0.3125,0.0,0.07142857142857142,0
0.0,0.0003885003885003885,0.8067149742614512,0.006904355812122802,0.3125,0.0,0.5714285714285714,0
0.0,0.001651126651126651,0.7008098626184466,0.006904355812122802,0.3125,0.0,0.8571428571428571,0
0.0,0.0003885003885003885,0.7278927177940261,0.006904355812122802,0.3125,0.0,0.5714285714285714,0
0.0,0.0003885003885003885,0.9532115807075642,0.006904355812122802,0.3125,0.0,0.5714285714285714,0
0.0,0.017126392126392127,0.9190793140758714,0.006904355812122802,0.3125,0.0,0.8571428571428571,0
0.0,0.0003885003885003885,0.8092724351618086,0.006904355812122802,0.3125,0.0,0.5714285714285714,0
0.0,0.0003885003885003885,0.8058624872946655,0.006904355812122802,0.3125,0.0,0.5714285714285714,0
0.0,0.017126392126392127,0.9113085674940162,0.006904355812122802,0.3125,0.0,0.8571428571428571,0
0.0,0.0003885003885003885,0.8065510344601463,0.006904355812122802,0.3125,0.0,0.5714285714285714,0
0.0,0.0003885003885003885,0.6674972949932785,0.006904355812122802,0.3125,0.0,0.5714285714285714,0
0.0,0.0003885003885003885,0.7404832945342471,0.006904355812122802,0.3125,0.0,0.5714285714285714,0
0.0,0.0003885003885003885,0.6668743237483197,0.006904355812122802,0.3125,0.0,0.5714285714285714,0
0.0625,0.003755503755503756,0.899799993442408,0.006904355812122802,0.3125,0.0,0.5714285714285714,0
0.0,0.0003885003885003885,0.711597101544313,0.006904355812122802,0.3125,0.0,0.5714285714285714,0
0.0,0.0003885003885003885,0.6034296206432997,0.006904355812122802,0.3125,0.0,0.5714285714285714,0
0.0,0.01227013727013727,0.5667398931112496,0.006904355812122802,0.3125,0.0,0.8571428571428571,0
0.0,0.0003885003885003885,0.933407652709925,0.006904355812122802,0.3125,0.0,0.5714285714285714,0
0.0,0.0,0.8757664185711007,0.006904355812122802,0.3125,0.0,0.5714285714285714,0
0.0,0.0003885003885003885,0.875012295485098,0.006904355812122802,0.3125,0.0,0.5714285714285714,0
0.0,0.0003885003885003885,0.8877012361061019,0.006904355812122802,0.3125,0.0,0.5714285714285714,0
0.0,0.0003885003885003885,0.8877995999868848,0.006904355812122802,0.3125,0.0,0.5714285714285714,0
0.0625,0.003755503755503756,0.6222499098331093,0.006904355812122802,0.3125,0.0,0.5714285714285714,0
0.0,0.0,0.803436178235352,0.006904355812122802,0.3125,0.0,0.5714285714285714,0
0.0,0.0003885003885003885,0.70720351486934,0.006904355812122802,0.3125,0.0,0.5714285714285714,0
0.0,0.0,0.803534542116135,0.006904355812122802,0.3125,0.0,0.5714285714285714,0
0.0,0.0,0.803567330076396,0.006904355812122802,0.3125,0.0,0.5714285714285714,0
0.0,0.0,0.803501754155874,0.006904355812122802,0.3125,0.0,0.5714285714285714,0
0.0,0.0003885003885003885,0.5623135184760156,0.006904355812122802,0.3125,0.0,0.5714285714285714,0
0.0,0.0003885003885003885,0.7975015574281125,0.006904355812122802,0.3125,0.0,0.5714285714285714,0
0.0,0.0003885003885003885,0.7980917407128103,0.006904355812122802,0.3125,0.0,0.5714285714285714,0
0.0,0.031112406112406118,0.5925112298763894,0.006904355812122802,0.3125,0.0,0.8571428571428571,0
0.0,0.0003885003885003885,0.820125250008197,0.006904355812122802,0.3125,0.0,0.5714285714285714,0
0.0,0.0003885003885003885,0.966490704613266,0.006904355812122802,0.3125,0.0,0.6071428571428571,0
0.03125,0.006993006993006994,0.70720351486934,0.006904355812122802,0.3125,0.0,0.8571428571428571,0
0.0,0.0018453768453768455,0.8007803534542116,0.006904355812122802,0.3125,0.0,0.8571428571428571,0
0.0,0.0003885003885003885,0.610642971900718,0.006904355812122802,0.3125,0.0,0.5714285714285714,0
0.0,0.003755503755503756,0.70720351486934,0.006904355812122802,0.3125,0.0,0.8571428571428571,0
0.0,0.0003885003885003885,0.7143512902062363,0.006904355812122802,0.3125,0.0,0.5714285714285714,0
0.0,0.0018777518777518777,0.9503590281648578,0.006904355812122802,0.3125,0.0,0.8571428571428571,0
0.0,0.0012950012950012951,0.0,0.02064746785620572,0.0,1.0,0.0,0
0.0,0.0003885003885003885,0.5488704547690089,0.006904355812122802,0.3125,0.0,0.6071428571428571,0
0.03125,0.002072002072002072,0.5588379946883505,0.006904355812122802,0.3125,0.0,0.5714285714285714,0
0.0,0.0003885003885003885,0.9757696973671268,0.006904355812122802,0.3125,0.0,0.5714285714285714,0
0.0,0.0003885003885003885,0.6002164005377225,0.006904355812122802,0.3125,0.0,0.5714285714285714,0
0.0,0.0003885003885003885,0.9532115807075642,0.006904355812122802,0.3125,0.0,0.5714285714285714,0
0.0,0.0003885003885003885,0.9483261746286764,0.006904355812122802,0.3125,0.0,0.5714285714285714,0
0.0,0.0003885003885003885,0.8101249221285944,0.006904355812122802,0.3125,0.0,0.5714285714285714,0
0.0,0.012432012432012434,0.6335945440834126,0.006904355812122802,0.3125,0.0,0.8571428571428571,0
0.0,0.0003885003885003885,0.007262533197809765,0.633987142482288,0.3125,0.0,0.6071428571428571,0
0.0,0.0003885003885003885,0.812092199744254,0.006904355812122802,0.3125,0.0,0.5714285714285714,0
0.0,0.0003885003885003885,0.7891406275615594,0.006904355812122802,0.3125,0.0,0.5714285714285714,0
0.0,0.0003885003885003885,0.9909177350077052,0.006904355812122802,0.3125,0.0,0.5714285714285714,0
0.03125,0.023763273763273765,0.6370372799108168,0.006904355812122802,0.3125,0.0,0.8571428571428571,0
0.0,0.0003885003885003885,0.9779337027443523,0.006904355812122802,0.3125,0.0,0.5714285714285714,0
0.0,0.0003885003885003885,0.8817994032591233,0.006904355812122802,0.3125,0.0,0.5714285714285714,0
0.0,0.0003885003885003885,0.678218957998623,0.006904355812122802,0.3125,0.0,0.5714285714285714,0
0.0,0.0003885003885003885,0.9690153775533624,0.006904355812122802,0.3125,0.0,0.5714285714285714,0
0.125,0.009647759647759649,0.8099937702875505,0.006904355812122802,0.3125,0.0,0.8571428571428571,0
0.0,0.0003885003885003885,0.6224138496344143,0.006904355812122802,0.3125,0.0,0.5714285714285714,0
0.03125,0.0019425019425019425,0.6668743237483197,0.006904355812122802,0.3125,0.0,0.21428571428571427,0
0.0,0.0013921263921263922,0.5558215023443391,0.006904355812122802,0.3125,0.0,0.8571428571428571,0
0.0,0.0003885003885003885,0.5978228794386702,0.006904355812122802,0.3125,0.0,0.5714285714285714,0
0.0,0.0003885003885003885,0.6393324371290863,0.006904355812122802,0.3125,0.0,0.5714285714285714,0
0.0,0.006863506863506865,0.7564182432210892,0.006904355812122802,0.3125,0.0,0.8571428571428571,0
0.0,0.0003885003885003885,0.652709924915571,0.006904355812122802,0.3125,0.0,0.5714285714285714,0
0.0,0.0,0.962261057739598,0.006904355812122802,0.3125,0.0,0.14285714285714285,0
0.0,0.0003885003885003885,0.686186432342044,0.006904355812122802,0.3125,0.0,0.5714285714285714,0
0.0,0.008611758611758613,0.9992786648742582,0.006904355812122802,0.3125,0.0,0.8571428571428571,0
0.0,0.006895881895881896,0.9285878225515591,0.006904355812122802,0.3125,0.0,0.8571428571428571,0
0.0,0.0003885003885003885,0.564903767336634,0.006904355812122802,0.3125,0.0,0.5714285714285714,0
0.0,0.0003885003885003885,0.5796911374143415,0.006904355812122802,0.3125,0.0,0.5714285714285714,0
0.03125,0.002072002072002072,0.5720187547132694,0.006904355812122802,0.3125,0.0,0.5714285714285714,0
0.0,0.006021756021756022,0.7932063346339224,0.006904355812122802,0.3125,0.0,0.8571428571428571,0
0.0625,0.012755762755762757,0.6979573100757402,0.006904355812122802,0.3125,0.0,0.8571428571428571,0
0.0,0.01825951825951826,0.7263188957014984,0.006904355812122802,0.3125,0.0,0.8571428571428571,0
0.0,0.0003885003885003885,0.6052657464179154,0.006904355812122802,0.3125,0.0,0.5714285714285714,0
0.0,0.0003885003885003885,0.9148496672022034,0.006904355812122802,0.3125,0.0,0.5714285714285714,0
0.0,0.0003885003885003885,0.6492999770484278,0.006904355812122802,0.3125,0.0,0.5714285714285714,0
0.0,0.0,0.7480901013147973,0.0009511939123589609,0.3125,0.0,0.5714285714285714,0
0.0,0.0003885003885003885,0.5887406144463753,0.006904355812122802,0.3125,0.0,0.5714285714285714,0
0.0625,0.003755503755503756,0.539853765697236,0.006904355812122802,0.3125,0.0,0.5714285714285714,0
0.0,0.0003885003885003885,0.65300501655792,0.006904355812122802,0.3125,0.0,0.5714285714285714,0
0.0,0.0003885003885003885,0.9528837011049542,0.0009511939123589609,0.3125,0.0,0.5714285714285714,0
0.0,0.0,0.9532771566280862,0.0009511939123589609,0.3125,0.0,0.14285714285714285,0
0.0625,0.003755503755503756,0.6171677759926555,0.006904355812122802,0.3125,0.0,0.5714285714285714,0
0.0,0.0003885003885003885,0.9988196334306043,0.006904355812122802,0.3125,0.0,0.5714285714285714,0
0.0,0.0003885003885003885,0.803206662513525,0.006904355812122802,0.3125,0.0,0.5714285714285714,0
0.0,0.0003885003885003885,0.8386176595953966,0.0009511939123589609,0.3125,0.0,0.5714285714285714,0
0.0,0.0003885003885003885,0.8239614413587331,0.006904355812122802,0.3125,0.0,0.5714285714285714,0
0.0,0.0003885003885003885,0.8898980294435883,0.006904355812122802,0.3125,0.0,0.5714285714285714,0
0.0,0.0003885003885003885,0.5856913341421031,0.006904355812122802,0.3125,0.0,0.5714285714285714,0
0.0,0.0011655011655011655,0.9157349421292502,0.006904355812122802,0.3125,0.0,0.8571428571428571,0
0.0,0.0003885003885003885,0.9087511065936589,0.006904355812122802,0.3125,0.0,0.5714285714285714,0
0.0,0.0003885003885003885,0.8386176595953966,0.0009511939123589609,0.3125,0.0,0.5714285714285714,0
0.0,0.0003885003885003885,0.5994950654119807,0.006904355812122802,0.3125,0.0,0.5714285714285714,0
0.0,0.0034641284641284647,0.7420571166267746,0.006904355812122802,0.3125,0.0,0.8571428571428571,0
0.0,0.0003885003885003885,0.9677038591429228,0.006904355812122802,0.3125,0.0,0.5714285714285714,0
0.0,0.0003885003885003885,0.8420603954228008,0.0009511939123589609,0.3125,0.0,0.5714285714285714,0
0.0,0.003528878528878529,0.8898980294435883,0.006904355812122802,0.3125,0.0,0.8571428571428571,0
0.0,0.004467754467754468,0.6155611659398669,0.006904355812122802,0.3125,0.0,0.8571428571428571,0
0.0,0.0003885003885003885,0.9301616446440867,0.006904355812122802,0.3125,0.0,0.5714285714285714,0
0.0,0.004338254338254339,0.9677038591429228,0.006904355812122802,0.3125,0.0,0.8571428571428571,0
0.0,0.001651126651126651,0.9144234237188105,0.006904355812122802,0.3125,0.0,0.8571428571428571,0
0.0,0.005892255892255893,0.899668841601364,0.006904355812122802,0.3125,0.0,0.8571428571428571,0
0.0,0.0003885003885003885,0.5905767402209908,0.006904355812122802,0.3125,0.0,0.5714285714285714,0
0.0,0.0003885003885003885,0.9312436473326995,0.006904355812122802,0.3125,0.0,0.5714285714285714,0
0.0,0.0003885003885003885,0.0013115184104396866,0.9178037260561531,0.3125,0.0,0.6071428571428571,0
0.03125,0.002072002072002072,0.8594380143611267,0.006904355812122802,0.3125,0.0,0.5714285714285714,0
0.0,0.0003885003885003885,0.6658906849404899,0.006904355812122802,0.3125,0.0,0.5714285714285714,0
0.0,0.02386039886039886,0.8147152365651333,0.006904355812122802,0.3125,0.0,0.8571428571428571,0
0.0,0.0003885003885003885,0.9760975769697368,0.006904355812122802,0.3125,0.0,0.5714285714285714,0
0.0,0.0003885003885003885,0.8898980294435883,0.006904355812122802,0.3125,0.0,0.5714285714285714,0
0.0,0.0003885003885003885,0.9677038591429228,0.006904355812122802,0.3125,0.0,0.5714285714285714,0
0.0,0.01631701631701632,0.9145217875995935,0.006904355812122802,0.3125,0.0,0.8571428571428571,0
0.03125,0.002072002072002072,0.7598281910882324,0.006904355812122802,0.3125,0.0,0.5714285714285714,0
0.0,0.0003885003885003885,0.9077018918653071,0.006904355812122802,0.3125,0.0,0.5714285714285714,0
0.0,0.0003885003885003885,0.5842158759303584,0.0009511939123589609,0.3125,0.0,0.5714285714285714,0
0.0,0.0003885003885003885,0.5511656119872783,0.006904355812122802,0.3125,0.0,0.5714285714285714,0
0.0,0.0003885003885003885,0.78684547034329,0.006904355812122802,0.3125,0.0,0.5714285714285714,0
0.0,0.0003885003885003885,0.6888750450834454,0.006904355812122802,0.3125,0.0,0.5714285714285714,0
0.03125,0.002072002072002072,0.6356273976195941,0.006904355812122802,0.3125,0.0,0.5714285714285714,0
0.0,0.0003885003885003885,0.636020853142726,0.006904355812122802,0.3125,0.0,0.5714285714285714,0
0.0,0.0003885003885003885,0.636053641102987,0.006904355812122802,0.3125,0.0,0.5714285714285714,0
0.0,0.0003885003885003885,0.6590052132856815,0.006904355812122802,0.3125,0.0,0.5714285714285714,0
0.0,0.0003885003885003885,0.7884520803960786,0.006904355812122802,0.3125,0.0,0.5714285714285714,0
0.0,0.0020396270396270395,0.6366766123479458,0.006904355812122802,0.3125,0.0,0.8571428571428571,0
0.0,0.0003885003885003885,0.5879864913603725,0.0009511939123589609,0.3125,0.0,0.5714285714285714,0
0.0,0.0003885003885003885,0.6369717039902948,0.006904355812122802,0.3125,0.0,0.5714285714285714,0
0.0,0.0003885003885003885,0.94150627889439,0.006904355812122802,0.3125,0.0,0.5714285714285714,0
0.0,0.0,0.9384897865503787,0.006904355812122802,0.3125,0.0,0.14285714285714285,0
0.0,0.09414659414659415,0.7492704678841929,0.006904355812122802,0.3125,0.0,0.5714285714285714,0
0.0,0.017126392126392127,0.7882553526345126,0.006904355812122802,0.3125,0.0,0.8571428571428571,0
0.0,0.0003885003885003885,0.8212728286173318,0.006904355812122802,0.3125,0.0,0.5714285714285714,0
0.0,0.0013921263921263922,0.6631364962785665,0.006904355812122802,0.3125,0.0,0.8571428571428571,0
0.0,0.0003885003885003885,0.7192366962851241,0.006904355812122802,0.3125,0.0,0.5714285714285714,0
0.0,0.0003885003885003885,0.598314698842585,0.006904355812122802,0.3125,0.0,0.5714285714285714,0
0.0,0.0003885003885003885,0.7165808715039838,0.006904355812122802,0.3125,0.0,0.5714285714285714,0
0.0,0.001651126651126651,0.6173972917144824,0.006904355812122802,0.3125,0.0,0.8571428571428571,0
0.0,0.0003885003885003885,0.5393291583330602,0.006904355812122802,0.3125,0.0,0.5714285714285714,0
0.0,0.0003885003885003885,0.6058231417423522,0.0009511939123589609,0.3125,0.0,0.5714285714285714,0
0.0,0.0003885003885003885,0.5635922489261943,0.006904355812122802,0.3125,0.0,0.5714285714285714,0
0.0,0.00437062937062937,0.7719269484245386,0.006904355812122802,0.3125,0.0,0.8571428571428571,0
0.0,0.0003885003885003885,0.6449063903734549,0.006904355812122802,0.3125,0.0,0.5714285714285714,0
0.0,0.0003885003885003885,0.6451686940555428,0.006904355812122802,0.3125,0.0,0.5714285714285714,0
0.0,0.0003885003885003885,0.6452998458965868,0.006904355812122802,0.3125,0.0,0.5714285714285714,0
0.0,0.0003885003885003885,0.007262533197809765,0.7314025190238782,0.3125,0.0,0.6071428571428571,0
0.0,0.0003885003885003885,0.9684579822289255,0.006904355812122802,0.3125,0.0,0.5714285714285714,0
0.03125,0.003075628075628076,0.6679235384766714,0.006904355812122802,0.3125,0.0,0.8571428571428571,0
0.0625,0.0025900025900025903,0.8921931866618578,0.006904355812122802,0.3125,0.0,0.5714285714285714,0
0.0,0.0003885003885003885,0.8885537230728877,0.006904355812122802,0.3125,0.0,0.5714285714285714,0
0.0,0.0,0.8921931866618578,0.006904355812122802,0.3125,0.0,0.5714285714285714,0
0.0,0.0003885003885003885,0.8885537230728877,0.006904355812122802,0.3125,0.0,0.5714285714285714,0
0.0,0.0,0.8921931866618578,0.006904355812122802,0.3125,0.0,0.5714285714285714,0
0.0,0.0003885003885003885,0.899668841601364,0.006904355812122802,0.3125,0.0,0.5714285714285714,0
0.0,0.0003885003885003885,0.6239548837666808,0.0009511939123589609,0.3125,0.0,0.5714285714285714,0
0.03125,0.002072002072002072,0.6435292960424932,0.006904355812122802,0.3125,0.0,0.5714285714285714,0
0.0,0.006572131572131573,0.6874979507524838,0.006904355812122802,0.3125,0.0,0.8571428571428571,0
0.0,0.0003885003885003885,0.6508737991409554,0.006904355812122802,0.3125,0.0,0.5714285714285714,0
0.0,0.0,0.8412734843765369,0.006904355812122802,0.3125,0.0,0.5714285714285714,0
0.0,0.0003885003885003885,0.9096035935604446,0.0009511939123589609,0.3125,0.0,0.5714285714285714,0
0.0,0.0,0.7048427817305486,0.006904355812122802,0.3125,0.0,0.5714285714285714,0
0.0,0.0006475006475006476,0.007262533197809765,0.8165179742849645,0.3125,0.0,0.6428571428571428,0
0.0,0.0003885003885003885,0.007262533197809765,0.9480779323012332,0.3125,0.0,0.6071428571428571,0
0.0,0.0003885003885003885,0.556805141152169,0.006904355812122802,0.3125,0.0,0.5714285714285714,0
0.0,0.0003885003885003885,0.774123741762025,0.006904355812122802,0.3125,0.0,0.5714285714285714,0
0.0,0.0006475006475006476,0.007262533197809765,0.795558908422986,0.3125,0.0,0.6428571428571428,0
0.03125,0.0038850038850038854,0.8165513623397489,0.006904355812122802,0.3125,0.0,0.5714285714285714,0
0.0,0.0003885003885003885,0.590380012459425,0.006904355812122802,0.3125,0.0,0.5714285714285714,0
0.0,0.0003885003885003885,0.9365225089347192,0.006904355812122802,0.3125,0.0,0.5714285714285714,0
0.0,0.0006475006475006476,0.8485851995147382,0.0009511939123589609,0.3125,0.0,0.07142857142857142,0
0.0,0.0003885003885003885,0.7512377454998524,0.0009511939123589609,0.3125,0.0,0.5714285714285714,0
0.03125,0.002072002072002072,0.6841863667661235,0.006904355812122802,0.3125,0.0,0.5714285714285714,0
0.0,0.0003885003885003885,0.5657890422636808,0.006904355812122802,0.3125,0.0,0.5714285714285714,0
0.0,0.0003885003885003885,0.565264434899505,0.006904355812122802,0.3125,0.0,0.5714285714285714,0
0.0,0.0003885003885003885,0.7724187678284534,0.006904355812122802,0.3125,0.0,0.5714285714285714,0
0.0,0.0010036260036260037,0.8405193612905342,0.006904355812122802,0.3125,0.0,0.8571428571428571,0
0.0,0.009680134680134681,0.7370077707465819,0.006904355812122802,0.3125,0.0,0.8571428571428571,0
0.0,0.0010036260036260037,0.8340601331191186,0.006904355812122802,0.3125,0.0,0.8571428571428571,0
0.0,0.0013921263921263922,0.5727728777992721,0.006904355812122802,0.3125,0.0,0.8571428571428571,0
0.0,0.0003885003885003885,0.7536312665989049,0.0009511939123589609,0.3125,0.0,0.5714285714285714,0
0.0,0.0003885003885003885,0.9694088330764944,0.006904355812122802,0.3125,0.0,0.5714285714285714,0
0.0,0.0006475006475006476,0.6615954621462999,0.006904355812122802,0.3125,0.0,0.07142857142857142,0
0.0,0.0003885003885003885,0.970523623725368,0.006904355812122802,0.3125,0.0,0.5714285714285714,0
0.0,0.0003885003885003885,0.565264434899505,0.006904355812122802,0.3125,0.0,0.5714285714285714,0
0.0,0.0003885003885003885,0.8756680546903177,0.006904355812122802,0.3125,0.0,0.5714285714285714,0
0.0,0.0036907536907536905,0.7756647758942916,0.006904355812122802,0.3125,0.0,0.8571428571428571,0
0.0,0.0003885003885003885,0.9005213285681498,0.006904355812122802,0.3125,0.0,0.5714285714285714,0
0.0,0.0006475006475006476,0.9181612511885636,0.006904355812122802,0.3125,0.0,0.07142857142857142,0
0.0,0.0003885003885003885,0.8903242729269812,0.006904355812122802,0.3125,0.0,0.5714285714285714,0
0.0,0.0003885003885003885,0.9928194367028428,0.006904355812122802,0.3125,0.0,0.5714285714285714,0
0.0,0.0003885003885003885,0.007262533197809765,0.6305759643138283,0.3125,0.0,0.6071428571428571,0
0.0,0.0003885003885003885,0.6300206564149644,0.006904355812122802,0.3125,0.0,0.5714285714285714,0
0.0,0.0006475006475006476,0.007262533197809765,0.7411440566780372,0.3125,0.0,0.6428571428571428,0
0.0,0.0003885003885003885,0.6597593363716844,0.006904355812122802,0.3125,0.0,0.5714285714285714,0
0.0,0.0003885003885003885,0.6964162759434736,0.006904355812122802,0.3125,0.0,0.5714285714285714,0
0.0,0.0003885003885003885,0.7846486770058035,0.006904355812122802,0.3125,0.0,0.5714285714285714,0
0.0,0.0003885003885003885,0.565264434899505,0.006904355812122802,0.3125,0.0,0.5714285714285714,0
0.0,0.0327959077959078,0.8475031968261255,0.006904355812122802,0.3125,0.0,0.8571428571428571,0
0.0,0.0,0.8405193612905342,0.006904355812122802,0.3125,0.0,0.5714285714285714,0
0.03125,0.033896658896658896,0.8482245319518673,0.006904355812122802,0.3125,0.0,0.8571428571428571,0
0.0,0.0003885003885003885,0.7863208629791141,0.006904355812122802,0.3125,0.0,0.5714285714285714,0
0.0,0.0,0.5881504311616774,0.006904355812122802,0.3125,0.0,0.14285714285714285,0
0.09375,0.00543900543900544,0.7692711236433982,0.006904355812122802,0.3125,0.0,0.5714285714285714,0
0.0,0.0020396270396270395,0.950260664284075,0.006904355812122802,0.3125,0.0,0.8571428571428571,0
0.0,0.0003885003885003885,0.9864257844519493,0.006904355812122802,0.3125,0.0,0.5714285714285714,0
0.0,0.0003885003885003885,0.6449719662939769,0.006904355812122802,0.3125,0.0,0.5714285714285714,0
0.0,0.0006475006475006476,0.007262533197809765,0.7910325373917606,0.3125,0.0,0.6428571428571428,0
0.0,0.000777000777000777,0.98777009082265,0.0009511939123589609,0.3125,0.0,0.5714285714285714,0
0.0,0.0003885003885003885,0.5796583494540805,0.0009511939123589609,0.3125,0.0,0.5714285714285714,0
0.0,0.0003885003885003885,0.5796255614938195,0.0009511939123589609,0.3125,0.0,0.5714285714285714,0
0.0,0.0003885003885003885,0.7337289747204827,0.006904355812122802,0.3125,0.0,0.6071428571428571,0
0.0,0.0003885003885003885,0.7334994589986558,0.006904355812122802,0.3125,0.0,0.5714285714285714,0
0.0,0.015022015022015025,0.6414636545460507,0.006904355812122802,0.3125,0.0,0.8571428571428571,0
0.03125,0.002072002072002072,0.8209777369749828,0.006904355812122802,0.3125,0.0,0.5714285714285714,0
0.0,0.0003885003885003885,0.6414308665857897,0.006904355812122802,0.3125,0.0,0.5714285714285714,0
0.125,0.007770007770007772,0.7131053477163186,0.006904355812122802,0.3125,0.0,0.5714285714285714,0
0.03125,0.002978502978502979,0.6285451982032197,0.006904355812122802,0.3125,0.0,0.5714285714285714,0
0.0,0.014698264698264699,0.6285779861634808,0.006904355812122802,0.3125,0.0,0.8571428571428571,0
0.0,0.0011655011655011655,0.7130725597560577,0.006904355812122802,0.3125,0.0,0.8571428571428571,0
0.0,0.0003885003885003885,0.0013115184104396866,0.5548084492259249,0.3125,0.0,0.6071428571428571,0
0.09375,0.38047138047138046,0.8212072526968097,0.006904355812122802,0.3125,0.0,0.5714285714285714,0
0.0,0.04726754726754727,0.6288730778058297,0.006904355812122802,0.3125,0.0,0.5714285714285714,0
0.21875,0.6684796684796686,0.7135315911997115,0.006904355812122802,0.3125,0.0,0.8571428571428571,0
0.09375,0.38047138047138046,0.6421194137512706,0.006904355812122802,0.3125,0.0,0.5714285714285714,0
0.28125,1.0,0.8587822551559068,0.006904355812122802,0.3125,0.0,0.5714285714285714,0
0.0,0.0003885003885003885,0.5747401554149316,0.006904355812122802,0.3125,0.0,0.5714285714285714,0
0.0,0.0003885003885003885,0.7090396406439555,0.006904355812122802,0.3125,0.0,0.5714285714285714,0
0.0,0.017644392644392645,0.995737565166071,0.006904355812122802,0.3125,0.0,0.8571428571428571,0
0.0625,0.003755503755503756,0.9956064133250271,0.006904355812122802,0.3125,0.0,0.5714285714285714,0
0.0,0.0003885003885003885,0.995868717007115,0.006904355812122802,0.3125,0.0,0.5714285714285714,0
0.03125,0.002072002072002072,0.9956719892455491,0.006904355812122802,0.3125,0.0,0.5714285714285714,0
0.09375,0.006086506086506087,0.995639201285288,0.006904355812122802,0.3125,0.0,0.5714285714285714,0
0.0,0.0,0.9956719892455491,0.006904355812122802,0.3125,0.0,0.14285714285714285,0
0.0,0.011784511784511786,0.8074035214269321,0.006904355812122802,0.3125,0.0,0.8571428571428571,0
0.0,0.0003885003885003885,0.7809108495360504,0.006904355812122802,0.3125,0.0,0.5714285714285714,0
0.0,0.0003885003885003885,0.9004229646873668,0.006904355812122802,0.3125,0.0,0.5714285714285714,0
0.0,0.017126392126392127,0.7516312010229844,0.006904355812122802,0.3125,0.0,0.8571428571428571,0
0.0,0.0043058793058793066,0.8196334306042822,0.006904355812122802,0.3125,0.0,0.8571428571428571,0
0.0,0.0003885003885003885,0.6966130037050395,0.006904355812122802,0.3125,0.0,0.5714285714285714,0
0.0,0.0006475006475006476,0.007262533197809765,0.5866242456048281,0.3125,0.0,0.6428571428571428,0
0.0,0.0003885003885003885,0.7284173251582019,0.006904355812122802,0.3125,0.0,0.5714285714285714,0
0.0,0.0003885003885003885,0.7315321813829961,0.006904355812122802,0.3125,0.0,0.5714285714285714,0
0.0,0.0003885003885003885,0.6090691498081905,0.006904355812122802,0.3125,0.0,0.5714285714285714,0
0.0,0.0003885003885003885,0.8021574477851733,0.006904355812122802,0.3125,0.0,0.5714285714285714,0
0.0,0.0003885003885003885,0.6793009606872357,0.006904355812122802,0.3125,0.0,0.5714285714285714,0
0.0,0.0003885003885003885,0.6807764188989803,0.006904355812122802,0.3125,0.0,0.5714285714285714,0
0.0,0.0003885003885003885,0.7174989343912915,0.006904355812122802,0.3125,0.0,0.5714285714285714,0
0.0,0.0003885003885003885,0.8763566018557986,0.006904355812122802,0.3125,0.0,0.5714285714285714,0
0.0,0.0006475006475006476,0.8377651726286108,0.0009511939123589609,0.3125,0.0,0.07142857142857142,0
0.0,0.0003885003885003885,0.7174989343912915,0.006904355812122802,0.3125,0.0,0.5714285714285714,0
0.0,0.0,0.7087773369618676,0.006904355812122802,0.3125,0.0,0.5714285714285714,0
0.0,0.0003885003885003885,0.6493983409292108,0.006904355812122802,0.3125,0.0,0.5714285714285714,0
0.0,0.0003885003885003885,0.5581822354831306,0.006904355812122802,0.3125,0.0,0.5714285714285714,0
0.0,0.0003885003885003885,0.912226630381324,0.006904355812122802,0.3125,0.0,0.5714285714285714,0
0.0,0.001651126651126651,0.9805239516049707,0.006904355812122802,0.3125,0.0,0.8571428571428571,0
0.0,0.004662004662004662,0.7370733466671039,0.006904355812122802,0.3125,0.0,0.8571428571428571,0
0.0,0.0003885003885003885,0.7347126135283124,0.006904355812122802,0.3125,0.0,0.5714285714285714,0
0.0,0.017126392126392127,0.8523558149447523,0.006904355812122802,0.3125,0.0,0.8571428571428571,0
0.0,0.0003885003885003885,0.5581822354831306,0.006904355812122802,0.3125,0.0,0.5714285714285714,0
0.0,0.0041116291116291125,0.6092003016492344,0.006904355812122802,0.3125,0.0,0.8571428571428571,0
0.03125,0.002072002072002072,0.7499590150496738,0.006904355812122802,0.3125,0.0,0.5714285714285714,0
0.0,0.0003885003885003885,0.7814354569002263,0.006904355812122802,0.3125,0.0,0.5714285714285714,0
0.0,0.0003885003885003885,0.9895078527164826,0.006904355812122802,0.3125,0.0,0.5714285714285714,0
0.0,0.0,0.7805173940129185,0.006904355812122802,0.3125,0.0,0.5714285714285714,0
0.0,0.0003885003885003885,0.933210924948359,0.006904355812122802,0.3125,0.0,0.5714285714285714,0
0.0,0.0003885003885003885,0.9534738843896522,0.0009511939123589609,0.3125,0.0,0.5714285714285714,0
0.0,0.017126392126392127,0.7392701400045903,0.006904355812122802,0.3125,0.0,0.8571428571428571,0
0.0,0.0003885003885003885,0.7420899045870357,0.006904355812122802,0.3125,0.0,0.5714285714285714,0
0.0,0.0003885003885003885,0.9356700219679334,0.006904355812122802,0.3125,0.0,0.5714285714285714,0
0.0,0.0003885003885003885,0.6448080264926719,0.006904355812122802,0.3125,0.0,0.5714285714285714,0
0.0,0.0003885003885003885,0.007262533197809765,0.9998688008396746,0.3125,0.0,0.6428571428571428,0
0.0625,0.007252007252007253,0.7748778648480278,0.006904355812122802,0.3125,0.0,0.8571428571428571,0
0.0,0.0006475006475006476,0.6054952621397424,0.006904355812122802,0.3125,0.0,0.07142857142857142,0
0.0,0.0003885003885003885,0.5977573035181482,0.006904355812122802,0.3125,0.0,0.5714285714285714,0
0.0,0.0003885003885003885,0.7320240007869111,0.006904355812122802,0.3125,0.0,0.5714285714285714,0
0.0,0.0003885003885003885,0.5697563854552609,0.006904355812122802,0.3125,0.0,0.5714285714285714,0
0.0,0.0003885003885003885,0.8216334961802026,0.006904355812122802,0.3125,0.0,0.5714285714285714,0
0.0,0.0003885003885003885,0.8125184432276469,0.006904355812122802,0.3125,0.0,0.5714285714285714,0
0.0,0.0003885003885003885,0.7902554182104331,0.006904355812122802,0.3125,0.0,0.5714285714285714,0
0.0,0.0015216265216265218,0.7748778648480278,0.006904355812122802,0.3125,0.0,0.8571428571428571,0
0.0,0.0010036260036260037,0.9762287288107807,0.006904355812122802,0.3125,0.0,0.8571428571428571,0
0.0,0.0,0.007262533197809765,0.9849448963526632,0.3125,0.41666666666666663,0.14285714285714285,0
0.0,0.0003885003885003885,0.9274730319026854,0.006904355812122802,0.3125,0.0,0.5714285714285714,0
0.0,0.0003885003885003885,0.9274402439424244,0.006904355812122802,0.3125,0.0,0.5714285714285714,0
0.0,0.0,0.7208105183776518,0.006904355812122802,0.3125,0.0,0.14285714285714285,0
0.0,0.0006475006475006476,0.8315354601790222,0.006904355812122802,0.3125,0.0,0.07142857142857142,0
0.0,0.0003885003885003885,0.86219220302305,0.006904355812122802,0.3125,0.0,0.5714285714285714,0
0.0,0.0003885003885003885,0.899668841601364,0.006904355812122802,0.3125,0.0,0.5714285714285714,0
0.0,0.0003885003885003885,0.9300304928030427,0.006904355812122802,0.3125,0.0,0.5714285714285714,0
0.0,0.0003885003885003885,0.007262533197809765,0.9302676462870637,0.3125,0.0,0.6071428571428571,0
0.0,0.0003885003885003885,0.9302272205646087,0.006904355812122802,0.3125,0.0,0.5714285714285714,0
0.0,0.0003885003885003885,0.9175710679038658,0.006904355812122802,0.3125,0.0,0.5714285714285714,0
0.0,0.017126392126392127,0.7719597363847995,0.006904355812122802,0.3125,0.0,0.8571428571428571,0
0.0,0.06245143745143745,0.9298665530017378,0.006904355812122802,0.3125,0.0,0.8571428571428571,0
0.0,0.0003885003885003885,0.7565821830223942,0.006904355812122802,0.3125,0.0,0.5714285714285714,0
0.0,0.0003885003885003885,0.874487688120922,0.006904355812122802,0.3125,0.0,0.5714285714285714,0
0.0,0.0003885003885003885,0.5625102462375816,0.006904355812122802,0.3125,0.0,0.5714285714285714,0
0.0,0.0003885003885003885,0.749139316043149,0.006904355812122802,0.3125,0.0,0.5714285714285714,0
0.0,0.012723387723387724,0.8173382733860127,0.0009511939123589609,0.3125,0.0,0.8571428571428571,0
0.0,0.0003885003885003885,0.8320600675431982,0.006904355812122802,0.3125,0.0,0.5714285714285714,0
0.0,0.0003885003885003885,0.544148988491426,0.006904355812122802,0.3125,0.0,0.5714285714285714,0
0.03125,0.007575757575757576,0.8762254500147546,0.006904355812122802,0.3125,0.0,0.8571428571428571,0
0.0,0.006442631442631443,0.9385225745106397,0.006904355812122802,0.3125,0.0,0.8571428571428571,0
0.0,0.0003885003885003885,0.8481917439916064,0.006904355812122802,0.3125,0.0,0.5714285714285714,0
0.0,0.0003885003885003885,0.8860946260533132,0.006904355812122802,0.3125,0.0,0.5714285714285714,0
0.0,0.0003885003885003885,0.6975638545526083,0.006904355812122802,0.3125,0.0,0.5714285714285714,0
0.0,0.012593887593887595,0.6522836814321781,0.006904355812122802,0.3125,0.0,0.8571428571428571,0
0.0,0.0003885003885003885,0.7350077051706614,0.006904355812122802,0.3125,0.0,0.5714285714285714,0
0.0,0.0003885003885003885,0.6747434342109577,0.0009511939123589609,0.3125,0.0,0.5714285714285714,0
0.0,0.0003885003885003885,0.7923866356273976,0.006904355812122802,0.3125,0.0,0.5714285714285714,0
0.0,0.0003885003885003885,0.5936260205252631,0.006904355812122802,0.3125,0.0,0.5714285714285714,0
0.0,0.0003885003885003885,0.8460277386143809,0.006904355812122802,0.3125,0.0,0.5714285714285714,0
0.0,0.0003885003885003885,0.8302567297288436,0.006904355812122802,0.3125,0.0,0.5714285714285714,0
0.0,0.0003885003885003885,0.8587166792353847,0.006904355812122802,0.3125,0.0,0.5714285714285714,0
0.0,0.0003885003885003885,0.9006524804091938,0.006904355812122802,0.3125,0.0,0.5714285714285714,0
0.0,0.01320901320901321,0.9298665530017378,0.006904355812122802,0.3125,0.0,0.8571428571428571,0
0.0,0.0003885003885003885,0.7506147742548936,0.006904355812122802,0.3125,0.0,0.5714285714285714,0
0.0,0.001651126651126651,0.8380602642709597,0.006904355812122802,0.3125,0.0,0.8571428571428571,0
0.0,0.0003885003885003885,0.5866093970294108,0.006904355812122802,0.3125,0.0,0.5714285714285714,0
0.0,0.001651126651126651,0.9745237548772091,0.006904355812122802,0.3125,0.0,0.8571428571428571,0
0.0625,0.003755503755503756,0.6835306075609037,0.006904355812122802,0.3125,0.0,0.5714285714285714,0
0.09375,0.00543900543900544,0.966392340732483,0.006904355812122802,0.3125,0.0,0.5714285714285714,0
0.0,0.0013921263921263922,0.7728122233515853,0.006904355812122802,0.3125,0.0,0.8571428571428571,0
0.0,0.0024605024605024606,0.7074986065116889,0.006904355812122802,0.3125,0.0,0.8571428571428571,0
0.0,0.0003885003885003885,0.007262533197809765,0.5651403831015481,0.3125,0.0,0.6071428571428571,0
0.0,0.0003885003885003885,0.9504901800059019,0.006904355812122802,0.3125,0.0,0.5714285714285714,0
0.0,0.0003885003885003885,0.9298665530017378,0.006904355812122802,0.3125,0.0,0.5714285714285714,0
0.0,0.0,0.6294632610905275,0.006904355812122802,0.3125,0.0,0.5714285714285714,0
0.0,0.0047915047915047925,0.6835306075609037,0.006904355812122802,0.3125,0.0,0.8571428571428571,0
0.0,0.0006475006475006476,0.5576904160792158,0.006904355812122802,0.3125,0.0,0.07142857142857142,0
0.0,0.0003885003885003885,0.6922849929505885,0.0009511939123589609,0.3125,0.0,0.5714285714285714,0
0.0,0.0,0.9643922751565626,0.006904355812122802,0.3125,0.0,0.5714285714285714,0
0.03125,0.002072002072002072,0.6835306075609037,0.006904355812122802,0.3125,0.0,0.5714285714285714,0
0.0,0.004208754208754209,0.9298665530017378,0.006904355812122802,0.3125,0.0,0.8571428571428571,0
0.0,0.0012950012950012951,0.0,0.02064746785620572,0.0,1.0,0.0,0
0.0,0.0003885003885003885,0.757270730187875,0.006904355812122802,0.3125,0.0,0.6071428571428571,0
0.0,0.0003885003885003885,0.6835306075609037,0.006904355812122802,0.3125,0.0,0.5714285714285714,0
0.0,0.0006475006475006476,0.5672645004754254,0.006904355812122802,0.3125,0.0,0.07142857142857142,0
0.0,0.0003885003885003885,0.007262533197809765,0.6531094200997113,0.3125,0.0,0.6071428571428571,0
0.0,0.0012950012950012951,0.0,0.02064746785620572,0.0,1.0,0.0,0
0.0,0.0003885003885003885,0.7706810059346209,0.006904355812122802,0.3125,0.0,0.6071428571428571,0
0.0,0.06759906759906761,0.9645562149578675,0.006904355812122802,0.3125,0.0,0.8571428571428571,0
0.0,0.0003885003885003885,0.706973999147513,0.006904355812122802,0.3125,0.0,0.5714285714285714,0
0.0,0.09414659414659415,0.9645562149578675,0.006904355812122802,0.3125,0.0,0.5714285714285714,0
0.0,0.0003885003885003885,0.7899931145283452,0.006904355812122802,0.3125,0.0,0.5714285714285714,0
0.0625,0.003755503755503756,0.5926751696776944,0.006904355812122802,0.3125,0.0,0.5714285714285714,0
0.0,0.0003885003885003885,0.9161283976523821,0.006904355812122802,0.3125,0.0,0.5714285714285714,0
0.0,0.0003885003885003885,0.9645562149578675,0.006904355812122802,0.3125,0.0,0.5714285714285714,0
0.0,0.022112147112147113,0.9645562149578675,0.006904355812122802,0.3125,0.0,0.8571428571428571,0
0.0,0.0003885003885003885,0.7486802845994951,0.006904355812122802,0.3125,0.0,0.5714285714285714,0
0.0,0.0003885003885003885,0.7487458605200171,0.006904355812122802,0.3125,0.0,0.5714285714285714,0
0.0,0.0003885003885003885,0.6117577625495918,0.006904355812122802,0.3125,0.0,0.5714285714285714,0
0.0,0.012691012691012693,0.7053346011344634,0.0009511939123589609,0.3125,0.0,0.8571428571428571,0
0.0,0.008903133903133903,0.6125118856355947,0.006904355812122802,0.3125,0.0,0.8571428571428571,0
0.0,0.0016187516187516188,0.6992688284861799,0.006904355812122802,0.3125,0.0,0.8571428571428571,0
0.0,0.0006475006475006476,0.7920587560247877,0.006904355812122802,0.3125,0.0,0.07142857142857142,0
0.0,0.0011655011655011655,0.7921571199055707,0.006904355812122802,0.3125,0.0,0.8571428571428571,0
0.0,0.0003885003885003885,0.7340896422833536,0.006904355812122802,0.3125,0.0,0.5714285714285714,0
0.0,0.0003885003885003885,0.7336961867602216,0.006904355812122802,0.3125,0.0,0.5714285714285714,0
0.0,0.0006475006475006476,0.0013115184104396866,0.628542377328785,0.3125,0.0,0.6428571428571428,0
0.0,0.0003885003885003885,0.7830748549132759,0.006904355812122802,0.3125,0.0,0.5714285714285714,0
0.03125,0.002072002072002072,0.744975245090003,0.006904355812122802,0.3125,0.0,0.5714285714285714,0
0.0,0.0003885003885003885,0.8550444276861536,0.006904355812122802,0.3125,0.0,0.5714285714285714,0
0.0,0.000777000777000777,0.606839568510443,0.006904355812122802,0.3125,0.0,0.5714285714285714,0
0.03125,0.002072002072002072,0.607003508311748,0.006904355812122802,0.3125,0.0,0.5714285714285714,0
0.0,0.0003885003885003885,0.606872356470704,0.006904355812122802,0.3125,0.0,0.5714285714285714,0
0.0,0.0003885003885003885,0.606937932391226,0.006904355812122802,0.3125,0.0,0.5714285714285714,0
0.0,0.0003885003885003885,0.6069707203514869,0.006904355812122802,0.3125,0.0,0.5714285714285714,0
0.0,0.0003885003885003885,0.727958293714548,0.0009511939123589609,0.3125,0.0,0.5714285714285714,0
0.0,0.0058598808598808606,0.7230400996753992,0.006904355812122802,0.3125,0.0,0.8571428571428571,0
0.0,0.0003885003885003885,0.007262533197809765,0.6531094200997113,0.3125,0.0,0.6071428571428571,0
0.0,0.036616161616161616,0.9870487556969081,0.006904355812122802,0.3125,0.0,0.8571428571428571,0
0.0,0.017482517482517484,0.849536050362307,0.006904355812122802,0.3125,0.0,0.8571428571428571,0
0.0,0.0013921263921263922,0.9866553001737762,0.006904355812122802,0.3125,0.0,0.8571428571428571,0
0.0,0.03422040922040922,0.606839568510443,0.006904355812122802,0.3125,0.0,0.8571428571428571,0
0.0,0.0003885003885003885,0.744975245090003,0.006904355812122802,0.3125,0.0,0.6071428571428571,0
0.0,0.0012950012950012951,0.0,0.02064746785620572,0.0,1.0,0.0,0
0.0,0.0003885003885003885,0.6540542312862717,0.006904355812122802,0.3125,0.0,0.5714285714285714,0
0.03125,0.002072002072002072,0.7884192924358175,0.006904355812122802,0.3125,0.0,0.5714285714285714,0
0.0,0.0003885003885003885,0.6557592052198433,0.006904355812122802,0.3125,0.0,0.5714285714285714,0
0.0,0.0003885003885003885,0.9326535296239221,0.006904355812122802,0.3125,0.0,0.5714285714285714,0
0.0,0.0003885003885003885,0.6217908783894555,0.006904355812122802,0.3125,0.0,0.5714285714285714,0
0.0,0.0003885003885003885,0.9327846814649661,0.006904355812122802,0.3125,0.0,0.5714285714285714,0
0.0,0.0003885003885003885,0.6272336797927801,0.006904355812122802,0.3125,0.0,0.5714285714285714,0
0.0,0.0003885003885003885,0.7746811370864619,0.006904355812122802,0.3125,0.0,0.5714285714285714,0
0.0,0.0003885003885003885,0.6873995868717008,0.006904355812122802,0.3125,0.0,0.5714285714285714,0
0.0,0.0003885003885003885,0.9544247352372209,0.006904355812122802,0.3125,0.0,0.5714285714285714,0
0.0,0.0003885003885003885,0.602380405914948,0.006904355812122802,0.3125,0.0,0.5714285714285714,0
0.0,0.008482258482258483,0.9007836322502377,0.006904355812122802,0.3125,0.0,0.8571428571428571,0
0.0,0.0003885003885003885,0.9252434506049378,0.006904355812122802,0.3125,0.0,0.5714285714285714,0
0.0,0.0003885003885003885,0.8313715203777173,0.006904355812122802,0.3125,0.0,0.5714285714285714,0
0.0,0.0003885003885003885,0.8548804878848487,0.006904355812122802,0.3125,0.0,0.5714285714285714,0
0.0,0.0003885003885003885,0.7966490704613266,0.006904355812122802,0.3125,0.0,0.5714285714285714,0
0.0,0.005892255892255893,0.9218007147775337,0.006904355812122802,0.3125,0.0,0.8571428571428571,0
0.0,0.0003885003885003885,0.6343158792091544,0.006904355812122802,0.3125,0.0,0.5714285714285714,0
0.0,0.0003885003885003885,0.636020853142726,0.006904355812122802,0.3125,0.0,0.5714285714285714,0
0.0,0.0003885003885003885,0.8148791763664383,0.006904355812122802,0.3125,0.0,0.5714285714285714,0
0.0,0.0010360010360010359,0.8313715203777173,0.006904355812122802,0.3125,0.0,0.5714285714285714,0
0.0,0.0003885003885003885,0.8740942325977902,0.0009511939123589609,0.3125,0.0,0.5714285714285714,0
0.0,0.0006475006475006476,0.007262533197809765,0.5882314353188139,0.3125,0.0,0.6428571428571428,0
0.0,0.0,0.9007836322502377,0.006904355812122802,0.3125,0.0,0.5714285714285714,0
0.25,0.014633514633514633,0.6452670579363258,0.006904355812122802,0.3125,0.0,0.5714285714285714,0
0.0,0.0012302512302512303,0.7157939604577199,0.006904355812122802,0.3125,0.0,0.8571428571428571,0
0.0,0.0003885003885003885,0.8608806846126102,0.006904355812122802,0.3125,0.0,0.5714285714285714,0
0.0,0.0006475006475006476,0.007262533197809765,0.6556022041458934,0.3125,0.0,0.6428571428571428,0
0.125,0.005180005180005181,0.6114954588675039,0.006904355812122802,0.3125,0.0,0.5714285714285714,0
0.0,0.0003885003885003885,0.9717695662152858,0.006904355812122802,0.3125,0.0,0.5714285714285714,0
0.0625,0.003755503755503756,0.8637988130758386,0.006904355812122802,0.3125,0.0,0.5714285714285714,0
0.0625,0.006021756021756022,0.8054690317715335,0.006904355812122802,0.3125,0.0,0.8571428571428571,0
0.0,0.0003885003885003885,0.8594380143611267,0.006904355812122802,0.3125,0.0,0.5714285714285714,0
0.0,0.0003885003885003885,0.6733335519197351,0.006904355812122802,0.3125,0.0,0.5714285714285714,0
0.0,0.0003885003885003885,0.9035050329519001,0.006904355812122802,0.3125,0.0,0.5714285714285714,0
